INSERT INTO Format (format_name) VALUES ("Vinyl");
INSERT INTO Format (format_name) VALUES ("CD");
INSERT INTO Genre (genre_name,subgenre_name) VALUES ("Rock","Alternative Rock");
INSERT INTO Artist (artist_name,genre_id,description) VALUES ("Jack White",1,"");
INSERT INTO AlbumArt(path) VALUES ("/var/www/album_art/jack_white_entering_heaven_alive.jpg");
INSERT INTO Song (song_name,artist_id,duration) VALUES ("A Tip from You to Me",1,"00:02:42");
INSERT INTO AlbumSong (album_id,song_id,format_id) VALUES(1,1,1);
INSERT INTO AlbumSong (album_id,song_id,format_id) VALUES(1,1,2);
INSERT INTO Song (song_name,artist_id,duration) VALUES ("All Along the Way",1,"00:03:52");
INSERT INTO AlbumSong (album_id,song_id,format_id) VALUES(1,2,1);
INSERT INTO AlbumSong (album_id,song_id,format_id) VALUES(1,2,2);
INSERT INTO Song (song_name,artist_id,duration) VALUES ("Help Me Along",1,"00:04:46");
INSERT INTO AlbumSong (album_id,song_id,format_id) VALUES(1,3,1);
INSERT INTO AlbumSong (album_id,song_id,format_id) VALUES(1,3,2);
INSERT INTO Song (song_name,artist_id,duration) VALUES ("Love is Selfish",1,"00:02:52");
INSERT INTO AlbumSong (album_id,song_id,format_id) VALUES(1,4,1);
INSERT INTO AlbumSong (album_id,song_id,format_id) VALUES(1,4,2);
INSERT INTO Song (song_name,artist_id,duration) VALUES ("I've Got You Surrounded (With My Love)",1,"00:04:24");
INSERT INTO AlbumSong (album_id,song_id,format_id) VALUES(1,5,1);
INSERT INTO AlbumSong (album_id,song_id,format_id) VALUES(1,5,2);
INSERT INTO Song (song_name,artist_id,duration) VALUES ("Queen of the Bees",1,"00:02:30");
INSERT INTO AlbumSong (album_id,song_id,format_id) VALUES(1,6,1);
INSERT INTO AlbumSong (album_id,song_id,format_id) VALUES(1,6,2);
INSERT INTO Song (song_name,artist_id,duration) VALUES ("A Tree on Fire from Within",1,"00:02:59");
INSERT INTO AlbumSong (album_id,song_id,format_id) VALUES(1,7,1);
INSERT INTO AlbumSong (album_id,song_id,format_id) VALUES(1,7,2);
INSERT INTO Song (song_name,artist_id,duration) VALUES ("If I Die Tomorrow",1,"00:02:59");
INSERT INTO AlbumSong (album_id,song_id,format_id) VALUES(1,8,1);
INSERT INTO AlbumSong (album_id,song_id,format_id) VALUES(1,8,2);
INSERT INTO Song (song_name,artist_id,duration) VALUES ("Please God, Don't Tell Anyone",1,"00:04:00");
INSERT INTO AlbumSong (album_id,song_id,format_id) VALUES(1,9,1);
INSERT INTO AlbumSong (album_id,song_id,format_id) VALUES(1,9,2);
INSERT INTO Song (song_name,artist_id,duration) VALUES ("A Madman from Manhattan",1,"00:04:26");
INSERT INTO AlbumSong (album_id,song_id,format_id) VALUES(1,10,1);
INSERT INTO AlbumSong (album_id,song_id,format_id) VALUES(1,10,2);
INSERT INTO Song (song_name,artist_id,duration) VALUES ("Taking Me Back (Gently)",1,"00:04:35");
INSERT INTO AlbumSong (album_id,song_id,format_id) VALUES(1,11,1);
INSERT INTO AlbumSong (album_id,song_id,format_id) VALUES(1,11,2);
INSERT INTO Album(album_id,album_name,artist_id,art_id,release_date) VALUES (1,"Entering Heaven Alive",1,1,"2022-07-22");
INSERT INTO AlbumArt(path) VALUES ("/var/www/album_art/jack_white_fear_of_the_dawn.jpg");
INSERT INTO Song (song_name,artist_id,duration) VALUES ("Taking Me Back",1,"00:03:59");
INSERT INTO AlbumSong (album_id,song_id,format_id) VALUES(2,12,1);
INSERT INTO AlbumSong (album_id,song_id,format_id) VALUES(2,12,2);
INSERT INTO Song (song_name,artist_id,duration) VALUES ("Fear Of The Dawn",1,"00:02:02");
INSERT INTO AlbumSong (album_id,song_id,format_id) VALUES(2,13,1);
INSERT INTO AlbumSong (album_id,song_id,format_id) VALUES(2,13,2);
INSERT INTO Song (song_name,artist_id,duration) VALUES ("The White Raven",1,"00:02:43");
INSERT INTO AlbumSong (album_id,song_id,format_id) VALUES(2,14,1);
INSERT INTO AlbumSong (album_id,song_id,format_id) VALUES(2,14,2);
INSERT INTO Song (song_name,artist_id,duration) VALUES ("Hi-De-Ho",1,"00:03:56");
INSERT INTO AlbumSong (album_id,song_id,format_id) VALUES(2,15,1);
INSERT INTO AlbumSong (album_id,song_id,format_id) VALUES(2,15,2);
INSERT INTO Song (song_name,artist_id,duration) VALUES ("Eosophobia",1,"00:03:41");
INSERT INTO AlbumSong (album_id,song_id,format_id) VALUES(2,16,1);
INSERT INTO AlbumSong (album_id,song_id,format_id) VALUES(2,16,2);
INSERT INTO Song (song_name,artist_id,duration) VALUES ("Into the Twilight",1,"00:04:41");
INSERT INTO AlbumSong (album_id,song_id,format_id) VALUES(2,17,1);
INSERT INTO AlbumSong (album_id,song_id,format_id) VALUES(2,17,2);
INSERT INTO Song (song_name,artist_id,duration) VALUES ("Dusk",1,"00:00:30");
INSERT INTO AlbumSong (album_id,song_id,format_id) VALUES(2,18,1);
INSERT INTO AlbumSong (album_id,song_id,format_id) VALUES(2,18,2);
INSERT INTO Song (song_name,artist_id,duration) VALUES ("What's the Trick?",1,"00:03:34");
INSERT INTO AlbumSong (album_id,song_id,format_id) VALUES(2,19,1);
INSERT INTO AlbumSong (album_id,song_id,format_id) VALUES(2,19,2);
INSERT INTO Song (song_name,artist_id,duration) VALUES ("That Was Then, This is Now",1,"00:03:10");
INSERT INTO AlbumSong (album_id,song_id,format_id) VALUES(2,20,1);
INSERT INTO AlbumSong (album_id,song_id,format_id) VALUES(2,20,2);
INSERT INTO Song (song_name,artist_id,duration) VALUES ("Eosophobia - Reprise",1,"00:03:12");
INSERT INTO AlbumSong (album_id,song_id,format_id) VALUES(2,21,1);
INSERT INTO AlbumSong (album_id,song_id,format_id) VALUES(2,21,2);
INSERT INTO Song (song_name,artist_id,duration) VALUES ("Morning, Noon and Night",1,"00:04:45");
INSERT INTO AlbumSong (album_id,song_id,format_id) VALUES(2,22,1);
INSERT INTO AlbumSong (album_id,song_id,format_id) VALUES(2,22,2);
INSERT INTO Song (song_name,artist_id,duration) VALUES ("Shedding My Velvet",1,"00:03:41");
INSERT INTO AlbumSong (album_id,song_id,format_id) VALUES(2,23,1);
INSERT INTO AlbumSong (album_id,song_id,format_id) VALUES(2,23,2);
INSERT INTO Album(album_id,album_name,artist_id,art_id,release_date) VALUES (2,"Fear Of The Dawn",1,2,"2022-04-08");
INSERT INTO AlbumArt(path) VALUES ("/var/www/album_art/jack_white_boarding_house_reach.jpg");
INSERT INTO Song (song_name,artist_id,duration) VALUES ("Connected By Love",1,"00:04:37");
INSERT INTO AlbumSong (album_id,song_id,format_id) VALUES(3,24,1);
INSERT INTO AlbumSong (album_id,song_id,format_id) VALUES(3,24,2);
INSERT INTO Song (song_name,artist_id,duration) VALUES ("Why Walk a Dog?",1,"00:02:29");
INSERT INTO AlbumSong (album_id,song_id,format_id) VALUES(3,25,1);
INSERT INTO AlbumSong (album_id,song_id,format_id) VALUES(3,25,2);
INSERT INTO Song (song_name,artist_id,duration) VALUES ("Corporation",1,"00:05:39");
INSERT INTO AlbumSong (album_id,song_id,format_id) VALUES(3,26,1);
INSERT INTO AlbumSong (album_id,song_id,format_id) VALUES(3,26,2);
INSERT INTO Song (song_name,artist_id,duration) VALUES ("Abulia and Akrasia",1,"00:01:28");
INSERT INTO AlbumSong (album_id,song_id,format_id) VALUES(3,27,1);
INSERT INTO AlbumSong (album_id,song_id,format_id) VALUES(3,27,2);
INSERT INTO Song (song_name,artist_id,duration) VALUES ("Hypermisophoniac",1,"00:03:34");
INSERT INTO AlbumSong (album_id,song_id,format_id) VALUES(3,28,1);
INSERT INTO AlbumSong (album_id,song_id,format_id) VALUES(3,28,2);
INSERT INTO Song (song_name,artist_id,duration) VALUES ("Ice Station Zebra",1,"00:03:59");
INSERT INTO AlbumSong (album_id,song_id,format_id) VALUES(3,29,1);
INSERT INTO AlbumSong (album_id,song_id,format_id) VALUES(3,29,2);
INSERT INTO Song (song_name,artist_id,duration) VALUES ("Over and Over and Over",1,"00:03:36");
INSERT INTO AlbumSong (album_id,song_id,format_id) VALUES(3,30,1);
INSERT INTO AlbumSong (album_id,song_id,format_id) VALUES(3,30,2);
INSERT INTO Song (song_name,artist_id,duration) VALUES ("Everything You've Ever Learned",1,"00:02:13");
INSERT INTO AlbumSong (album_id,song_id,format_id) VALUES(3,31,1);
INSERT INTO AlbumSong (album_id,song_id,format_id) VALUES(3,31,2);
INSERT INTO Song (song_name,artist_id,duration) VALUES ("Respect Commander",1,"00:04:33");
INSERT INTO AlbumSong (album_id,song_id,format_id) VALUES(3,32,1);
INSERT INTO AlbumSong (album_id,song_id,format_id) VALUES(3,32,2);
INSERT INTO Song (song_name,artist_id,duration) VALUES ("Ezmerelda Steals the Show",1,"00:01:42");
INSERT INTO AlbumSong (album_id,song_id,format_id) VALUES(3,33,1);
INSERT INTO AlbumSong (album_id,song_id,format_id) VALUES(3,33,2);
INSERT INTO Song (song_name,artist_id,duration) VALUES ("Get In the Mind Shaft",1,"00:04:13");
INSERT INTO AlbumSong (album_id,song_id,format_id) VALUES(3,34,1);
INSERT INTO AlbumSong (album_id,song_id,format_id) VALUES(3,34,2);
INSERT INTO Song (song_name,artist_id,duration) VALUES ("What's Done is Done",1,"00:02:54");
INSERT INTO AlbumSong (album_id,song_id,format_id) VALUES(3,35,1);
INSERT INTO AlbumSong (album_id,song_id,format_id) VALUES(3,35,2);
INSERT INTO Song (song_name,artist_id,duration) VALUES ("Humoresque",1,"00:03:10");
INSERT INTO AlbumSong (album_id,song_id,format_id) VALUES(3,36,1);
INSERT INTO AlbumSong (album_id,song_id,format_id) VALUES(3,36,2);
INSERT INTO Album(album_id,album_name,artist_id,art_id,release_date) VALUES (3,"Boarding House Reach",1,3,"2018-03-23");
INSERT INTO AlbumArt(path) VALUES ("/var/www/album_art/jack_white_jack_white_acoustic_recordings_1998_-_2016.jpg");
INSERT INTO Song (song_name,artist_id,duration) VALUES ("Sugar Never Tasted So Good",1,"00:02:55");
INSERT INTO AlbumSong (album_id,song_id,format_id) VALUES(4,37,1);
INSERT INTO AlbumSong (album_id,song_id,format_id) VALUES(4,37,2);
INSERT INTO Song (song_name,artist_id,duration) VALUES ("Apple Blossom - Remixed",1,"00:02:13");
INSERT INTO AlbumSong (album_id,song_id,format_id) VALUES(4,38,1);
INSERT INTO AlbumSong (album_id,song_id,format_id) VALUES(4,38,2);
INSERT INTO Song (song_name,artist_id,duration) VALUES ("I'm Bound to Pack It Up - Remixed",1,"00:03:08");
INSERT INTO AlbumSong (album_id,song_id,format_id) VALUES(4,39,1);
INSERT INTO AlbumSong (album_id,song_id,format_id) VALUES(4,39,2);
INSERT INTO Song (song_name,artist_id,duration) VALUES ("Hotel Yorba",1,"00:02:10");
INSERT INTO AlbumSong (album_id,song_id,format_id) VALUES(4,40,1);
INSERT INTO AlbumSong (album_id,song_id,format_id) VALUES(4,40,2);
INSERT INTO Song (song_name,artist_id,duration) VALUES ("We're Going To Be Friends",1,"00:02:21");
INSERT INTO AlbumSong (album_id,song_id,format_id) VALUES(4,41,1);
INSERT INTO AlbumSong (album_id,song_id,format_id) VALUES(4,41,2);
INSERT INTO Song (song_name,artist_id,duration) VALUES ("You've Got Her In Your Pocket",1,"00:03:39");
INSERT INTO AlbumSong (album_id,song_id,format_id) VALUES(4,42,1);
INSERT INTO AlbumSong (album_id,song_id,format_id) VALUES(4,42,2);
INSERT INTO Song (song_name,artist_id,duration) VALUES ("Well It's True That We Love One Another",1,"00:02:39");
INSERT INTO AlbumSong (album_id,song_id,format_id) VALUES(4,43,1);
INSERT INTO AlbumSong (album_id,song_id,format_id) VALUES(4,43,2);
INSERT INTO Song (song_name,artist_id,duration) VALUES ("Never Far Away",1,"00:03:38");
INSERT INTO AlbumSong (album_id,song_id,format_id) VALUES(4,44,1);
INSERT INTO AlbumSong (album_id,song_id,format_id) VALUES(4,44,2);
INSERT INTO Song (song_name,artist_id,duration) VALUES ("Forever For Her (Is Over For Me)",1,"00:03:16");
INSERT INTO AlbumSong (album_id,song_id,format_id) VALUES(4,45,1);
INSERT INTO AlbumSong (album_id,song_id,format_id) VALUES(4,45,2);
INSERT INTO Song (song_name,artist_id,duration) VALUES ("White Moon",1,"00:04:01");
INSERT INTO AlbumSong (album_id,song_id,format_id) VALUES(4,46,1);
INSERT INTO AlbumSong (album_id,song_id,format_id) VALUES(4,46,2);
INSERT INTO Song (song_name,artist_id,duration) VALUES ("As Ugly As I Seem",1,"00:04:10");
INSERT INTO AlbumSong (album_id,song_id,format_id) VALUES(4,47,1);
INSERT INTO AlbumSong (album_id,song_id,format_id) VALUES(4,47,2);
INSERT INTO Song (song_name,artist_id,duration) VALUES ("City Lights - Previously Unreleased",1,"00:04:50");
INSERT INTO AlbumSong (album_id,song_id,format_id) VALUES(4,48,1);
INSERT INTO AlbumSong (album_id,song_id,format_id) VALUES(4,48,2);
INSERT INTO Song (song_name,artist_id,duration) VALUES ("Honey, We Can't Afford to Look This Cheap",1,"00:03:55");
INSERT INTO AlbumSong (album_id,song_id,format_id) VALUES(4,49,1);
INSERT INTO AlbumSong (album_id,song_id,format_id) VALUES(4,49,2);
INSERT INTO Song (song_name,artist_id,duration) VALUES ("Effect and Cause",1,"00:03:00");
INSERT INTO AlbumSong (album_id,song_id,format_id) VALUES(4,50,1);
INSERT INTO AlbumSong (album_id,song_id,format_id) VALUES(4,50,2);
INSERT INTO Song (song_name,artist_id,duration) VALUES ("Love is the Truth - Acoustic Mix",1,"00:01:37");
INSERT INTO AlbumSong (album_id,song_id,format_id) VALUES(4,51,1);
INSERT INTO AlbumSong (album_id,song_id,format_id) VALUES(4,51,2);
INSERT INTO Song (song_name,artist_id,duration) VALUES ("Top Yourself - Bluegrass Version",1,"00:04:36");
INSERT INTO AlbumSong (album_id,song_id,format_id) VALUES(4,52,1);
INSERT INTO AlbumSong (album_id,song_id,format_id) VALUES(4,52,2);
INSERT INTO Song (song_name,artist_id,duration) VALUES ("Carolina Drama - Acoustic Mix",1,"00:05:52");
INSERT INTO AlbumSong (album_id,song_id,format_id) VALUES(4,53,1);
INSERT INTO AlbumSong (album_id,song_id,format_id) VALUES(4,53,2);
INSERT INTO Song (song_name,artist_id,duration) VALUES ("Love Interruption",1,"00:02:37");
INSERT INTO AlbumSong (album_id,song_id,format_id) VALUES(4,54,1);
INSERT INTO AlbumSong (album_id,song_id,format_id) VALUES(4,54,2);
INSERT INTO Song (song_name,artist_id,duration) VALUES ("On And On And On",1,"00:03:55");
INSERT INTO AlbumSong (album_id,song_id,format_id) VALUES(4,55,1);
INSERT INTO AlbumSong (album_id,song_id,format_id) VALUES(4,55,2);
INSERT INTO Song (song_name,artist_id,duration) VALUES ("Machine Gun Silhouette - Acoustic Mix",1,"00:03:00");
INSERT INTO AlbumSong (album_id,song_id,format_id) VALUES(4,56,1);
INSERT INTO AlbumSong (album_id,song_id,format_id) VALUES(4,56,2);
INSERT INTO Song (song_name,artist_id,duration) VALUES ("Blunderbuss",1,"00:03:06");
INSERT INTO AlbumSong (album_id,song_id,format_id) VALUES(4,57,1);
INSERT INTO AlbumSong (album_id,song_id,format_id) VALUES(4,57,2);
INSERT INTO Song (song_name,artist_id,duration) VALUES ("Hip (Eponymous) Poor Boy - Alternate Mix",1,"00:03:02");
INSERT INTO AlbumSong (album_id,song_id,format_id) VALUES(4,58,1);
INSERT INTO AlbumSong (album_id,song_id,format_id) VALUES(4,58,2);
INSERT INTO Song (song_name,artist_id,duration) VALUES ("I Guess I Should Go To Sleep - Alternate Mix",1,"00:02:36");
INSERT INTO AlbumSong (album_id,song_id,format_id) VALUES(4,59,1);
INSERT INTO AlbumSong (album_id,song_id,format_id) VALUES(4,59,2);
INSERT INTO Song (song_name,artist_id,duration) VALUES ("Just One Drink - Acoustic Mix",1,"00:02:32");
INSERT INTO AlbumSong (album_id,song_id,format_id) VALUES(4,60,1);
INSERT INTO AlbumSong (album_id,song_id,format_id) VALUES(4,60,2);
INSERT INTO Song (song_name,artist_id,duration) VALUES ("Entitlement",1,"00:04:07");
INSERT INTO AlbumSong (album_id,song_id,format_id) VALUES(4,61,1);
INSERT INTO AlbumSong (album_id,song_id,format_id) VALUES(4,61,2);
INSERT INTO Song (song_name,artist_id,duration) VALUES ("Want and Able",1,"00:02:35");
INSERT INTO AlbumSong (album_id,song_id,format_id) VALUES(4,62,1);
INSERT INTO AlbumSong (album_id,song_id,format_id) VALUES(4,62,2);
INSERT INTO Album(album_id,album_name,artist_id,art_id,release_date) VALUES (4,"Jack White Acoustic Recordings 1998 - 2016",1,4,"2016-09-09");
INSERT INTO AlbumArt(path) VALUES ("/var/www/album_art/jack_white_lazaretto.jpg");
INSERT INTO Song (song_name,artist_id,duration) VALUES ("Three Women",1,"00:03:57");
INSERT INTO AlbumSong (album_id,song_id,format_id) VALUES(5,63,1);
INSERT INTO AlbumSong (album_id,song_id,format_id) VALUES(5,63,2);
INSERT INTO Song (song_name,artist_id,duration) VALUES ("Lazaretto",1,"00:03:39");
INSERT INTO AlbumSong (album_id,song_id,format_id) VALUES(5,64,1);
INSERT INTO AlbumSong (album_id,song_id,format_id) VALUES(5,64,2);
INSERT INTO Song (song_name,artist_id,duration) VALUES ("Temporary Ground",1,"00:03:12");
INSERT INTO AlbumSong (album_id,song_id,format_id) VALUES(5,65,1);
INSERT INTO AlbumSong (album_id,song_id,format_id) VALUES(5,65,2);
INSERT INTO Song (song_name,artist_id,duration) VALUES ("Would You Fight For My Love?",1,"00:04:07");
INSERT INTO AlbumSong (album_id,song_id,format_id) VALUES(5,66,1);
INSERT INTO AlbumSong (album_id,song_id,format_id) VALUES(5,66,2);
INSERT INTO Song (song_name,artist_id,duration) VALUES ("High Ball Stepper",1,"00:03:50");
INSERT INTO AlbumSong (album_id,song_id,format_id) VALUES(5,67,1);
INSERT INTO AlbumSong (album_id,song_id,format_id) VALUES(5,67,2);
INSERT INTO Song (song_name,artist_id,duration) VALUES ("Just One Drink",1,"00:02:35");
INSERT INTO AlbumSong (album_id,song_id,format_id) VALUES(5,68,1);
INSERT INTO AlbumSong (album_id,song_id,format_id) VALUES(5,68,2);
INSERT INTO Song (song_name,artist_id,duration) VALUES ("Alone In My Home",1,"00:03:26");
INSERT INTO AlbumSong (album_id,song_id,format_id) VALUES(5,69,1);
INSERT INTO AlbumSong (album_id,song_id,format_id) VALUES(5,69,2);
INSERT INTO AlbumSong (album_id,song_id,format_id) VALUES(5,61,1);
INSERT INTO AlbumSong (album_id,song_id,format_id) VALUES(5,61,2);
INSERT INTO Song (song_name,artist_id,duration) VALUES ("That Black Bat Licorice",1,"00:03:50");
INSERT INTO AlbumSong (album_id,song_id,format_id) VALUES(5,70,1);
INSERT INTO AlbumSong (album_id,song_id,format_id) VALUES(5,70,2);
INSERT INTO Song (song_name,artist_id,duration) VALUES ("I Think I Found The Culprit",1,"00:03:49");
INSERT INTO AlbumSong (album_id,song_id,format_id) VALUES(5,71,1);
INSERT INTO AlbumSong (album_id,song_id,format_id) VALUES(5,71,2);
INSERT INTO Song (song_name,artist_id,duration) VALUES ("Want and Able",1,"00:02:36");
INSERT INTO AlbumSong (album_id,song_id,format_id) VALUES(5,72,1);
INSERT INTO AlbumSong (album_id,song_id,format_id) VALUES(5,72,2);
INSERT INTO Album(album_id,album_name,artist_id,art_id,release_date) VALUES (5,"Lazaretto",1,5,"2014-06-10");
INSERT INTO AlbumArt(path) VALUES ("/var/www/album_art/jack_white_blunderbuss.jpg");
INSERT INTO Song (song_name,artist_id,duration) VALUES ("Missing Pieces",1,"00:03:26");
INSERT INTO AlbumSong (album_id,song_id,format_id) VALUES(6,73,1);
INSERT INTO AlbumSong (album_id,song_id,format_id) VALUES(6,73,2);
INSERT INTO Song (song_name,artist_id,duration) VALUES ("Sixteen Saltines",1,"00:02:35");
INSERT INTO AlbumSong (album_id,song_id,format_id) VALUES(6,74,1);
INSERT INTO AlbumSong (album_id,song_id,format_id) VALUES(6,74,2);
INSERT INTO Song (song_name,artist_id,duration) VALUES ("Freedom At 21",1,"00:02:51");
INSERT INTO AlbumSong (album_id,song_id,format_id) VALUES(6,75,1);
INSERT INTO AlbumSong (album_id,song_id,format_id) VALUES(6,75,2);
INSERT INTO AlbumSong (album_id,song_id,format_id) VALUES(6,54,1);
INSERT INTO AlbumSong (album_id,song_id,format_id) VALUES(6,54,2);
INSERT INTO Song (song_name,artist_id,duration) VALUES ("Blunderbuss",1,"00:03:05");
INSERT INTO AlbumSong (album_id,song_id,format_id) VALUES(6,76,1);
INSERT INTO AlbumSong (album_id,song_id,format_id) VALUES(6,76,2);
INSERT INTO Song (song_name,artist_id,duration) VALUES ("Hypocritical Kiss",1,"00:02:50");
INSERT INTO AlbumSong (album_id,song_id,format_id) VALUES(6,77,1);
INSERT INTO AlbumSong (album_id,song_id,format_id) VALUES(6,77,2);
INSERT INTO Song (song_name,artist_id,duration) VALUES ("Weep Themselves To Sleep",1,"00:04:19");
INSERT INTO AlbumSong (album_id,song_id,format_id) VALUES(6,78,1);
INSERT INTO AlbumSong (album_id,song_id,format_id) VALUES(6,78,2);
INSERT INTO Song (song_name,artist_id,duration) VALUES ("I'm Shakin'",1,"00:03:00");
INSERT INTO AlbumSong (album_id,song_id,format_id) VALUES(6,79,1);
INSERT INTO AlbumSong (album_id,song_id,format_id) VALUES(6,79,2);
INSERT INTO Song (song_name,artist_id,duration) VALUES ("Trash Tongue Talker",1,"00:03:20");
INSERT INTO AlbumSong (album_id,song_id,format_id) VALUES(6,80,1);
INSERT INTO AlbumSong (album_id,song_id,format_id) VALUES(6,80,2);
INSERT INTO Song (song_name,artist_id,duration) VALUES ("Hip (Eponymous) Poor Boy",1,"00:03:03");
INSERT INTO AlbumSong (album_id,song_id,format_id) VALUES(6,81,1);
INSERT INTO AlbumSong (album_id,song_id,format_id) VALUES(6,81,2);
INSERT INTO Song (song_name,artist_id,duration) VALUES ("I Guess I Should Go To Sleep",1,"00:02:37");
INSERT INTO AlbumSong (album_id,song_id,format_id) VALUES(6,82,1);
INSERT INTO AlbumSong (album_id,song_id,format_id) VALUES(6,82,2);
INSERT INTO AlbumSong (album_id,song_id,format_id) VALUES(6,55,1);
INSERT INTO AlbumSong (album_id,song_id,format_id) VALUES(6,55,2);
INSERT INTO Song (song_name,artist_id,duration) VALUES ("Take Me With You When You Go",1,"00:04:10");
INSERT INTO AlbumSong (album_id,song_id,format_id) VALUES(6,83,1);
INSERT INTO AlbumSong (album_id,song_id,format_id) VALUES(6,83,2);
INSERT INTO Album(album_id,album_name,artist_id,art_id,release_date) VALUES (6,"Blunderbuss",1,6,"2012-04-20");
INSERT INTO Artist (artist_name,genre_id,description) VALUES ("Arctic Monkeys",1,"");
INSERT INTO AlbumArt(path) VALUES ("/var/www/album_art/arctic_monkeys_the_car.jpg");
INSERT INTO Song (song_name,artist_id,duration) VALUES ("There’d Better Be A Mirrorball",2,"00:04:25");
INSERT INTO AlbumSong (album_id,song_id,format_id) VALUES(7,84,1);
INSERT INTO AlbumSong (album_id,song_id,format_id) VALUES(7,84,2);
INSERT INTO Song (song_name,artist_id,duration) VALUES ("I Ain’t Quite Where I Think I Am",2,"00:03:11");
INSERT INTO AlbumSong (album_id,song_id,format_id) VALUES(7,85,1);
INSERT INTO AlbumSong (album_id,song_id,format_id) VALUES(7,85,2);
INSERT INTO Song (song_name,artist_id,duration) VALUES ("Sculptures Of Anything Goes",2,"00:03:59");
INSERT INTO AlbumSong (album_id,song_id,format_id) VALUES(7,86,1);
INSERT INTO AlbumSong (album_id,song_id,format_id) VALUES(7,86,2);
INSERT INTO Song (song_name,artist_id,duration) VALUES ("Jet Skis On The Moat",2,"00:03:17");
INSERT INTO AlbumSong (album_id,song_id,format_id) VALUES(7,87,1);
INSERT INTO AlbumSong (album_id,song_id,format_id) VALUES(7,87,2);
INSERT INTO Song (song_name,artist_id,duration) VALUES ("Body Paint",2,"00:04:50");
INSERT INTO AlbumSong (album_id,song_id,format_id) VALUES(7,88,1);
INSERT INTO AlbumSong (album_id,song_id,format_id) VALUES(7,88,2);
INSERT INTO Song (song_name,artist_id,duration) VALUES ("The Car",2,"00:03:18");
INSERT INTO AlbumSong (album_id,song_id,format_id) VALUES(7,89,1);
INSERT INTO AlbumSong (album_id,song_id,format_id) VALUES(7,89,2);
INSERT INTO Song (song_name,artist_id,duration) VALUES ("Big Ideas",2,"00:03:57");
INSERT INTO AlbumSong (album_id,song_id,format_id) VALUES(7,90,1);
INSERT INTO AlbumSong (album_id,song_id,format_id) VALUES(7,90,2);
INSERT INTO Song (song_name,artist_id,duration) VALUES ("Hello You",2,"00:04:04");
INSERT INTO AlbumSong (album_id,song_id,format_id) VALUES(7,91,1);
INSERT INTO AlbumSong (album_id,song_id,format_id) VALUES(7,91,2);
INSERT INTO Song (song_name,artist_id,duration) VALUES ("Mr Schwartz",2,"00:03:30");
INSERT INTO AlbumSong (album_id,song_id,format_id) VALUES(7,92,1);
INSERT INTO AlbumSong (album_id,song_id,format_id) VALUES(7,92,2);
INSERT INTO Song (song_name,artist_id,duration) VALUES ("Perfect Sense",2,"00:02:47");
INSERT INTO AlbumSong (album_id,song_id,format_id) VALUES(7,93,1);
INSERT INTO AlbumSong (album_id,song_id,format_id) VALUES(7,93,2);
INSERT INTO Album(album_id,album_name,artist_id,art_id,release_date) VALUES (7,"The Car",2,7,"2022-10-21");
INSERT INTO AlbumArt(path) VALUES ("/var/www/album_art/arctic_monkeys_live_at_the_royal_albert_hall.jpg");
INSERT INTO Song (song_name,artist_id,duration) VALUES ("Four Out Of Five - Live",2,"00:05:31");
INSERT INTO AlbumSong (album_id,song_id,format_id) VALUES(8,94,1);
INSERT INTO AlbumSong (album_id,song_id,format_id) VALUES(8,94,2);
INSERT INTO Song (song_name,artist_id,duration) VALUES ("Brianstorm - Live",2,"00:03:29");
INSERT INTO AlbumSong (album_id,song_id,format_id) VALUES(8,95,1);
INSERT INTO AlbumSong (album_id,song_id,format_id) VALUES(8,95,2);
INSERT INTO Song (song_name,artist_id,duration) VALUES ("Crying Lightning - Live",2,"00:04:00");
INSERT INTO AlbumSong (album_id,song_id,format_id) VALUES(8,96,1);
INSERT INTO AlbumSong (album_id,song_id,format_id) VALUES(8,96,2);
INSERT INTO Song (song_name,artist_id,duration) VALUES ("Do I Wanna Know? - Live",2,"00:04:41");
INSERT INTO AlbumSong (album_id,song_id,format_id) VALUES(8,97,1);
INSERT INTO AlbumSong (album_id,song_id,format_id) VALUES(8,97,2);
INSERT INTO Song (song_name,artist_id,duration) VALUES ("Why'd You Only Call Me When You're High? - Live",2,"00:03:03");
INSERT INTO AlbumSong (album_id,song_id,format_id) VALUES(8,98,1);
INSERT INTO AlbumSong (album_id,song_id,format_id) VALUES(8,98,2);
INSERT INTO Song (song_name,artist_id,duration) VALUES ("505 - Live",2,"00:04:35");
INSERT INTO AlbumSong (album_id,song_id,format_id) VALUES(8,99,1);
INSERT INTO AlbumSong (album_id,song_id,format_id) VALUES(8,99,2);
INSERT INTO Song (song_name,artist_id,duration) VALUES ("One Point Perspective - Live",2,"00:03:22");
INSERT INTO AlbumSong (album_id,song_id,format_id) VALUES(8,100,1);
INSERT INTO AlbumSong (album_id,song_id,format_id) VALUES(8,100,2);
INSERT INTO Song (song_name,artist_id,duration) VALUES ("Do Me A Favour - Live",2,"00:03:59");
INSERT INTO AlbumSong (album_id,song_id,format_id) VALUES(8,101,1);
INSERT INTO AlbumSong (album_id,song_id,format_id) VALUES(8,101,2);
INSERT INTO Song (song_name,artist_id,duration) VALUES ("Cornerstone - Live",2,"00:03:41");
INSERT INTO AlbumSong (album_id,song_id,format_id) VALUES(8,102,1);
INSERT INTO AlbumSong (album_id,song_id,format_id) VALUES(8,102,2);
INSERT INTO Song (song_name,artist_id,duration) VALUES ("Knee Socks - Live",2,"00:05:50");
INSERT INTO AlbumSong (album_id,song_id,format_id) VALUES(8,103,1);
INSERT INTO AlbumSong (album_id,song_id,format_id) VALUES(8,103,2);
INSERT INTO Song (song_name,artist_id,duration) VALUES ("Arabella - Live",2,"00:04:06");
INSERT INTO AlbumSong (album_id,song_id,format_id) VALUES(8,104,1);
INSERT INTO AlbumSong (album_id,song_id,format_id) VALUES(8,104,2);
INSERT INTO Song (song_name,artist_id,duration) VALUES ("Tranquility Base Hotel & Casino - Live",2,"00:04:03");
INSERT INTO AlbumSong (album_id,song_id,format_id) VALUES(8,105,1);
INSERT INTO AlbumSong (album_id,song_id,format_id) VALUES(8,105,2);
INSERT INTO Song (song_name,artist_id,duration) VALUES ("She Looks Like Fun - Live",2,"00:03:21");
INSERT INTO AlbumSong (album_id,song_id,format_id) VALUES(8,106,1);
INSERT INTO AlbumSong (album_id,song_id,format_id) VALUES(8,106,2);
INSERT INTO Song (song_name,artist_id,duration) VALUES ("From The Ritz To The Rubble - Live",2,"00:03:41");
INSERT INTO AlbumSong (album_id,song_id,format_id) VALUES(8,107,1);
INSERT INTO AlbumSong (album_id,song_id,format_id) VALUES(8,107,2);
INSERT INTO Song (song_name,artist_id,duration) VALUES ("Pretty Visitors - Live",2,"00:04:01");
INSERT INTO AlbumSong (album_id,song_id,format_id) VALUES(8,108,1);
INSERT INTO AlbumSong (album_id,song_id,format_id) VALUES(8,108,2);
INSERT INTO Song (song_name,artist_id,duration) VALUES ("Don't Sit Down 'Cause I've Moved Your Chair - Live",2,"00:03:41");
INSERT INTO AlbumSong (album_id,song_id,format_id) VALUES(8,109,1);
INSERT INTO AlbumSong (album_id,song_id,format_id) VALUES(8,109,2);
INSERT INTO Song (song_name,artist_id,duration) VALUES ("I Bet You Look Good On The Dancefloor - Live",2,"00:04:53");
INSERT INTO AlbumSong (album_id,song_id,format_id) VALUES(8,110,1);
INSERT INTO AlbumSong (album_id,song_id,format_id) VALUES(8,110,2);
INSERT INTO Song (song_name,artist_id,duration) VALUES ("Star Treatment - Live",2,"00:05:35");
INSERT INTO AlbumSong (album_id,song_id,format_id) VALUES(8,111,1);
INSERT INTO AlbumSong (album_id,song_id,format_id) VALUES(8,111,2);
INSERT INTO Song (song_name,artist_id,duration) VALUES ("The View From The Afternoon - Live",2,"00:04:24");
INSERT INTO AlbumSong (album_id,song_id,format_id) VALUES(8,112,1);
INSERT INTO AlbumSong (album_id,song_id,format_id) VALUES(8,112,2);
INSERT INTO Song (song_name,artist_id,duration) VALUES ("R U Mine? - Live",2,"00:06:11");
INSERT INTO AlbumSong (album_id,song_id,format_id) VALUES(8,113,1);
INSERT INTO AlbumSong (album_id,song_id,format_id) VALUES(8,113,2);
INSERT INTO Album(album_id,album_name,artist_id,art_id,release_date) VALUES (8,"Live at the Royal Albert Hall",2,8,"2020-12-04");
INSERT INTO AlbumArt(path) VALUES ("/var/www/album_art/arctic_monkeys_tranquility_base_hotel_&_casino.jpg");
INSERT INTO Song (song_name,artist_id,duration) VALUES ("Star Treatment",2,"00:05:54");
INSERT INTO AlbumSong (album_id,song_id,format_id) VALUES(9,114,1);
INSERT INTO AlbumSong (album_id,song_id,format_id) VALUES(9,114,2);
INSERT INTO Song (song_name,artist_id,duration) VALUES ("One Point Perspective",2,"00:03:28");
INSERT INTO AlbumSong (album_id,song_id,format_id) VALUES(9,115,1);
INSERT INTO AlbumSong (album_id,song_id,format_id) VALUES(9,115,2);
INSERT INTO Song (song_name,artist_id,duration) VALUES ("American Sports",2,"00:02:38");
INSERT INTO AlbumSong (album_id,song_id,format_id) VALUES(9,116,1);
INSERT INTO AlbumSong (album_id,song_id,format_id) VALUES(9,116,2);
INSERT INTO Song (song_name,artist_id,duration) VALUES ("Tranquility Base Hotel & Casino",2,"00:03:32");
INSERT INTO AlbumSong (album_id,song_id,format_id) VALUES(9,117,1);
INSERT INTO AlbumSong (album_id,song_id,format_id) VALUES(9,117,2);
INSERT INTO Song (song_name,artist_id,duration) VALUES ("Golden Trunks",2,"00:02:53");
INSERT INTO AlbumSong (album_id,song_id,format_id) VALUES(9,118,1);
INSERT INTO AlbumSong (album_id,song_id,format_id) VALUES(9,118,2);
INSERT INTO Song (song_name,artist_id,duration) VALUES ("Four Out Of Five",2,"00:05:12");
INSERT INTO AlbumSong (album_id,song_id,format_id) VALUES(9,119,1);
INSERT INTO AlbumSong (album_id,song_id,format_id) VALUES(9,119,2);
INSERT INTO Song (song_name,artist_id,duration) VALUES ("The World's First Ever Monster Truck Front Flip",2,"00:03:00");
INSERT INTO AlbumSong (album_id,song_id,format_id) VALUES(9,120,1);
INSERT INTO AlbumSong (album_id,song_id,format_id) VALUES(9,120,2);
INSERT INTO Song (song_name,artist_id,duration) VALUES ("Science Fiction",2,"00:03:05");
INSERT INTO AlbumSong (album_id,song_id,format_id) VALUES(9,121,1);
INSERT INTO AlbumSong (album_id,song_id,format_id) VALUES(9,121,2);
INSERT INTO Song (song_name,artist_id,duration) VALUES ("She Looks Like Fun",2,"00:03:02");
INSERT INTO AlbumSong (album_id,song_id,format_id) VALUES(9,122,1);
INSERT INTO AlbumSong (album_id,song_id,format_id) VALUES(9,122,2);
INSERT INTO Song (song_name,artist_id,duration) VALUES ("Batphone",2,"00:04:31");
INSERT INTO AlbumSong (album_id,song_id,format_id) VALUES(9,123,1);
INSERT INTO AlbumSong (album_id,song_id,format_id) VALUES(9,123,2);
INSERT INTO Song (song_name,artist_id,duration) VALUES ("The Ultracheese",2,"00:03:37");
INSERT INTO AlbumSong (album_id,song_id,format_id) VALUES(9,124,1);
INSERT INTO AlbumSong (album_id,song_id,format_id) VALUES(9,124,2);
INSERT INTO Album(album_id,album_name,artist_id,art_id,release_date) VALUES (9,"Tranquility Base Hotel & Casino",2,9,"2018-05-11");
INSERT INTO AlbumArt(path) VALUES ("/var/www/album_art/arctic_monkeys_am.jpg");
INSERT INTO Song (song_name,artist_id,duration) VALUES ("Do I Wanna Know?",2,"00:04:32");
INSERT INTO AlbumSong (album_id,song_id,format_id) VALUES(10,125,1);
INSERT INTO AlbumSong (album_id,song_id,format_id) VALUES(10,125,2);
INSERT INTO Song (song_name,artist_id,duration) VALUES ("R U Mine?",2,"00:03:21");
INSERT INTO AlbumSong (album_id,song_id,format_id) VALUES(10,126,1);
INSERT INTO AlbumSong (album_id,song_id,format_id) VALUES(10,126,2);
INSERT INTO Song (song_name,artist_id,duration) VALUES ("One For The Road",2,"00:03:26");
INSERT INTO AlbumSong (album_id,song_id,format_id) VALUES(10,127,1);
INSERT INTO AlbumSong (album_id,song_id,format_id) VALUES(10,127,2);
INSERT INTO Song (song_name,artist_id,duration) VALUES ("Arabella",2,"00:03:27");
INSERT INTO AlbumSong (album_id,song_id,format_id) VALUES(10,128,1);
INSERT INTO AlbumSong (album_id,song_id,format_id) VALUES(10,128,2);
INSERT INTO Song (song_name,artist_id,duration) VALUES ("I Want It All",2,"00:03:05");
INSERT INTO AlbumSong (album_id,song_id,format_id) VALUES(10,129,1);
INSERT INTO AlbumSong (album_id,song_id,format_id) VALUES(10,129,2);
INSERT INTO Song (song_name,artist_id,duration) VALUES ("No. 1 Party Anthem",2,"00:04:03");
INSERT INTO AlbumSong (album_id,song_id,format_id) VALUES(10,130,1);
INSERT INTO AlbumSong (album_id,song_id,format_id) VALUES(10,130,2);
INSERT INTO Song (song_name,artist_id,duration) VALUES ("Mad Sounds",2,"00:03:35");
INSERT INTO AlbumSong (album_id,song_id,format_id) VALUES(10,131,1);
INSERT INTO AlbumSong (album_id,song_id,format_id) VALUES(10,131,2);
INSERT INTO Song (song_name,artist_id,duration) VALUES ("Fireside",2,"00:03:01");
INSERT INTO AlbumSong (album_id,song_id,format_id) VALUES(10,132,1);
INSERT INTO AlbumSong (album_id,song_id,format_id) VALUES(10,132,2);
INSERT INTO Song (song_name,artist_id,duration) VALUES ("Why'd You Only Call Me When You're High?",2,"00:02:41");
INSERT INTO AlbumSong (album_id,song_id,format_id) VALUES(10,133,1);
INSERT INTO AlbumSong (album_id,song_id,format_id) VALUES(10,133,2);
INSERT INTO Song (song_name,artist_id,duration) VALUES ("Snap Out Of It",2,"00:03:13");
INSERT INTO AlbumSong (album_id,song_id,format_id) VALUES(10,134,1);
INSERT INTO AlbumSong (album_id,song_id,format_id) VALUES(10,134,2);
INSERT INTO Song (song_name,artist_id,duration) VALUES ("Knee Socks",2,"00:04:17");
INSERT INTO AlbumSong (album_id,song_id,format_id) VALUES(10,135,1);
INSERT INTO AlbumSong (album_id,song_id,format_id) VALUES(10,135,2);
INSERT INTO Song (song_name,artist_id,duration) VALUES ("I Wanna Be Yours",2,"00:03:03");
INSERT INTO AlbumSong (album_id,song_id,format_id) VALUES(10,136,1);
INSERT INTO AlbumSong (album_id,song_id,format_id) VALUES(10,136,2);
INSERT INTO Album(album_id,album_name,artist_id,art_id,release_date) VALUES (10,"AM",2,10,"2013-09-09");
INSERT INTO AlbumArt(path) VALUES ("/var/www/album_art/arctic_monkeys_suck_it_and_see.jpg");
INSERT INTO Song (song_name,artist_id,duration) VALUES ("She's Thunderstorms",2,"00:03:54");
INSERT INTO AlbumSong (album_id,song_id,format_id) VALUES(11,137,1);
INSERT INTO AlbumSong (album_id,song_id,format_id) VALUES(11,137,2);
INSERT INTO Song (song_name,artist_id,duration) VALUES ("Black Treacle",2,"00:03:37");
INSERT INTO AlbumSong (album_id,song_id,format_id) VALUES(11,138,1);
INSERT INTO AlbumSong (album_id,song_id,format_id) VALUES(11,138,2);
INSERT INTO Song (song_name,artist_id,duration) VALUES ("Brick By Brick",2,"00:02:59");
INSERT INTO AlbumSong (album_id,song_id,format_id) VALUES(11,139,1);
INSERT INTO AlbumSong (album_id,song_id,format_id) VALUES(11,139,2);
INSERT INTO Song (song_name,artist_id,duration) VALUES ("The Hellcat Spangled Shalalala",2,"00:03:00");
INSERT INTO AlbumSong (album_id,song_id,format_id) VALUES(11,140,1);
INSERT INTO AlbumSong (album_id,song_id,format_id) VALUES(11,140,2);
INSERT INTO Song (song_name,artist_id,duration) VALUES ("Don't Sit Down 'Cause I've Moved Your Chair",2,"00:03:03");
INSERT INTO AlbumSong (album_id,song_id,format_id) VALUES(11,141,1);
INSERT INTO AlbumSong (album_id,song_id,format_id) VALUES(11,141,2);
INSERT INTO Song (song_name,artist_id,duration) VALUES ("Library Pictures",2,"00:02:22");
INSERT INTO AlbumSong (album_id,song_id,format_id) VALUES(11,142,1);
INSERT INTO AlbumSong (album_id,song_id,format_id) VALUES(11,142,2);
INSERT INTO Song (song_name,artist_id,duration) VALUES ("All My Own Stunts",2,"00:03:52");
INSERT INTO AlbumSong (album_id,song_id,format_id) VALUES(11,143,1);
INSERT INTO AlbumSong (album_id,song_id,format_id) VALUES(11,143,2);
INSERT INTO Song (song_name,artist_id,duration) VALUES ("Reckless Serenade",2,"00:02:42");
INSERT INTO AlbumSong (album_id,song_id,format_id) VALUES(11,144,1);
INSERT INTO AlbumSong (album_id,song_id,format_id) VALUES(11,144,2);
INSERT INTO Song (song_name,artist_id,duration) VALUES ("Piledriver Waltz",2,"00:03:23");
INSERT INTO AlbumSong (album_id,song_id,format_id) VALUES(11,145,1);
INSERT INTO AlbumSong (album_id,song_id,format_id) VALUES(11,145,2);
INSERT INTO Song (song_name,artist_id,duration) VALUES ("Love is a Laserquest",2,"00:03:11");
INSERT INTO AlbumSong (album_id,song_id,format_id) VALUES(11,146,1);
INSERT INTO AlbumSong (album_id,song_id,format_id) VALUES(11,146,2);
INSERT INTO Song (song_name,artist_id,duration) VALUES ("Suck It and See",2,"00:03:45");
INSERT INTO AlbumSong (album_id,song_id,format_id) VALUES(11,147,1);
INSERT INTO AlbumSong (album_id,song_id,format_id) VALUES(11,147,2);
INSERT INTO Song (song_name,artist_id,duration) VALUES ("That's Where You're Wrong",2,"00:04:16");
INSERT INTO AlbumSong (album_id,song_id,format_id) VALUES(11,148,1);
INSERT INTO AlbumSong (album_id,song_id,format_id) VALUES(11,148,2);
INSERT INTO Album(album_id,album_name,artist_id,art_id,release_date) VALUES (11,"Suck It and See",2,11,"2011-06-07");
INSERT INTO AlbumArt(path) VALUES ("/var/www/album_art/arctic_monkeys_humbug.jpg");
INSERT INTO Song (song_name,artist_id,duration) VALUES ("My Propeller",2,"00:03:25");
INSERT INTO AlbumSong (album_id,song_id,format_id) VALUES(12,149,1);
INSERT INTO AlbumSong (album_id,song_id,format_id) VALUES(12,149,2);
INSERT INTO Song (song_name,artist_id,duration) VALUES ("Crying Lightning",2,"00:03:44");
INSERT INTO AlbumSong (album_id,song_id,format_id) VALUES(12,150,1);
INSERT INTO AlbumSong (album_id,song_id,format_id) VALUES(12,150,2);
INSERT INTO Song (song_name,artist_id,duration) VALUES ("Dangerous Animals",2,"00:03:30");
INSERT INTO AlbumSong (album_id,song_id,format_id) VALUES(12,151,1);
INSERT INTO AlbumSong (album_id,song_id,format_id) VALUES(12,151,2);
INSERT INTO Song (song_name,artist_id,duration) VALUES ("Secret Door",2,"00:03:43");
INSERT INTO AlbumSong (album_id,song_id,format_id) VALUES(12,152,1);
INSERT INTO AlbumSong (album_id,song_id,format_id) VALUES(12,152,2);
INSERT INTO Song (song_name,artist_id,duration) VALUES ("Potion Approaching",2,"00:03:32");
INSERT INTO AlbumSong (album_id,song_id,format_id) VALUES(12,153,1);
INSERT INTO AlbumSong (album_id,song_id,format_id) VALUES(12,153,2);
INSERT INTO Song (song_name,artist_id,duration) VALUES ("Fire And The Thud",2,"00:03:57");
INSERT INTO AlbumSong (album_id,song_id,format_id) VALUES(12,154,1);
INSERT INTO AlbumSong (album_id,song_id,format_id) VALUES(12,154,2);
INSERT INTO Song (song_name,artist_id,duration) VALUES ("Cornerstone",2,"00:03:17");
INSERT INTO AlbumSong (album_id,song_id,format_id) VALUES(12,155,1);
INSERT INTO AlbumSong (album_id,song_id,format_id) VALUES(12,155,2);
INSERT INTO Song (song_name,artist_id,duration) VALUES ("Dance Little Liar",2,"00:04:43");
INSERT INTO AlbumSong (album_id,song_id,format_id) VALUES(12,156,1);
INSERT INTO AlbumSong (album_id,song_id,format_id) VALUES(12,156,2);
INSERT INTO Song (song_name,artist_id,duration) VALUES ("Pretty Visitors",2,"00:03:40");
INSERT INTO AlbumSong (album_id,song_id,format_id) VALUES(12,157,1);
INSERT INTO AlbumSong (album_id,song_id,format_id) VALUES(12,157,2);
INSERT INTO Song (song_name,artist_id,duration) VALUES ("The Jeweller's Hands",2,"00:05:44");
INSERT INTO AlbumSong (album_id,song_id,format_id) VALUES(12,158,1);
INSERT INTO AlbumSong (album_id,song_id,format_id) VALUES(12,158,2);
INSERT INTO Album(album_id,album_name,artist_id,art_id,release_date) VALUES (12,"Humbug",2,12,"2009-08-25");
INSERT INTO AlbumArt(path) VALUES ("/var/www/album_art/arctic_monkeys_favourite_worst_nightmare_(standard_version).jpg");
INSERT INTO Song (song_name,artist_id,duration) VALUES ("Brianstorm",2,"00:02:50");
INSERT INTO AlbumSong (album_id,song_id,format_id) VALUES(13,159,1);
INSERT INTO AlbumSong (album_id,song_id,format_id) VALUES(13,159,2);
INSERT INTO Song (song_name,artist_id,duration) VALUES ("Teddy Picker",2,"00:02:40");
INSERT INTO AlbumSong (album_id,song_id,format_id) VALUES(13,160,1);
INSERT INTO AlbumSong (album_id,song_id,format_id) VALUES(13,160,2);
INSERT INTO Song (song_name,artist_id,duration) VALUES ("D Is for Dangerous",2,"00:02:14");
INSERT INTO AlbumSong (album_id,song_id,format_id) VALUES(13,161,1);
INSERT INTO AlbumSong (album_id,song_id,format_id) VALUES(13,161,2);
INSERT INTO Song (song_name,artist_id,duration) VALUES ("Balaclava",2,"00:02:47");
INSERT INTO AlbumSong (album_id,song_id,format_id) VALUES(13,162,1);
INSERT INTO AlbumSong (album_id,song_id,format_id) VALUES(13,162,2);
INSERT INTO Song (song_name,artist_id,duration) VALUES ("Fluorescent Adolescent",2,"00:02:53");
INSERT INTO AlbumSong (album_id,song_id,format_id) VALUES(13,163,1);
INSERT INTO AlbumSong (album_id,song_id,format_id) VALUES(13,163,2);
INSERT INTO Song (song_name,artist_id,duration) VALUES ("Only Ones Who Know",2,"00:03:01");
INSERT INTO AlbumSong (album_id,song_id,format_id) VALUES(13,164,1);
INSERT INTO AlbumSong (album_id,song_id,format_id) VALUES(13,164,2);
INSERT INTO Song (song_name,artist_id,duration) VALUES ("Do Me a Favour",2,"00:03:25");
INSERT INTO AlbumSong (album_id,song_id,format_id) VALUES(13,165,1);
INSERT INTO AlbumSong (album_id,song_id,format_id) VALUES(13,165,2);
INSERT INTO Song (song_name,artist_id,duration) VALUES ("This House Is a Circus",2,"00:03:09");
INSERT INTO AlbumSong (album_id,song_id,format_id) VALUES(13,166,1);
INSERT INTO AlbumSong (album_id,song_id,format_id) VALUES(13,166,2);
INSERT INTO Song (song_name,artist_id,duration) VALUES ("If You Were There, Beware",2,"00:04:34");
INSERT INTO AlbumSong (album_id,song_id,format_id) VALUES(13,167,1);
INSERT INTO AlbumSong (album_id,song_id,format_id) VALUES(13,167,2);
INSERT INTO Song (song_name,artist_id,duration) VALUES ("The Bad Thing",2,"00:02:23");
INSERT INTO AlbumSong (album_id,song_id,format_id) VALUES(13,168,1);
INSERT INTO AlbumSong (album_id,song_id,format_id) VALUES(13,168,2);
INSERT INTO Song (song_name,artist_id,duration) VALUES ("Old Yellow Bricks",2,"00:03:07");
INSERT INTO AlbumSong (album_id,song_id,format_id) VALUES(13,169,1);
INSERT INTO AlbumSong (album_id,song_id,format_id) VALUES(13,169,2);
INSERT INTO Song (song_name,artist_id,duration) VALUES ("505",2,"00:04:13");
INSERT INTO AlbumSong (album_id,song_id,format_id) VALUES(13,170,1);
INSERT INTO AlbumSong (album_id,song_id,format_id) VALUES(13,170,2);
INSERT INTO Album(album_id,album_name,artist_id,art_id,release_date) VALUES (13,"Favourite Worst Nightmare (Standard Version)",2,13,"2007-04-24");
INSERT INTO AlbumArt(path) VALUES ("/var/www/album_art/arctic_monkeys_whatever_people_say_i_am,_that's_what_i'm_not.jpg");
INSERT INTO Song (song_name,artist_id,duration) VALUES ("The View From The Afternoon",2,"00:03:42");
INSERT INTO AlbumSong (album_id,song_id,format_id) VALUES(14,171,1);
INSERT INTO AlbumSong (album_id,song_id,format_id) VALUES(14,171,2);
INSERT INTO Song (song_name,artist_id,duration) VALUES ("I Bet You Look Good On The Dancefloor",2,"00:02:53");
INSERT INTO AlbumSong (album_id,song_id,format_id) VALUES(14,172,1);
INSERT INTO AlbumSong (album_id,song_id,format_id) VALUES(14,172,2);
INSERT INTO Song (song_name,artist_id,duration) VALUES ("Fake Tales Of San Francisco",2,"00:02:57");
INSERT INTO AlbumSong (album_id,song_id,format_id) VALUES(14,173,1);
INSERT INTO AlbumSong (album_id,song_id,format_id) VALUES(14,173,2);
INSERT INTO Song (song_name,artist_id,duration) VALUES ("Dancing Shoes",2,"00:02:21");
INSERT INTO AlbumSong (album_id,song_id,format_id) VALUES(14,174,1);
INSERT INTO AlbumSong (album_id,song_id,format_id) VALUES(14,174,2);
INSERT INTO Song (song_name,artist_id,duration) VALUES ("You Probably Couldn't See For The Lights But You Were Staring Straight At Me",2,"00:02:10");
INSERT INTO AlbumSong (album_id,song_id,format_id) VALUES(14,175,1);
INSERT INTO AlbumSong (album_id,song_id,format_id) VALUES(14,175,2);
INSERT INTO Song (song_name,artist_id,duration) VALUES ("Still Take You Home",2,"00:02:53");
INSERT INTO AlbumSong (album_id,song_id,format_id) VALUES(14,176,1);
INSERT INTO AlbumSong (album_id,song_id,format_id) VALUES(14,176,2);
INSERT INTO Song (song_name,artist_id,duration) VALUES ("Riot Van",2,"00:02:14");
INSERT INTO AlbumSong (album_id,song_id,format_id) VALUES(14,177,1);
INSERT INTO AlbumSong (album_id,song_id,format_id) VALUES(14,177,2);
INSERT INTO Song (song_name,artist_id,duration) VALUES ("Red Light Indicates Doors Are Secured",2,"00:02:23");
INSERT INTO AlbumSong (album_id,song_id,format_id) VALUES(14,178,1);
INSERT INTO AlbumSong (album_id,song_id,format_id) VALUES(14,178,2);
INSERT INTO Song (song_name,artist_id,duration) VALUES ("Mardy Bum",2,"00:02:55");
INSERT INTO AlbumSong (album_id,song_id,format_id) VALUES(14,179,1);
INSERT INTO AlbumSong (album_id,song_id,format_id) VALUES(14,179,2);
INSERT INTO Song (song_name,artist_id,duration) VALUES ("Perhaps Vampires Is A Bit Strong But…",2,"00:04:28");
INSERT INTO AlbumSong (album_id,song_id,format_id) VALUES(14,180,1);
INSERT INTO AlbumSong (album_id,song_id,format_id) VALUES(14,180,2);
INSERT INTO Song (song_name,artist_id,duration) VALUES ("When The Sun Goes Down",2,"00:03:22");
INSERT INTO AlbumSong (album_id,song_id,format_id) VALUES(14,181,1);
INSERT INTO AlbumSong (album_id,song_id,format_id) VALUES(14,181,2);
INSERT INTO Song (song_name,artist_id,duration) VALUES ("From The Ritz To The Rubble",2,"00:03:13");
INSERT INTO AlbumSong (album_id,song_id,format_id) VALUES(14,182,1);
INSERT INTO AlbumSong (album_id,song_id,format_id) VALUES(14,182,2);
INSERT INTO Song (song_name,artist_id,duration) VALUES ("A Certain Romance",2,"00:05:31");
INSERT INTO AlbumSong (album_id,song_id,format_id) VALUES(14,183,1);
INSERT INTO AlbumSong (album_id,song_id,format_id) VALUES(14,183,2);
INSERT INTO Album(album_id,album_name,artist_id,art_id,release_date) VALUES (14,"Whatever People Say I Am, That's What I'm Not",2,14,"2006-02-21");
INSERT INTO Artist (artist_name,genre_id,description) VALUES ("Radiohead",1,"");
INSERT INTO AlbumArt(path) VALUES ("/var/www/album_art/radiohead_kid_a_mnesia.jpg");
INSERT INTO Song (song_name,artist_id,duration) VALUES ("Everything In Its Right Place",3,"00:04:11");
INSERT INTO AlbumSong (album_id,song_id,format_id) VALUES(15,184,1);
INSERT INTO AlbumSong (album_id,song_id,format_id) VALUES(15,184,2);
INSERT INTO Song (song_name,artist_id,duration) VALUES ("Kid A",3,"00:04:44");
INSERT INTO AlbumSong (album_id,song_id,format_id) VALUES(15,185,1);
INSERT INTO AlbumSong (album_id,song_id,format_id) VALUES(15,185,2);
INSERT INTO Song (song_name,artist_id,duration) VALUES ("The National Anthem",3,"00:05:51");
INSERT INTO AlbumSong (album_id,song_id,format_id) VALUES(15,186,1);
INSERT INTO AlbumSong (album_id,song_id,format_id) VALUES(15,186,2);
INSERT INTO Song (song_name,artist_id,duration) VALUES ("How to Disappear Completely",3,"00:05:56");
INSERT INTO AlbumSong (album_id,song_id,format_id) VALUES(15,187,1);
INSERT INTO AlbumSong (album_id,song_id,format_id) VALUES(15,187,2);
INSERT INTO Song (song_name,artist_id,duration) VALUES ("Treefingers",3,"00:03:42");
INSERT INTO AlbumSong (album_id,song_id,format_id) VALUES(15,188,1);
INSERT INTO AlbumSong (album_id,song_id,format_id) VALUES(15,188,2);
INSERT INTO Song (song_name,artist_id,duration) VALUES ("Optimistic",3,"00:05:15");
INSERT INTO AlbumSong (album_id,song_id,format_id) VALUES(15,189,1);
INSERT INTO AlbumSong (album_id,song_id,format_id) VALUES(15,189,2);
INSERT INTO Song (song_name,artist_id,duration) VALUES ("In Limbo",3,"00:03:31");
INSERT INTO AlbumSong (album_id,song_id,format_id) VALUES(15,190,1);
INSERT INTO AlbumSong (album_id,song_id,format_id) VALUES(15,190,2);
INSERT INTO Song (song_name,artist_id,duration) VALUES ("Idioteque",3,"00:05:09");
INSERT INTO AlbumSong (album_id,song_id,format_id) VALUES(15,191,1);
INSERT INTO AlbumSong (album_id,song_id,format_id) VALUES(15,191,2);
INSERT INTO Song (song_name,artist_id,duration) VALUES ("Morning Bell",3,"00:04:35");
INSERT INTO AlbumSong (album_id,song_id,format_id) VALUES(15,192,1);
INSERT INTO AlbumSong (album_id,song_id,format_id) VALUES(15,192,2);
INSERT INTO Song (song_name,artist_id,duration) VALUES ("Motion Picture Soundtrack",3,"00:03:20");
INSERT INTO AlbumSong (album_id,song_id,format_id) VALUES(15,193,1);
INSERT INTO AlbumSong (album_id,song_id,format_id) VALUES(15,193,2);
INSERT INTO Song (song_name,artist_id,duration) VALUES ("Untitled",3,"00:00:52");
INSERT INTO AlbumSong (album_id,song_id,format_id) VALUES(15,194,1);
INSERT INTO AlbumSong (album_id,song_id,format_id) VALUES(15,194,2);
INSERT INTO Song (song_name,artist_id,duration) VALUES ("Packt Like Sardines In a Crushd Tin Box",3,"00:04:00");
INSERT INTO AlbumSong (album_id,song_id,format_id) VALUES(15,195,1);
INSERT INTO AlbumSong (album_id,song_id,format_id) VALUES(15,195,2);
INSERT INTO Song (song_name,artist_id,duration) VALUES ("Pyramid Song",3,"00:04:48");
INSERT INTO AlbumSong (album_id,song_id,format_id) VALUES(15,196,1);
INSERT INTO AlbumSong (album_id,song_id,format_id) VALUES(15,196,2);
INSERT INTO Song (song_name,artist_id,duration) VALUES ("Pulk/Pull Revolving Doors",3,"00:04:07");
INSERT INTO AlbumSong (album_id,song_id,format_id) VALUES(15,197,1);
INSERT INTO AlbumSong (album_id,song_id,format_id) VALUES(15,197,2);
INSERT INTO Song (song_name,artist_id,duration) VALUES ("You And Whose Army?",3,"00:03:11");
INSERT INTO AlbumSong (album_id,song_id,format_id) VALUES(15,198,1);
INSERT INTO AlbumSong (album_id,song_id,format_id) VALUES(15,198,2);
INSERT INTO Song (song_name,artist_id,duration) VALUES ("I Might Be Wrong",3,"00:04:53");
INSERT INTO AlbumSong (album_id,song_id,format_id) VALUES(15,199,1);
INSERT INTO AlbumSong (album_id,song_id,format_id) VALUES(15,199,2);
INSERT INTO Song (song_name,artist_id,duration) VALUES ("Knives Out",3,"00:04:14");
INSERT INTO AlbumSong (album_id,song_id,format_id) VALUES(15,200,1);
INSERT INTO AlbumSong (album_id,song_id,format_id) VALUES(15,200,2);
INSERT INTO Song (song_name,artist_id,duration) VALUES ("Morning Bell/Amnesiac",3,"00:03:14");
INSERT INTO AlbumSong (album_id,song_id,format_id) VALUES(15,201,1);
INSERT INTO AlbumSong (album_id,song_id,format_id) VALUES(15,201,2);
INSERT INTO Song (song_name,artist_id,duration) VALUES ("Dollars and Cents",3,"00:04:51");
INSERT INTO AlbumSong (album_id,song_id,format_id) VALUES(15,202,1);
INSERT INTO AlbumSong (album_id,song_id,format_id) VALUES(15,202,2);
INSERT INTO Song (song_name,artist_id,duration) VALUES ("Hunting Bears",3,"00:02:01");
INSERT INTO AlbumSong (album_id,song_id,format_id) VALUES(15,203,1);
INSERT INTO AlbumSong (album_id,song_id,format_id) VALUES(15,203,2);
INSERT INTO Song (song_name,artist_id,duration) VALUES ("Like Spinning Plates",3,"00:03:57");
INSERT INTO AlbumSong (album_id,song_id,format_id) VALUES(15,204,1);
INSERT INTO AlbumSong (album_id,song_id,format_id) VALUES(15,204,2);
INSERT INTO Song (song_name,artist_id,duration) VALUES ("Life In a Glasshouse",3,"00:04:36");
INSERT INTO AlbumSong (album_id,song_id,format_id) VALUES(15,205,1);
INSERT INTO AlbumSong (album_id,song_id,format_id) VALUES(15,205,2);
INSERT INTO Song (song_name,artist_id,duration) VALUES ("Like Spinning Plates - 'Why Us?' Version",3,"00:05:04");
INSERT INTO AlbumSong (album_id,song_id,format_id) VALUES(15,206,1);
INSERT INTO AlbumSong (album_id,song_id,format_id) VALUES(15,206,2);
INSERT INTO Song (song_name,artist_id,duration) VALUES ("Untitled v1",3,"00:01:48");
INSERT INTO AlbumSong (album_id,song_id,format_id) VALUES(15,207,1);
INSERT INTO AlbumSong (album_id,song_id,format_id) VALUES(15,207,2);
INSERT INTO Song (song_name,artist_id,duration) VALUES ("Fog - Again Again Version",3,"00:02:25");
INSERT INTO AlbumSong (album_id,song_id,format_id) VALUES(15,208,1);
INSERT INTO AlbumSong (album_id,song_id,format_id) VALUES(15,208,2);
INSERT INTO Song (song_name,artist_id,duration) VALUES ("If You Say the Word",3,"00:04:20");
INSERT INTO AlbumSong (album_id,song_id,format_id) VALUES(15,209,1);
INSERT INTO AlbumSong (album_id,song_id,format_id) VALUES(15,209,2);
INSERT INTO Song (song_name,artist_id,duration) VALUES ("Follow Me Around",3,"00:05:19");
INSERT INTO AlbumSong (album_id,song_id,format_id) VALUES(15,210,1);
INSERT INTO AlbumSong (album_id,song_id,format_id) VALUES(15,210,2);
INSERT INTO Song (song_name,artist_id,duration) VALUES ("Pulk/Pull - True Love Waits Version",3,"00:02:46");
INSERT INTO AlbumSong (album_id,song_id,format_id) VALUES(15,211,1);
INSERT INTO AlbumSong (album_id,song_id,format_id) VALUES(15,211,2);
INSERT INTO Song (song_name,artist_id,duration) VALUES ("Untitled v2",3,"00:00:46");
INSERT INTO AlbumSong (album_id,song_id,format_id) VALUES(15,212,1);
INSERT INTO AlbumSong (album_id,song_id,format_id) VALUES(15,212,2);
INSERT INTO Song (song_name,artist_id,duration) VALUES ("The Morning Bell - In the Dark Version",3,"00:02:00");
INSERT INTO AlbumSong (album_id,song_id,format_id) VALUES(15,213,1);
INSERT INTO AlbumSong (album_id,song_id,format_id) VALUES(15,213,2);
INSERT INTO Song (song_name,artist_id,duration) VALUES ("Pyramid Strings",3,"00:01:18");
INSERT INTO AlbumSong (album_id,song_id,format_id) VALUES(15,214,1);
INSERT INTO AlbumSong (album_id,song_id,format_id) VALUES(15,214,2);
INSERT INTO Song (song_name,artist_id,duration) VALUES ("Alt. Fast Track",3,"00:01:32");
INSERT INTO AlbumSong (album_id,song_id,format_id) VALUES(15,215,1);
INSERT INTO AlbumSong (album_id,song_id,format_id) VALUES(15,215,2);
INSERT INTO Song (song_name,artist_id,duration) VALUES ("Untitled v3",3,"00:01:16");
INSERT INTO AlbumSong (album_id,song_id,format_id) VALUES(15,216,1);
INSERT INTO AlbumSong (album_id,song_id,format_id) VALUES(15,216,2);
INSERT INTO Song (song_name,artist_id,duration) VALUES ("How to Disappear into Strings",3,"00:05:32");
INSERT INTO AlbumSong (album_id,song_id,format_id) VALUES(15,217,1);
INSERT INTO AlbumSong (album_id,song_id,format_id) VALUES(15,217,2);
INSERT INTO Album(album_id,album_name,artist_id,art_id,release_date) VALUES (15,"KID A MNESIA",3,15,"2021-11-05");
INSERT INTO AlbumArt(path) VALUES ("/var/www/album_art/radiohead_ok_computer_oknotok_1997_2017.jpg");
INSERT INTO Song (song_name,artist_id,duration) VALUES ("Airbag - Remastered",3,"00:04:43");
INSERT INTO AlbumSong (album_id,song_id,format_id) VALUES(16,218,1);
INSERT INTO AlbumSong (album_id,song_id,format_id) VALUES(16,218,2);
INSERT INTO Song (song_name,artist_id,duration) VALUES ("Paranoid Android - Remastered",3,"00:06:23");
INSERT INTO AlbumSong (album_id,song_id,format_id) VALUES(16,219,1);
INSERT INTO AlbumSong (album_id,song_id,format_id) VALUES(16,219,2);
INSERT INTO Song (song_name,artist_id,duration) VALUES ("Subterranean Homesick Alien - Remastered",3,"00:04:29");
INSERT INTO AlbumSong (album_id,song_id,format_id) VALUES(16,220,1);
INSERT INTO AlbumSong (album_id,song_id,format_id) VALUES(16,220,2);
INSERT INTO Song (song_name,artist_id,duration) VALUES ("Exit Music (For A Film) - Remastered",3,"00:04:25");
INSERT INTO AlbumSong (album_id,song_id,format_id) VALUES(16,221,1);
INSERT INTO AlbumSong (album_id,song_id,format_id) VALUES(16,221,2);
INSERT INTO Song (song_name,artist_id,duration) VALUES ("Let Down - Remastered",3,"00:04:59");
INSERT INTO AlbumSong (album_id,song_id,format_id) VALUES(16,222,1);
INSERT INTO AlbumSong (album_id,song_id,format_id) VALUES(16,222,2);
INSERT INTO Song (song_name,artist_id,duration) VALUES ("Karma Police - Remastered",3,"00:04:21");
INSERT INTO AlbumSong (album_id,song_id,format_id) VALUES(16,223,1);
INSERT INTO AlbumSong (album_id,song_id,format_id) VALUES(16,223,2);
INSERT INTO Song (song_name,artist_id,duration) VALUES ("Fitter Happier - Remastered",3,"00:01:57");
INSERT INTO AlbumSong (album_id,song_id,format_id) VALUES(16,224,1);
INSERT INTO AlbumSong (album_id,song_id,format_id) VALUES(16,224,2);
INSERT INTO Song (song_name,artist_id,duration) VALUES ("Electioneering - Remastered",3,"00:03:50");
INSERT INTO AlbumSong (album_id,song_id,format_id) VALUES(16,225,1);
INSERT INTO AlbumSong (album_id,song_id,format_id) VALUES(16,225,2);
INSERT INTO Song (song_name,artist_id,duration) VALUES ("Climbing Up the Walls - Remastered",3,"00:04:45");
INSERT INTO AlbumSong (album_id,song_id,format_id) VALUES(16,226,1);
INSERT INTO AlbumSong (album_id,song_id,format_id) VALUES(16,226,2);
INSERT INTO Song (song_name,artist_id,duration) VALUES ("No Surprises - Remastered",3,"00:03:48");
INSERT INTO AlbumSong (album_id,song_id,format_id) VALUES(16,227,1);
INSERT INTO AlbumSong (album_id,song_id,format_id) VALUES(16,227,2);
INSERT INTO Song (song_name,artist_id,duration) VALUES ("Lucky - Remastered",3,"00:04:19");
INSERT INTO AlbumSong (album_id,song_id,format_id) VALUES(16,228,1);
INSERT INTO AlbumSong (album_id,song_id,format_id) VALUES(16,228,2);
INSERT INTO Song (song_name,artist_id,duration) VALUES ("The Tourist - Remastered",3,"00:05:23");
INSERT INTO AlbumSong (album_id,song_id,format_id) VALUES(16,229,1);
INSERT INTO AlbumSong (album_id,song_id,format_id) VALUES(16,229,2);
INSERT INTO Song (song_name,artist_id,duration) VALUES ("I Promise",3,"00:03:59");
INSERT INTO AlbumSong (album_id,song_id,format_id) VALUES(16,230,1);
INSERT INTO AlbumSong (album_id,song_id,format_id) VALUES(16,230,2);
INSERT INTO Song (song_name,artist_id,duration) VALUES ("Man of War",3,"00:04:29");
INSERT INTO AlbumSong (album_id,song_id,format_id) VALUES(16,231,1);
INSERT INTO AlbumSong (album_id,song_id,format_id) VALUES(16,231,2);
INSERT INTO Song (song_name,artist_id,duration) VALUES ("Lift",3,"00:04:06");
INSERT INTO AlbumSong (album_id,song_id,format_id) VALUES(16,232,1);
INSERT INTO AlbumSong (album_id,song_id,format_id) VALUES(16,232,2);
INSERT INTO Song (song_name,artist_id,duration) VALUES ("Lull - Remastered",3,"00:02:25");
INSERT INTO AlbumSong (album_id,song_id,format_id) VALUES(16,233,1);
INSERT INTO AlbumSong (album_id,song_id,format_id) VALUES(16,233,2);
INSERT INTO Song (song_name,artist_id,duration) VALUES ("Meeting in the Aisle - Remastered",3,"00:03:07");
INSERT INTO AlbumSong (album_id,song_id,format_id) VALUES(16,234,1);
INSERT INTO AlbumSong (album_id,song_id,format_id) VALUES(16,234,2);
INSERT INTO Song (song_name,artist_id,duration) VALUES ("Melatonin - Remastered",3,"00:02:08");
INSERT INTO AlbumSong (album_id,song_id,format_id) VALUES(16,235,1);
INSERT INTO AlbumSong (album_id,song_id,format_id) VALUES(16,235,2);
INSERT INTO Song (song_name,artist_id,duration) VALUES ("A Reminder - Remastered",3,"00:03:52");
INSERT INTO AlbumSong (album_id,song_id,format_id) VALUES(16,236,1);
INSERT INTO AlbumSong (album_id,song_id,format_id) VALUES(16,236,2);
INSERT INTO Song (song_name,artist_id,duration) VALUES ("Polyethylene (Parts 1 & 2) - Remastered",3,"00:04:22");
INSERT INTO AlbumSong (album_id,song_id,format_id) VALUES(16,237,1);
INSERT INTO AlbumSong (album_id,song_id,format_id) VALUES(16,237,2);
INSERT INTO Song (song_name,artist_id,duration) VALUES ("Pearly* - Remastered",3,"00:03:38");
INSERT INTO AlbumSong (album_id,song_id,format_id) VALUES(16,238,1);
INSERT INTO AlbumSong (album_id,song_id,format_id) VALUES(16,238,2);
INSERT INTO Song (song_name,artist_id,duration) VALUES ("Palo Alto - Remastered",3,"00:03:51");
INSERT INTO AlbumSong (album_id,song_id,format_id) VALUES(16,239,1);
INSERT INTO AlbumSong (album_id,song_id,format_id) VALUES(16,239,2);
INSERT INTO Song (song_name,artist_id,duration) VALUES ("How I Made My Millions - Remastered",3,"00:03:07");
INSERT INTO AlbumSong (album_id,song_id,format_id) VALUES(16,240,1);
INSERT INTO AlbumSong (album_id,song_id,format_id) VALUES(16,240,2);
INSERT INTO Album(album_id,album_name,artist_id,art_id,release_date) VALUES (16,"OK Computer OKNOTOK 1997 2017",3,16,"2017-06-23");
INSERT INTO AlbumArt(path) VALUES ("/var/www/album_art/radiohead_a_moon_shaped_pool.jpg");
INSERT INTO Song (song_name,artist_id,duration) VALUES ("Burn the Witch",3,"00:03:40");
INSERT INTO AlbumSong (album_id,song_id,format_id) VALUES(17,241,1);
INSERT INTO AlbumSong (album_id,song_id,format_id) VALUES(17,241,2);
INSERT INTO Song (song_name,artist_id,duration) VALUES ("Daydreaming",3,"00:06:24");
INSERT INTO AlbumSong (album_id,song_id,format_id) VALUES(17,242,1);
INSERT INTO AlbumSong (album_id,song_id,format_id) VALUES(17,242,2);
INSERT INTO Song (song_name,artist_id,duration) VALUES ("Decks Dark",3,"00:04:41");
INSERT INTO AlbumSong (album_id,song_id,format_id) VALUES(17,243,1);
INSERT INTO AlbumSong (album_id,song_id,format_id) VALUES(17,243,2);
INSERT INTO Song (song_name,artist_id,duration) VALUES ("Desert Island Disk",3,"00:03:44");
INSERT INTO AlbumSong (album_id,song_id,format_id) VALUES(17,244,1);
INSERT INTO AlbumSong (album_id,song_id,format_id) VALUES(17,244,2);
INSERT INTO Song (song_name,artist_id,duration) VALUES ("Ful Stop",3,"00:06:07");
INSERT INTO AlbumSong (album_id,song_id,format_id) VALUES(17,245,1);
INSERT INTO AlbumSong (album_id,song_id,format_id) VALUES(17,245,2);
INSERT INTO Song (song_name,artist_id,duration) VALUES ("Glass Eyes",3,"00:02:52");
INSERT INTO AlbumSong (album_id,song_id,format_id) VALUES(17,246,1);
INSERT INTO AlbumSong (album_id,song_id,format_id) VALUES(17,246,2);
INSERT INTO Song (song_name,artist_id,duration) VALUES ("Identikit",3,"00:04:26");
INSERT INTO AlbumSong (album_id,song_id,format_id) VALUES(17,247,1);
INSERT INTO AlbumSong (album_id,song_id,format_id) VALUES(17,247,2);
INSERT INTO Song (song_name,artist_id,duration) VALUES ("The Numbers",3,"00:05:45");
INSERT INTO AlbumSong (album_id,song_id,format_id) VALUES(17,248,1);
INSERT INTO AlbumSong (album_id,song_id,format_id) VALUES(17,248,2);
INSERT INTO Song (song_name,artist_id,duration) VALUES ("Present Tense",3,"00:05:06");
INSERT INTO AlbumSong (album_id,song_id,format_id) VALUES(17,249,1);
INSERT INTO AlbumSong (album_id,song_id,format_id) VALUES(17,249,2);
INSERT INTO Song (song_name,artist_id,duration) VALUES ("Tinker Tailor Soldier Sailor Rich Man Poor Man Beggar Man Thief",3,"00:05:03");
INSERT INTO AlbumSong (album_id,song_id,format_id) VALUES(17,250,1);
INSERT INTO AlbumSong (album_id,song_id,format_id) VALUES(17,250,2);
INSERT INTO Song (song_name,artist_id,duration) VALUES ("True Love Waits",3,"00:04:43");
INSERT INTO AlbumSong (album_id,song_id,format_id) VALUES(17,251,1);
INSERT INTO AlbumSong (album_id,song_id,format_id) VALUES(17,251,2);
INSERT INTO Album(album_id,album_name,artist_id,art_id,release_date) VALUES (17,"A Moon Shaped Pool",3,17,"2016-05-08");
INSERT INTO AlbumArt(path) VALUES ("/var/www/album_art/radiohead_tkol_rmx_1234567.jpg");
INSERT INTO Song (song_name,artist_id,duration) VALUES ("Little By Little - Caribou Rmx",3,"00:05:40");
INSERT INTO AlbumSong (album_id,song_id,format_id) VALUES(18,252,1);
INSERT INTO AlbumSong (album_id,song_id,format_id) VALUES(18,252,2);
INSERT INTO Song (song_name,artist_id,duration) VALUES ("Lotus Flower - Jacques Greene Rmx",3,"00:07:09");
INSERT INTO AlbumSong (album_id,song_id,format_id) VALUES(18,253,1);
INSERT INTO AlbumSong (album_id,song_id,format_id) VALUES(18,253,2);
INSERT INTO Song (song_name,artist_id,duration) VALUES ("Morning Mr Magpie - Nathan Fake Rmx",3,"00:04:51");
INSERT INTO AlbumSong (album_id,song_id,format_id) VALUES(18,254,1);
INSERT INTO AlbumSong (album_id,song_id,format_id) VALUES(18,254,2);
INSERT INTO Song (song_name,artist_id,duration) VALUES ("Bloom - Harmonic 313 Rmx",3,"00:05:04");
INSERT INTO AlbumSong (album_id,song_id,format_id) VALUES(18,255,1);
INSERT INTO AlbumSong (album_id,song_id,format_id) VALUES(18,255,2);
INSERT INTO Song (song_name,artist_id,duration) VALUES ("Bloom - Mark Pritchard Rmx",3,"00:06:07");
INSERT INTO AlbumSong (album_id,song_id,format_id) VALUES(18,256,1);
INSERT INTO AlbumSong (album_id,song_id,format_id) VALUES(18,256,2);
INSERT INTO Song (song_name,artist_id,duration) VALUES ("Feral - Lone RMX",3,"00:05:17");
INSERT INTO AlbumSong (album_id,song_id,format_id) VALUES(18,257,1);
INSERT INTO AlbumSong (album_id,song_id,format_id) VALUES(18,257,2);
INSERT INTO Song (song_name,artist_id,duration) VALUES ("Morning Mr Magpie - Pearson Sound Scavenger RMX",3,"00:04:38");
INSERT INTO AlbumSong (album_id,song_id,format_id) VALUES(18,258,1);
INSERT INTO AlbumSong (album_id,song_id,format_id) VALUES(18,258,2);
INSERT INTO Song (song_name,artist_id,duration) VALUES ("Separator - Four Tet RMX",3,"00:07:03");
INSERT INTO AlbumSong (album_id,song_id,format_id) VALUES(18,259,1);
INSERT INTO AlbumSong (album_id,song_id,format_id) VALUES(18,259,2);
INSERT INTO Song (song_name,artist_id,duration) VALUES ("Give Up The Ghost - Thriller Houseghost Remix",3,"00:06:13");
INSERT INTO AlbumSong (album_id,song_id,format_id) VALUES(18,260,1);
INSERT INTO AlbumSong (album_id,song_id,format_id) VALUES(18,260,2);
INSERT INTO Song (song_name,artist_id,duration) VALUES ("Codex (Illum Sphere)",3,"00:04:34");
INSERT INTO AlbumSong (album_id,song_id,format_id) VALUES(18,261,1);
INSERT INTO AlbumSong (album_id,song_id,format_id) VALUES(18,261,2);
INSERT INTO Song (song_name,artist_id,duration) VALUES ("Little By Little (Shed)",3,"00:04:49");
INSERT INTO AlbumSong (album_id,song_id,format_id) VALUES(18,262,1);
INSERT INTO AlbumSong (album_id,song_id,format_id) VALUES(18,262,2);
INSERT INTO Song (song_name,artist_id,duration) VALUES ("Give Up The Ghost - Brokenchord Rmx",3,"00:05:05");
INSERT INTO AlbumSong (album_id,song_id,format_id) VALUES(18,263,1);
INSERT INTO AlbumSong (album_id,song_id,format_id) VALUES(18,263,2);
INSERT INTO Song (song_name,artist_id,duration) VALUES ("TKOL - Altrice Rmx",3,"00:06:02");
INSERT INTO AlbumSong (album_id,song_id,format_id) VALUES(18,264,1);
INSERT INTO AlbumSong (album_id,song_id,format_id) VALUES(18,264,2);
INSERT INTO Song (song_name,artist_id,duration) VALUES ("Bloom - Blawan Rmx",3,"00:07:29");
INSERT INTO AlbumSong (album_id,song_id,format_id) VALUES(18,265,1);
INSERT INTO AlbumSong (album_id,song_id,format_id) VALUES(18,265,2);
INSERT INTO Song (song_name,artist_id,duration) VALUES ("Good Evening Mrs Magpie - Modeselektor RMX",3,"00:07:44");
INSERT INTO AlbumSong (album_id,song_id,format_id) VALUES(18,266,1);
INSERT INTO AlbumSong (album_id,song_id,format_id) VALUES(18,266,2);
INSERT INTO Song (song_name,artist_id,duration) VALUES ("Bloom - Objekt RMX",3,"00:05:21");
INSERT INTO AlbumSong (album_id,song_id,format_id) VALUES(18,267,1);
INSERT INTO AlbumSong (album_id,song_id,format_id) VALUES(18,267,2);
INSERT INTO Song (song_name,artist_id,duration) VALUES ("Bloom - Jamie xx Rework",3,"00:02:28");
INSERT INTO AlbumSong (album_id,song_id,format_id) VALUES(18,268,1);
INSERT INTO AlbumSong (album_id,song_id,format_id) VALUES(18,268,2);
INSERT INTO Song (song_name,artist_id,duration) VALUES ("Separator - Anstam RMX",3,"00:04:50");
INSERT INTO AlbumSong (album_id,song_id,format_id) VALUES(18,269,1);
INSERT INTO AlbumSong (album_id,song_id,format_id) VALUES(18,269,2);
INSERT INTO Song (song_name,artist_id,duration) VALUES ("Lotus Flower - SBTRKT RMX",3,"00:05:21");
INSERT INTO AlbumSong (album_id,song_id,format_id) VALUES(18,270,1);
INSERT INTO AlbumSong (album_id,song_id,format_id) VALUES(18,270,2);
INSERT INTO Album(album_id,album_name,artist_id,art_id,release_date) VALUES (18,"TKOL RMX 1234567",3,18,"2011-10-10");
INSERT INTO AlbumArt(path) VALUES ("/var/www/album_art/radiohead_the_king_of_limbs.jpg");
INSERT INTO Song (song_name,artist_id,duration) VALUES ("Bloom",3,"00:05:13");
INSERT INTO AlbumSong (album_id,song_id,format_id) VALUES(19,271,1);
INSERT INTO AlbumSong (album_id,song_id,format_id) VALUES(19,271,2);
INSERT INTO Song (song_name,artist_id,duration) VALUES ("Morning Mr Magpie",3,"00:04:40");
INSERT INTO AlbumSong (album_id,song_id,format_id) VALUES(19,272,1);
INSERT INTO AlbumSong (album_id,song_id,format_id) VALUES(19,272,2);
INSERT INTO Song (song_name,artist_id,duration) VALUES ("Little By Little",3,"00:04:27");
INSERT INTO AlbumSong (album_id,song_id,format_id) VALUES(19,273,1);
INSERT INTO AlbumSong (album_id,song_id,format_id) VALUES(19,273,2);
INSERT INTO Song (song_name,artist_id,duration) VALUES ("Feral",3,"00:03:12");
INSERT INTO AlbumSong (album_id,song_id,format_id) VALUES(19,274,1);
INSERT INTO AlbumSong (album_id,song_id,format_id) VALUES(19,274,2);
INSERT INTO Song (song_name,artist_id,duration) VALUES ("Lotus Flower",3,"00:05:00");
INSERT INTO AlbumSong (album_id,song_id,format_id) VALUES(19,275,1);
INSERT INTO AlbumSong (album_id,song_id,format_id) VALUES(19,275,2);
INSERT INTO Song (song_name,artist_id,duration) VALUES ("Codex",3,"00:04:47");
INSERT INTO AlbumSong (album_id,song_id,format_id) VALUES(19,276,1);
INSERT INTO AlbumSong (album_id,song_id,format_id) VALUES(19,276,2);
INSERT INTO Song (song_name,artist_id,duration) VALUES ("Give Up The Ghost",3,"00:04:50");
INSERT INTO AlbumSong (album_id,song_id,format_id) VALUES(19,277,1);
INSERT INTO AlbumSong (album_id,song_id,format_id) VALUES(19,277,2);
INSERT INTO Song (song_name,artist_id,duration) VALUES ("Separator",3,"00:05:19");
INSERT INTO AlbumSong (album_id,song_id,format_id) VALUES(19,278,1);
INSERT INTO AlbumSong (album_id,song_id,format_id) VALUES(19,278,2);
INSERT INTO Album(album_id,album_name,artist_id,art_id,release_date) VALUES (19,"The King Of Limbs",3,19,"2011-02-18");
INSERT INTO AlbumArt(path) VALUES ("/var/www/album_art/radiohead_in_rainbows.jpg");
INSERT INTO Song (song_name,artist_id,duration) VALUES ("15 Step",3,"00:03:57");
INSERT INTO AlbumSong (album_id,song_id,format_id) VALUES(20,279,1);
INSERT INTO AlbumSong (album_id,song_id,format_id) VALUES(20,279,2);
INSERT INTO Song (song_name,artist_id,duration) VALUES ("Bodysnatchers",3,"00:04:02");
INSERT INTO AlbumSong (album_id,song_id,format_id) VALUES(20,280,1);
INSERT INTO AlbumSong (album_id,song_id,format_id) VALUES(20,280,2);
INSERT INTO Song (song_name,artist_id,duration) VALUES ("Nude",3,"00:04:15");
INSERT INTO AlbumSong (album_id,song_id,format_id) VALUES(20,281,1);
INSERT INTO AlbumSong (album_id,song_id,format_id) VALUES(20,281,2);
INSERT INTO Song (song_name,artist_id,duration) VALUES ("Weird Fishes/ Arpeggi",3,"00:05:18");
INSERT INTO AlbumSong (album_id,song_id,format_id) VALUES(20,282,1);
INSERT INTO AlbumSong (album_id,song_id,format_id) VALUES(20,282,2);
INSERT INTO Song (song_name,artist_id,duration) VALUES ("All I Need",3,"00:03:48");
INSERT INTO AlbumSong (album_id,song_id,format_id) VALUES(20,283,1);
INSERT INTO AlbumSong (album_id,song_id,format_id) VALUES(20,283,2);
INSERT INTO Song (song_name,artist_id,duration) VALUES ("Faust Arp",3,"00:02:09");
INSERT INTO AlbumSong (album_id,song_id,format_id) VALUES(20,284,1);
INSERT INTO AlbumSong (album_id,song_id,format_id) VALUES(20,284,2);
INSERT INTO Song (song_name,artist_id,duration) VALUES ("Reckoner",3,"00:04:50");
INSERT INTO AlbumSong (album_id,song_id,format_id) VALUES(20,285,1);
INSERT INTO AlbumSong (album_id,song_id,format_id) VALUES(20,285,2);
INSERT INTO Song (song_name,artist_id,duration) VALUES ("House Of Cards",3,"00:05:28");
INSERT INTO AlbumSong (album_id,song_id,format_id) VALUES(20,286,1);
INSERT INTO AlbumSong (album_id,song_id,format_id) VALUES(20,286,2);
INSERT INTO Song (song_name,artist_id,duration) VALUES ("Jigsaw Falling Into Place",3,"00:04:08");
INSERT INTO AlbumSong (album_id,song_id,format_id) VALUES(20,287,1);
INSERT INTO AlbumSong (album_id,song_id,format_id) VALUES(20,287,2);
INSERT INTO Song (song_name,artist_id,duration) VALUES ("Videotape",3,"00:04:39");
INSERT INTO AlbumSong (album_id,song_id,format_id) VALUES(20,288,1);
INSERT INTO AlbumSong (album_id,song_id,format_id) VALUES(20,288,2);
INSERT INTO Album(album_id,album_name,artist_id,art_id,release_date) VALUES (20,"In Rainbows",3,20,"2007-12-28");
INSERT INTO AlbumArt(path) VALUES ("/var/www/album_art/radiohead_in_rainbows_(disk_2).jpg");
INSERT INTO Song (song_name,artist_id,duration) VALUES ("MK 1",3,"00:01:02");
INSERT INTO AlbumSong (album_id,song_id,format_id) VALUES(21,289,1);
INSERT INTO AlbumSong (album_id,song_id,format_id) VALUES(21,289,2);
INSERT INTO Song (song_name,artist_id,duration) VALUES ("Down Is The New Up",3,"00:04:59");
INSERT INTO AlbumSong (album_id,song_id,format_id) VALUES(21,290,1);
INSERT INTO AlbumSong (album_id,song_id,format_id) VALUES(21,290,2);
INSERT INTO Song (song_name,artist_id,duration) VALUES ("Go Slowly",3,"00:03:48");
INSERT INTO AlbumSong (album_id,song_id,format_id) VALUES(21,291,1);
INSERT INTO AlbumSong (album_id,song_id,format_id) VALUES(21,291,2);
INSERT INTO Song (song_name,artist_id,duration) VALUES ("MK 2",3,"00:00:53");
INSERT INTO AlbumSong (album_id,song_id,format_id) VALUES(21,292,1);
INSERT INTO AlbumSong (album_id,song_id,format_id) VALUES(21,292,2);
INSERT INTO Song (song_name,artist_id,duration) VALUES ("Last Flowers",3,"00:04:26");
INSERT INTO AlbumSong (album_id,song_id,format_id) VALUES(21,293,1);
INSERT INTO AlbumSong (album_id,song_id,format_id) VALUES(21,293,2);
INSERT INTO Song (song_name,artist_id,duration) VALUES ("Up On The Ladder",3,"00:04:17");
INSERT INTO AlbumSong (album_id,song_id,format_id) VALUES(21,294,1);
INSERT INTO AlbumSong (album_id,song_id,format_id) VALUES(21,294,2);
INSERT INTO Song (song_name,artist_id,duration) VALUES ("Bangers + Mash",3,"00:03:19");
INSERT INTO AlbumSong (album_id,song_id,format_id) VALUES(21,295,1);
INSERT INTO AlbumSong (album_id,song_id,format_id) VALUES(21,295,2);
INSERT INTO Song (song_name,artist_id,duration) VALUES ("4 Minute Warning",3,"00:04:04");
INSERT INTO AlbumSong (album_id,song_id,format_id) VALUES(21,296,1);
INSERT INTO AlbumSong (album_id,song_id,format_id) VALUES(21,296,2);
INSERT INTO Album(album_id,album_name,artist_id,art_id,release_date) VALUES (21,"In Rainbows (Disk 2)",3,21,"2007-01-01");
INSERT INTO AlbumArt(path) VALUES ("/var/www/album_art/radiohead_hail_to_the_thief.jpg");
INSERT INTO Song (song_name,artist_id,duration) VALUES ("2 + 2 = 5",3,"00:03:19");
INSERT INTO AlbumSong (album_id,song_id,format_id) VALUES(22,297,1);
INSERT INTO AlbumSong (album_id,song_id,format_id) VALUES(22,297,2);
INSERT INTO Song (song_name,artist_id,duration) VALUES ("Sit Down. Stand Up",3,"00:04:19");
INSERT INTO AlbumSong (album_id,song_id,format_id) VALUES(22,298,1);
INSERT INTO AlbumSong (album_id,song_id,format_id) VALUES(22,298,2);
INSERT INTO Song (song_name,artist_id,duration) VALUES ("Sail To The Moon",3,"00:04:18");
INSERT INTO AlbumSong (album_id,song_id,format_id) VALUES(22,299,1);
INSERT INTO AlbumSong (album_id,song_id,format_id) VALUES(22,299,2);
INSERT INTO Song (song_name,artist_id,duration) VALUES ("Backdrifts",3,"00:05:22");
INSERT INTO AlbumSong (album_id,song_id,format_id) VALUES(22,300,1);
INSERT INTO AlbumSong (album_id,song_id,format_id) VALUES(22,300,2);
INSERT INTO Song (song_name,artist_id,duration) VALUES ("Go To Sleep",3,"00:03:21");
INSERT INTO AlbumSong (album_id,song_id,format_id) VALUES(22,301,1);
INSERT INTO AlbumSong (album_id,song_id,format_id) VALUES(22,301,2);
INSERT INTO Song (song_name,artist_id,duration) VALUES ("Where I End and You Begin",3,"00:04:29");
INSERT INTO AlbumSong (album_id,song_id,format_id) VALUES(22,302,1);
INSERT INTO AlbumSong (album_id,song_id,format_id) VALUES(22,302,2);
INSERT INTO Song (song_name,artist_id,duration) VALUES ("We Suck Young Blood",3,"00:04:56");
INSERT INTO AlbumSong (album_id,song_id,format_id) VALUES(22,303,1);
INSERT INTO AlbumSong (album_id,song_id,format_id) VALUES(22,303,2);
INSERT INTO Song (song_name,artist_id,duration) VALUES ("The Gloaming",3,"00:03:32");
INSERT INTO AlbumSong (album_id,song_id,format_id) VALUES(22,304,1);
INSERT INTO AlbumSong (album_id,song_id,format_id) VALUES(22,304,2);
INSERT INTO Song (song_name,artist_id,duration) VALUES ("There, There",3,"00:05:23");
INSERT INTO AlbumSong (album_id,song_id,format_id) VALUES(22,305,1);
INSERT INTO AlbumSong (album_id,song_id,format_id) VALUES(22,305,2);
INSERT INTO Song (song_name,artist_id,duration) VALUES ("I Will",3,"00:01:59");
INSERT INTO AlbumSong (album_id,song_id,format_id) VALUES(22,306,1);
INSERT INTO AlbumSong (album_id,song_id,format_id) VALUES(22,306,2);
INSERT INTO Song (song_name,artist_id,duration) VALUES ("A Punch Up at a Wedding",3,"00:04:57");
INSERT INTO AlbumSong (album_id,song_id,format_id) VALUES(22,307,1);
INSERT INTO AlbumSong (album_id,song_id,format_id) VALUES(22,307,2);
INSERT INTO Song (song_name,artist_id,duration) VALUES ("Myxomatosis",3,"00:03:52");
INSERT INTO AlbumSong (album_id,song_id,format_id) VALUES(22,308,1);
INSERT INTO AlbumSong (album_id,song_id,format_id) VALUES(22,308,2);
INSERT INTO Song (song_name,artist_id,duration) VALUES ("Scatterbrain",3,"00:03:21");
INSERT INTO AlbumSong (album_id,song_id,format_id) VALUES(22,309,1);
INSERT INTO AlbumSong (album_id,song_id,format_id) VALUES(22,309,2);
INSERT INTO Song (song_name,artist_id,duration) VALUES ("A Wolf At the Door",3,"00:03:21");
INSERT INTO AlbumSong (album_id,song_id,format_id) VALUES(22,310,1);
INSERT INTO AlbumSong (album_id,song_id,format_id) VALUES(22,310,2);
INSERT INTO Album(album_id,album_name,artist_id,art_id,release_date) VALUES (22,"Hail To the Thief",3,22,"2003-06-09");
INSERT INTO AlbumArt(path) VALUES ("/var/www/album_art/radiohead_i_might_be_wrong.jpg");
INSERT INTO Song (song_name,artist_id,duration) VALUES ("The National Anthem - Live in France",3,"00:04:57");
INSERT INTO AlbumSong (album_id,song_id,format_id) VALUES(23,311,1);
INSERT INTO AlbumSong (album_id,song_id,format_id) VALUES(23,311,2);
INSERT INTO Song (song_name,artist_id,duration) VALUES ("I Might Be Wrong - Live",3,"00:04:52");
INSERT INTO AlbumSong (album_id,song_id,format_id) VALUES(23,312,1);
INSERT INTO AlbumSong (album_id,song_id,format_id) VALUES(23,312,2);
INSERT INTO Song (song_name,artist_id,duration) VALUES ("Morning Bell - Live in Oxford",3,"00:04:14");
INSERT INTO AlbumSong (album_id,song_id,format_id) VALUES(23,313,1);
INSERT INTO AlbumSong (album_id,song_id,format_id) VALUES(23,313,2);
INSERT INTO Song (song_name,artist_id,duration) VALUES ("Like Spinning Plates - Live",3,"00:03:52");
INSERT INTO AlbumSong (album_id,song_id,format_id) VALUES(23,314,1);
INSERT INTO AlbumSong (album_id,song_id,format_id) VALUES(23,314,2);
INSERT INTO Song (song_name,artist_id,duration) VALUES ("Idioteque - Live in Oxford",3,"00:04:24");
INSERT INTO AlbumSong (album_id,song_id,format_id) VALUES(23,315,1);
INSERT INTO AlbumSong (album_id,song_id,format_id) VALUES(23,315,2);
INSERT INTO Song (song_name,artist_id,duration) VALUES ("Everything In Its Right Place - Live in France",3,"00:07:42");
INSERT INTO AlbumSong (album_id,song_id,format_id) VALUES(23,316,1);
INSERT INTO AlbumSong (album_id,song_id,format_id) VALUES(23,316,2);
INSERT INTO Song (song_name,artist_id,duration) VALUES ("Dollars and Cents - Live",3,"00:05:13");
INSERT INTO AlbumSong (album_id,song_id,format_id) VALUES(23,317,1);
INSERT INTO AlbumSong (album_id,song_id,format_id) VALUES(23,317,2);
INSERT INTO Song (song_name,artist_id,duration) VALUES ("True Love Waits - Live in Oslo",3,"00:05:04");
INSERT INTO AlbumSong (album_id,song_id,format_id) VALUES(23,318,1);
INSERT INTO AlbumSong (album_id,song_id,format_id) VALUES(23,318,2);
INSERT INTO Album(album_id,album_name,artist_id,art_id,release_date) VALUES (23,"I Might Be Wrong",3,23,"2001-11-12");
INSERT INTO AlbumArt(path) VALUES ("/var/www/album_art/radiohead_amnesiac.jpg");
INSERT INTO AlbumSong (album_id,song_id,format_id) VALUES(24,195,1);
INSERT INTO AlbumSong (album_id,song_id,format_id) VALUES(24,195,2);
INSERT INTO AlbumSong (album_id,song_id,format_id) VALUES(24,196,1);
INSERT INTO AlbumSong (album_id,song_id,format_id) VALUES(24,196,2);
INSERT INTO AlbumSong (album_id,song_id,format_id) VALUES(24,197,1);
INSERT INTO AlbumSong (album_id,song_id,format_id) VALUES(24,197,2);
INSERT INTO AlbumSong (album_id,song_id,format_id) VALUES(24,198,1);
INSERT INTO AlbumSong (album_id,song_id,format_id) VALUES(24,198,2);
INSERT INTO AlbumSong (album_id,song_id,format_id) VALUES(24,199,1);
INSERT INTO AlbumSong (album_id,song_id,format_id) VALUES(24,199,2);
INSERT INTO AlbumSong (album_id,song_id,format_id) VALUES(24,200,1);
INSERT INTO AlbumSong (album_id,song_id,format_id) VALUES(24,200,2);
INSERT INTO AlbumSong (album_id,song_id,format_id) VALUES(24,201,1);
INSERT INTO AlbumSong (album_id,song_id,format_id) VALUES(24,201,2);
INSERT INTO AlbumSong (album_id,song_id,format_id) VALUES(24,202,1);
INSERT INTO AlbumSong (album_id,song_id,format_id) VALUES(24,202,2);
INSERT INTO AlbumSong (album_id,song_id,format_id) VALUES(24,203,1);
INSERT INTO AlbumSong (album_id,song_id,format_id) VALUES(24,203,2);
INSERT INTO AlbumSong (album_id,song_id,format_id) VALUES(24,204,1);
INSERT INTO AlbumSong (album_id,song_id,format_id) VALUES(24,204,2);
INSERT INTO AlbumSong (album_id,song_id,format_id) VALUES(24,205,1);
INSERT INTO AlbumSong (album_id,song_id,format_id) VALUES(24,205,2);
INSERT INTO Album(album_id,album_name,artist_id,art_id,release_date) VALUES (24,"Amnesiac",3,24,"2001-03-12");
INSERT INTO AlbumArt(path) VALUES ("/var/www/album_art/radiohead_kid_a.jpg");
INSERT INTO AlbumSong (album_id,song_id,format_id) VALUES(25,184,1);
INSERT INTO AlbumSong (album_id,song_id,format_id) VALUES(25,184,2);
INSERT INTO AlbumSong (album_id,song_id,format_id) VALUES(25,185,1);
INSERT INTO AlbumSong (album_id,song_id,format_id) VALUES(25,185,2);
INSERT INTO AlbumSong (album_id,song_id,format_id) VALUES(25,186,1);
INSERT INTO AlbumSong (album_id,song_id,format_id) VALUES(25,186,2);
INSERT INTO AlbumSong (album_id,song_id,format_id) VALUES(25,187,1);
INSERT INTO AlbumSong (album_id,song_id,format_id) VALUES(25,187,2);
INSERT INTO AlbumSong (album_id,song_id,format_id) VALUES(25,188,1);
INSERT INTO AlbumSong (album_id,song_id,format_id) VALUES(25,188,2);
INSERT INTO AlbumSong (album_id,song_id,format_id) VALUES(25,189,1);
INSERT INTO AlbumSong (album_id,song_id,format_id) VALUES(25,189,2);
INSERT INTO AlbumSong (album_id,song_id,format_id) VALUES(25,190,1);
INSERT INTO AlbumSong (album_id,song_id,format_id) VALUES(25,190,2);
INSERT INTO AlbumSong (album_id,song_id,format_id) VALUES(25,191,1);
INSERT INTO AlbumSong (album_id,song_id,format_id) VALUES(25,191,2);
INSERT INTO AlbumSong (album_id,song_id,format_id) VALUES(25,192,1);
INSERT INTO AlbumSong (album_id,song_id,format_id) VALUES(25,192,2);
INSERT INTO AlbumSong (album_id,song_id,format_id) VALUES(25,193,1);
INSERT INTO AlbumSong (album_id,song_id,format_id) VALUES(25,193,2);
INSERT INTO AlbumSong (album_id,song_id,format_id) VALUES(25,194,1);
INSERT INTO AlbumSong (album_id,song_id,format_id) VALUES(25,194,2);
INSERT INTO Album(album_id,album_name,artist_id,art_id,release_date) VALUES (25,"Kid A",3,25,"2000-10-02");
INSERT INTO AlbumArt(path) VALUES ("/var/www/album_art/radiohead_ok_computer.jpg");
INSERT INTO Song (song_name,artist_id,duration) VALUES ("Airbag",3,"00:04:47");
INSERT INTO AlbumSong (album_id,song_id,format_id) VALUES(26,319,1);
INSERT INTO AlbumSong (album_id,song_id,format_id) VALUES(26,319,2);
INSERT INTO Song (song_name,artist_id,duration) VALUES ("Paranoid Android",3,"00:06:27");
INSERT INTO AlbumSong (album_id,song_id,format_id) VALUES(26,320,1);
INSERT INTO AlbumSong (album_id,song_id,format_id) VALUES(26,320,2);
INSERT INTO Song (song_name,artist_id,duration) VALUES ("Subterranean Homesick Alien",3,"00:04:27");
INSERT INTO AlbumSong (album_id,song_id,format_id) VALUES(26,321,1);
INSERT INTO AlbumSong (album_id,song_id,format_id) VALUES(26,321,2);
INSERT INTO Song (song_name,artist_id,duration) VALUES ("Exit Music (For A Film)",3,"00:04:27");
INSERT INTO AlbumSong (album_id,song_id,format_id) VALUES(26,322,1);
INSERT INTO AlbumSong (album_id,song_id,format_id) VALUES(26,322,2);
INSERT INTO Song (song_name,artist_id,duration) VALUES ("Let Down",3,"00:04:59");
INSERT INTO AlbumSong (album_id,song_id,format_id) VALUES(26,323,1);
INSERT INTO AlbumSong (album_id,song_id,format_id) VALUES(26,323,2);
INSERT INTO Song (song_name,artist_id,duration) VALUES ("Karma Police",3,"00:04:24");
INSERT INTO AlbumSong (album_id,song_id,format_id) VALUES(26,324,1);
INSERT INTO AlbumSong (album_id,song_id,format_id) VALUES(26,324,2);
INSERT INTO Song (song_name,artist_id,duration) VALUES ("Fitter Happier",3,"00:01:57");
INSERT INTO AlbumSong (album_id,song_id,format_id) VALUES(26,325,1);
INSERT INTO AlbumSong (album_id,song_id,format_id) VALUES(26,325,2);
INSERT INTO Song (song_name,artist_id,duration) VALUES ("Electioneering",3,"00:03:50");
INSERT INTO AlbumSong (album_id,song_id,format_id) VALUES(26,326,1);
INSERT INTO AlbumSong (album_id,song_id,format_id) VALUES(26,326,2);
INSERT INTO Song (song_name,artist_id,duration) VALUES ("Climbing Up the Walls",3,"00:04:45");
INSERT INTO AlbumSong (album_id,song_id,format_id) VALUES(26,327,1);
INSERT INTO AlbumSong (album_id,song_id,format_id) VALUES(26,327,2);
INSERT INTO Song (song_name,artist_id,duration) VALUES ("No Surprises",3,"00:03:49");
INSERT INTO AlbumSong (album_id,song_id,format_id) VALUES(26,328,1);
INSERT INTO AlbumSong (album_id,song_id,format_id) VALUES(26,328,2);
INSERT INTO Song (song_name,artist_id,duration) VALUES ("Lucky",3,"00:04:18");
INSERT INTO AlbumSong (album_id,song_id,format_id) VALUES(26,329,1);
INSERT INTO AlbumSong (album_id,song_id,format_id) VALUES(26,329,2);
INSERT INTO Song (song_name,artist_id,duration) VALUES ("The Tourist",3,"00:05:26");
INSERT INTO AlbumSong (album_id,song_id,format_id) VALUES(26,330,1);
INSERT INTO AlbumSong (album_id,song_id,format_id) VALUES(26,330,2);
INSERT INTO Album(album_id,album_name,artist_id,art_id,release_date) VALUES (26,"OK Computer",3,26,"1997-05-28");
INSERT INTO AlbumArt(path) VALUES ("/var/www/album_art/radiohead_the_bends.jpg");
INSERT INTO Song (song_name,artist_id,duration) VALUES ("Planet Telex",3,"00:04:19");
INSERT INTO AlbumSong (album_id,song_id,format_id) VALUES(27,331,1);
INSERT INTO AlbumSong (album_id,song_id,format_id) VALUES(27,331,2);
INSERT INTO Song (song_name,artist_id,duration) VALUES ("The Bends",3,"00:04:06");
INSERT INTO AlbumSong (album_id,song_id,format_id) VALUES(27,332,1);
INSERT INTO AlbumSong (album_id,song_id,format_id) VALUES(27,332,2);
INSERT INTO Song (song_name,artist_id,duration) VALUES ("High and Dry",3,"00:04:17");
INSERT INTO AlbumSong (album_id,song_id,format_id) VALUES(27,333,1);
INSERT INTO AlbumSong (album_id,song_id,format_id) VALUES(27,333,2);
INSERT INTO Song (song_name,artist_id,duration) VALUES ("Fake Plastic Trees",3,"00:04:50");
INSERT INTO AlbumSong (album_id,song_id,format_id) VALUES(27,334,1);
INSERT INTO AlbumSong (album_id,song_id,format_id) VALUES(27,334,2);
INSERT INTO Song (song_name,artist_id,duration) VALUES ("Bones",3,"00:03:09");
INSERT INTO AlbumSong (album_id,song_id,format_id) VALUES(27,335,1);
INSERT INTO AlbumSong (album_id,song_id,format_id) VALUES(27,335,2);
INSERT INTO Song (song_name,artist_id,duration) VALUES ("(Nice Dream)",3,"00:03:53");
INSERT INTO AlbumSong (album_id,song_id,format_id) VALUES(27,336,1);
INSERT INTO AlbumSong (album_id,song_id,format_id) VALUES(27,336,2);
INSERT INTO Song (song_name,artist_id,duration) VALUES ("Just",3,"00:03:54");
INSERT INTO AlbumSong (album_id,song_id,format_id) VALUES(27,337,1);
INSERT INTO AlbumSong (album_id,song_id,format_id) VALUES(27,337,2);
INSERT INTO Song (song_name,artist_id,duration) VALUES ("My Iron Lung",3,"00:04:36");
INSERT INTO AlbumSong (album_id,song_id,format_id) VALUES(27,338,1);
INSERT INTO AlbumSong (album_id,song_id,format_id) VALUES(27,338,2);
INSERT INTO Song (song_name,artist_id,duration) VALUES ("Bullet Proof ... I Wish I Was",3,"00:03:28");
INSERT INTO AlbumSong (album_id,song_id,format_id) VALUES(27,339,1);
INSERT INTO AlbumSong (album_id,song_id,format_id) VALUES(27,339,2);
INSERT INTO Song (song_name,artist_id,duration) VALUES ("Black Star",3,"00:04:07");
INSERT INTO AlbumSong (album_id,song_id,format_id) VALUES(27,340,1);
INSERT INTO AlbumSong (album_id,song_id,format_id) VALUES(27,340,2);
INSERT INTO Song (song_name,artist_id,duration) VALUES ("Sulk",3,"00:03:42");
INSERT INTO AlbumSong (album_id,song_id,format_id) VALUES(27,341,1);
INSERT INTO AlbumSong (album_id,song_id,format_id) VALUES(27,341,2);
INSERT INTO Song (song_name,artist_id,duration) VALUES ("Street Spirit (Fade Out)",3,"00:04:13");
INSERT INTO AlbumSong (album_id,song_id,format_id) VALUES(27,342,1);
INSERT INTO AlbumSong (album_id,song_id,format_id) VALUES(27,342,2);
INSERT INTO Album(album_id,album_name,artist_id,art_id,release_date) VALUES (27,"The Bends",3,27,"1995-03-13");
INSERT INTO AlbumArt(path) VALUES ("/var/www/album_art/radiohead_pablo_honey.jpg");
INSERT INTO Song (song_name,artist_id,duration) VALUES ("You",3,"00:03:28");
INSERT INTO AlbumSong (album_id,song_id,format_id) VALUES(28,343,1);
INSERT INTO AlbumSong (album_id,song_id,format_id) VALUES(28,343,2);
INSERT INTO Song (song_name,artist_id,duration) VALUES ("Creep",3,"00:03:58");
INSERT INTO AlbumSong (album_id,song_id,format_id) VALUES(28,344,1);
INSERT INTO AlbumSong (album_id,song_id,format_id) VALUES(28,344,2);
INSERT INTO Song (song_name,artist_id,duration) VALUES ("How Do You?",3,"00:02:12");
INSERT INTO AlbumSong (album_id,song_id,format_id) VALUES(28,345,1);
INSERT INTO AlbumSong (album_id,song_id,format_id) VALUES(28,345,2);
INSERT INTO Song (song_name,artist_id,duration) VALUES ("Stop Whispering",3,"00:05:25");
INSERT INTO AlbumSong (album_id,song_id,format_id) VALUES(28,346,1);
INSERT INTO AlbumSong (album_id,song_id,format_id) VALUES(28,346,2);
INSERT INTO Song (song_name,artist_id,duration) VALUES ("Thinking About You",3,"00:02:41");
INSERT INTO AlbumSong (album_id,song_id,format_id) VALUES(28,347,1);
INSERT INTO AlbumSong (album_id,song_id,format_id) VALUES(28,347,2);
INSERT INTO Song (song_name,artist_id,duration) VALUES ("Anyone Can Play Guitar",3,"00:03:37");
INSERT INTO AlbumSong (album_id,song_id,format_id) VALUES(28,348,1);
INSERT INTO AlbumSong (album_id,song_id,format_id) VALUES(28,348,2);
INSERT INTO Song (song_name,artist_id,duration) VALUES ("Ripcord",3,"00:03:09");
INSERT INTO AlbumSong (album_id,song_id,format_id) VALUES(28,349,1);
INSERT INTO AlbumSong (album_id,song_id,format_id) VALUES(28,349,2);
INSERT INTO Song (song_name,artist_id,duration) VALUES ("Vegetable",3,"00:03:12");
INSERT INTO AlbumSong (album_id,song_id,format_id) VALUES(28,350,1);
INSERT INTO AlbumSong (album_id,song_id,format_id) VALUES(28,350,2);
INSERT INTO Song (song_name,artist_id,duration) VALUES ("Prove Yourself",3,"00:02:25");
INSERT INTO AlbumSong (album_id,song_id,format_id) VALUES(28,351,1);
INSERT INTO AlbumSong (album_id,song_id,format_id) VALUES(28,351,2);
INSERT INTO Song (song_name,artist_id,duration) VALUES ("I Can't",3,"00:04:13");
INSERT INTO AlbumSong (album_id,song_id,format_id) VALUES(28,352,1);
INSERT INTO AlbumSong (album_id,song_id,format_id) VALUES(28,352,2);
INSERT INTO Song (song_name,artist_id,duration) VALUES ("Lurgee",3,"00:03:07");
INSERT INTO AlbumSong (album_id,song_id,format_id) VALUES(28,353,1);
INSERT INTO AlbumSong (album_id,song_id,format_id) VALUES(28,353,2);
INSERT INTO Song (song_name,artist_id,duration) VALUES ("Blow Out",3,"00:04:42");
INSERT INTO AlbumSong (album_id,song_id,format_id) VALUES(28,354,1);
INSERT INTO AlbumSong (album_id,song_id,format_id) VALUES(28,354,2);
INSERT INTO Album(album_id,album_name,artist_id,art_id,release_date) VALUES (28,"Pablo Honey",3,28,"1993-02-22");
INSERT INTO Artist (artist_name,genre_id,description) VALUES ("Smashing Pumpkins",1,"");
INSERT INTO AlbumArt(path) VALUES ("/var/www/album_art/smashing_pumpkins_cyr.jpg");
INSERT INTO Song (song_name,artist_id,duration) VALUES ("The Colour Of Love",4,"00:04:23");
INSERT INTO AlbumSong (album_id,song_id,format_id) VALUES(29,355,1);
INSERT INTO AlbumSong (album_id,song_id,format_id) VALUES(29,355,2);
INSERT INTO Song (song_name,artist_id,duration) VALUES ("Confessions Of A Dopamine Addict",4,"00:03:13");
INSERT INTO AlbumSong (album_id,song_id,format_id) VALUES(29,356,1);
INSERT INTO AlbumSong (album_id,song_id,format_id) VALUES(29,356,2);
INSERT INTO Song (song_name,artist_id,duration) VALUES ("CYR",4,"00:04:03");
INSERT INTO AlbumSong (album_id,song_id,format_id) VALUES(29,357,1);
INSERT INTO AlbumSong (album_id,song_id,format_id) VALUES(29,357,2);
INSERT INTO Song (song_name,artist_id,duration) VALUES ("Dulcet In E",4,"00:03:21");
INSERT INTO AlbumSong (album_id,song_id,format_id) VALUES(29,358,1);
INSERT INTO AlbumSong (album_id,song_id,format_id) VALUES(29,358,2);
INSERT INTO Song (song_name,artist_id,duration) VALUES ("Wrath",4,"00:03:45");
INSERT INTO AlbumSong (album_id,song_id,format_id) VALUES(29,359,1);
INSERT INTO AlbumSong (album_id,song_id,format_id) VALUES(29,359,2);
INSERT INTO Song (song_name,artist_id,duration) VALUES ("Ramona",4,"00:03:48");
INSERT INTO AlbumSong (album_id,song_id,format_id) VALUES(29,360,1);
INSERT INTO AlbumSong (album_id,song_id,format_id) VALUES(29,360,2);
INSERT INTO Song (song_name,artist_id,duration) VALUES ("Anno Satana",4,"00:03:49");
INSERT INTO AlbumSong (album_id,song_id,format_id) VALUES(29,361,1);
INSERT INTO AlbumSong (album_id,song_id,format_id) VALUES(29,361,2);
INSERT INTO Song (song_name,artist_id,duration) VALUES ("Birch Grove",4,"00:03:16");
INSERT INTO AlbumSong (album_id,song_id,format_id) VALUES(29,362,1);
INSERT INTO AlbumSong (album_id,song_id,format_id) VALUES(29,362,2);
INSERT INTO Song (song_name,artist_id,duration) VALUES ("Wyttch",4,"00:03:43");
INSERT INTO AlbumSong (album_id,song_id,format_id) VALUES(29,363,1);
INSERT INTO AlbumSong (album_id,song_id,format_id) VALUES(29,363,2);
INSERT INTO Song (song_name,artist_id,duration) VALUES ("Starrcraft",4,"00:04:10");
INSERT INTO AlbumSong (album_id,song_id,format_id) VALUES(29,364,1);
INSERT INTO AlbumSong (album_id,song_id,format_id) VALUES(29,364,2);
INSERT INTO Song (song_name,artist_id,duration) VALUES ("Purple Blood",4,"00:03:19");
INSERT INTO AlbumSong (album_id,song_id,format_id) VALUES(29,365,1);
INSERT INTO AlbumSong (album_id,song_id,format_id) VALUES(29,365,2);
INSERT INTO Song (song_name,artist_id,duration) VALUES ("Save Your Tears",4,"00:03:31");
INSERT INTO AlbumSong (album_id,song_id,format_id) VALUES(29,366,1);
INSERT INTO AlbumSong (album_id,song_id,format_id) VALUES(29,366,2);
INSERT INTO Song (song_name,artist_id,duration) VALUES ("Telegenix",4,"00:03:23");
INSERT INTO AlbumSong (album_id,song_id,format_id) VALUES(29,367,1);
INSERT INTO AlbumSong (album_id,song_id,format_id) VALUES(29,367,2);
INSERT INTO Song (song_name,artist_id,duration) VALUES ("Black Forest, Black Hills",4,"00:04:42");
INSERT INTO AlbumSong (album_id,song_id,format_id) VALUES(29,368,1);
INSERT INTO AlbumSong (album_id,song_id,format_id) VALUES(29,368,2);
INSERT INTO Song (song_name,artist_id,duration) VALUES ("Adrennalynne",4,"00:03:42");
INSERT INTO AlbumSong (album_id,song_id,format_id) VALUES(29,369,1);
INSERT INTO AlbumSong (album_id,song_id,format_id) VALUES(29,369,2);
INSERT INTO Song (song_name,artist_id,duration) VALUES ("Haunted",4,"00:03:11");
INSERT INTO AlbumSong (album_id,song_id,format_id) VALUES(29,370,1);
INSERT INTO AlbumSong (album_id,song_id,format_id) VALUES(29,370,2);
INSERT INTO Song (song_name,artist_id,duration) VALUES ("The Hidden Sun",4,"00:03:24");
INSERT INTO AlbumSong (album_id,song_id,format_id) VALUES(29,371,1);
INSERT INTO AlbumSong (album_id,song_id,format_id) VALUES(29,371,2);
INSERT INTO Song (song_name,artist_id,duration) VALUES ("Schaudenfreud",4,"00:03:02");
INSERT INTO AlbumSong (album_id,song_id,format_id) VALUES(29,372,1);
INSERT INTO AlbumSong (album_id,song_id,format_id) VALUES(29,372,2);
INSERT INTO Song (song_name,artist_id,duration) VALUES ("Tyger, Tyger",4,"00:02:49");
INSERT INTO AlbumSong (album_id,song_id,format_id) VALUES(29,373,1);
INSERT INTO AlbumSong (album_id,song_id,format_id) VALUES(29,373,2);
INSERT INTO Song (song_name,artist_id,duration) VALUES ("Minerva",4,"00:03:32");
INSERT INTO AlbumSong (album_id,song_id,format_id) VALUES(29,374,1);
INSERT INTO AlbumSong (album_id,song_id,format_id) VALUES(29,374,2);
INSERT INTO Album(album_id,album_name,artist_id,art_id,release_date) VALUES (29,"CYR",4,29,"2020-11-27");
INSERT INTO AlbumArt(path) VALUES ("/var/www/album_art/smashing_pumpkins_shiny_and_oh_so_bright,_vol._1___lp__no_past._no_future._no_sun..jpg");
INSERT INTO Song (song_name,artist_id,duration) VALUES ("Knights of Malta",4,"00:04:37");
INSERT INTO AlbumSong (album_id,song_id,format_id) VALUES(30,375,1);
INSERT INTO AlbumSong (album_id,song_id,format_id) VALUES(30,375,2);
INSERT INTO Song (song_name,artist_id,duration) VALUES ("Silvery Sometimes (Ghosts)",4,"00:03:31");
INSERT INTO AlbumSong (album_id,song_id,format_id) VALUES(30,376,1);
INSERT INTO AlbumSong (album_id,song_id,format_id) VALUES(30,376,2);
INSERT INTO Song (song_name,artist_id,duration) VALUES ("Travels",4,"00:05:23");
INSERT INTO AlbumSong (album_id,song_id,format_id) VALUES(30,377,1);
INSERT INTO AlbumSong (album_id,song_id,format_id) VALUES(30,377,2);
INSERT INTO Song (song_name,artist_id,duration) VALUES ("Solara",4,"00:04:22");
INSERT INTO AlbumSong (album_id,song_id,format_id) VALUES(30,378,1);
INSERT INTO AlbumSong (album_id,song_id,format_id) VALUES(30,378,2);
INSERT INTO Song (song_name,artist_id,duration) VALUES ("Alienation",4,"00:05:01");
INSERT INTO AlbumSong (album_id,song_id,format_id) VALUES(30,379,1);
INSERT INTO AlbumSong (album_id,song_id,format_id) VALUES(30,379,2);
INSERT INTO Song (song_name,artist_id,duration) VALUES ("Marchin' On",4,"00:02:39");
INSERT INTO AlbumSong (album_id,song_id,format_id) VALUES(30,380,1);
INSERT INTO AlbumSong (album_id,song_id,format_id) VALUES(30,380,2);
INSERT INTO Song (song_name,artist_id,duration) VALUES ("With Sympathy",4,"00:03:30");
INSERT INTO AlbumSong (album_id,song_id,format_id) VALUES(30,381,1);
INSERT INTO AlbumSong (album_id,song_id,format_id) VALUES(30,381,2);
INSERT INTO Song (song_name,artist_id,duration) VALUES ("Seek and You Shall Destroy",4,"00:02:45");
INSERT INTO AlbumSong (album_id,song_id,format_id) VALUES(30,382,1);
INSERT INTO AlbumSong (album_id,song_id,format_id) VALUES(30,382,2);
INSERT INTO Album(album_id,album_name,artist_id,art_id,release_date) VALUES (30,"SHINY AND OH SO BRIGHT, VOL. 1 / LP: NO PAST. NO FUTURE. NO SUN.",4,30,"2018-11-16");
INSERT INTO AlbumArt(path) VALUES ("/var/www/album_art/smashing_pumpkins_monuments_to_an_elegy.jpg");
INSERT INTO Song (song_name,artist_id,duration) VALUES ("Tiberius",4,"00:03:02");
INSERT INTO AlbumSong (album_id,song_id,format_id) VALUES(31,383,1);
INSERT INTO AlbumSong (album_id,song_id,format_id) VALUES(31,383,2);
INSERT INTO Song (song_name,artist_id,duration) VALUES ("Being Beige",4,"00:03:39");
INSERT INTO AlbumSong (album_id,song_id,format_id) VALUES(31,384,1);
INSERT INTO AlbumSong (album_id,song_id,format_id) VALUES(31,384,2);
INSERT INTO Song (song_name,artist_id,duration) VALUES ("Anaise!",4,"00:03:33");
INSERT INTO AlbumSong (album_id,song_id,format_id) VALUES(31,385,1);
INSERT INTO AlbumSong (album_id,song_id,format_id) VALUES(31,385,2);
INSERT INTO Song (song_name,artist_id,duration) VALUES ("One and All",4,"00:03:44");
INSERT INTO AlbumSong (album_id,song_id,format_id) VALUES(31,386,1);
INSERT INTO AlbumSong (album_id,song_id,format_id) VALUES(31,386,2);
INSERT INTO Song (song_name,artist_id,duration) VALUES ("Run2me",4,"00:04:08");
INSERT INTO AlbumSong (album_id,song_id,format_id) VALUES(31,387,1);
INSERT INTO AlbumSong (album_id,song_id,format_id) VALUES(31,387,2);
INSERT INTO Song (song_name,artist_id,duration) VALUES ("Drum + Fife",4,"00:03:54");
INSERT INTO AlbumSong (album_id,song_id,format_id) VALUES(31,388,1);
INSERT INTO AlbumSong (album_id,song_id,format_id) VALUES(31,388,2);
INSERT INTO Song (song_name,artist_id,duration) VALUES ("Monuments",4,"00:03:30");
INSERT INTO AlbumSong (album_id,song_id,format_id) VALUES(31,389,1);
INSERT INTO AlbumSong (album_id,song_id,format_id) VALUES(31,389,2);
INSERT INTO Song (song_name,artist_id,duration) VALUES ("Dorian",4,"00:03:45");
INSERT INTO AlbumSong (album_id,song_id,format_id) VALUES(31,390,1);
INSERT INTO AlbumSong (album_id,song_id,format_id) VALUES(31,390,2);
INSERT INTO Song (song_name,artist_id,duration) VALUES ("Anti-Hero",4,"00:03:20");
INSERT INTO AlbumSong (album_id,song_id,format_id) VALUES(31,391,1);
INSERT INTO AlbumSong (album_id,song_id,format_id) VALUES(31,391,2);
INSERT INTO Album(album_id,album_name,artist_id,art_id,release_date) VALUES (31,"Monuments to an Elegy",4,31,"2014-12-08");
INSERT INTO AlbumArt(path) VALUES ("/var/www/album_art/smashing_pumpkins_oceania.jpg");
INSERT INTO Song (song_name,artist_id,duration) VALUES ("Quasar",4,"00:04:56");
INSERT INTO AlbumSong (album_id,song_id,format_id) VALUES(32,392,1);
INSERT INTO AlbumSong (album_id,song_id,format_id) VALUES(32,392,2);
INSERT INTO Song (song_name,artist_id,duration) VALUES ("Panopticon",4,"00:03:50");
INSERT INTO AlbumSong (album_id,song_id,format_id) VALUES(32,393,1);
INSERT INTO AlbumSong (album_id,song_id,format_id) VALUES(32,393,2);
INSERT INTO Song (song_name,artist_id,duration) VALUES ("The Celestials",4,"00:03:55");
INSERT INTO AlbumSong (album_id,song_id,format_id) VALUES(32,394,1);
INSERT INTO AlbumSong (album_id,song_id,format_id) VALUES(32,394,2);
INSERT INTO Song (song_name,artist_id,duration) VALUES ("Violet Rays",4,"00:04:17");
INSERT INTO AlbumSong (album_id,song_id,format_id) VALUES(32,395,1);
INSERT INTO AlbumSong (album_id,song_id,format_id) VALUES(32,395,2);
INSERT INTO Song (song_name,artist_id,duration) VALUES ("My Love Is Winter",4,"00:03:31");
INSERT INTO AlbumSong (album_id,song_id,format_id) VALUES(32,396,1);
INSERT INTO AlbumSong (album_id,song_id,format_id) VALUES(32,396,2);
INSERT INTO Song (song_name,artist_id,duration) VALUES ("One Diamond, One Heart",4,"00:03:49");
INSERT INTO AlbumSong (album_id,song_id,format_id) VALUES(32,397,1);
INSERT INTO AlbumSong (album_id,song_id,format_id) VALUES(32,397,2);
INSERT INTO Song (song_name,artist_id,duration) VALUES ("Pinwheels",4,"00:05:42");
INSERT INTO AlbumSong (album_id,song_id,format_id) VALUES(32,398,1);
INSERT INTO AlbumSong (album_id,song_id,format_id) VALUES(32,398,2);
INSERT INTO Song (song_name,artist_id,duration) VALUES ("Oceania",4,"00:09:05");
INSERT INTO AlbumSong (album_id,song_id,format_id) VALUES(32,399,1);
INSERT INTO AlbumSong (album_id,song_id,format_id) VALUES(32,399,2);
INSERT INTO Song (song_name,artist_id,duration) VALUES ("Pale Horse",4,"00:04:35");
INSERT INTO AlbumSong (album_id,song_id,format_id) VALUES(32,400,1);
INSERT INTO AlbumSong (album_id,song_id,format_id) VALUES(32,400,2);
INSERT INTO Song (song_name,artist_id,duration) VALUES ("The Chimera",4,"00:04:14");
INSERT INTO AlbumSong (album_id,song_id,format_id) VALUES(32,401,1);
INSERT INTO AlbumSong (album_id,song_id,format_id) VALUES(32,401,2);
INSERT INTO Song (song_name,artist_id,duration) VALUES ("Glissandra",4,"00:04:06");
INSERT INTO AlbumSong (album_id,song_id,format_id) VALUES(32,402,1);
INSERT INTO AlbumSong (album_id,song_id,format_id) VALUES(32,402,2);
INSERT INTO Song (song_name,artist_id,duration) VALUES ("Inkless",4,"00:03:05");
INSERT INTO AlbumSong (album_id,song_id,format_id) VALUES(32,403,1);
INSERT INTO AlbumSong (album_id,song_id,format_id) VALUES(32,403,2);
INSERT INTO Song (song_name,artist_id,duration) VALUES ("Wildflower",4,"00:04:44");
INSERT INTO AlbumSong (album_id,song_id,format_id) VALUES(32,404,1);
INSERT INTO AlbumSong (album_id,song_id,format_id) VALUES(32,404,2);
INSERT INTO Album(album_id,album_name,artist_id,art_id,release_date) VALUES (32,"Oceania",4,32,"2012-06-19");
INSERT INTO AlbumArt(path) VALUES ("/var/www/album_art/smashing_pumpkins_machina___the_machines_of_god.jpg");
INSERT INTO Song (song_name,artist_id,duration) VALUES ("The Everlasting Gaze",4,"00:04:00");
INSERT INTO AlbumSong (album_id,song_id,format_id) VALUES(33,405,1);
INSERT INTO AlbumSong (album_id,song_id,format_id) VALUES(33,405,2);
INSERT INTO Song (song_name,artist_id,duration) VALUES ("Raindrops + Sunshowers",4,"00:04:39");
INSERT INTO AlbumSong (album_id,song_id,format_id) VALUES(33,406,1);
INSERT INTO AlbumSong (album_id,song_id,format_id) VALUES(33,406,2);
INSERT INTO Song (song_name,artist_id,duration) VALUES ("Stand Inside Your Love",4,"00:04:14");
INSERT INTO AlbumSong (album_id,song_id,format_id) VALUES(33,407,1);
INSERT INTO AlbumSong (album_id,song_id,format_id) VALUES(33,407,2);
INSERT INTO Song (song_name,artist_id,duration) VALUES ("I Of The Mourning",4,"00:04:37");
INSERT INTO AlbumSong (album_id,song_id,format_id) VALUES(33,408,1);
INSERT INTO AlbumSong (album_id,song_id,format_id) VALUES(33,408,2);
INSERT INTO Song (song_name,artist_id,duration) VALUES ("The Sacred And Profane",4,"00:04:22");
INSERT INTO AlbumSong (album_id,song_id,format_id) VALUES(33,409,1);
INSERT INTO AlbumSong (album_id,song_id,format_id) VALUES(33,409,2);
INSERT INTO Song (song_name,artist_id,duration) VALUES ("Try, Try, Try",4,"00:05:09");
INSERT INTO AlbumSong (album_id,song_id,format_id) VALUES(33,410,1);
INSERT INTO AlbumSong (album_id,song_id,format_id) VALUES(33,410,2);
INSERT INTO Song (song_name,artist_id,duration) VALUES ("Heavy Metal Machine",4,"00:05:52");
INSERT INTO AlbumSong (album_id,song_id,format_id) VALUES(33,411,1);
INSERT INTO AlbumSong (album_id,song_id,format_id) VALUES(33,411,2);
INSERT INTO Song (song_name,artist_id,duration) VALUES ("This Time",4,"00:04:43");
INSERT INTO AlbumSong (album_id,song_id,format_id) VALUES(33,412,1);
INSERT INTO AlbumSong (album_id,song_id,format_id) VALUES(33,412,2);
INSERT INTO Song (song_name,artist_id,duration) VALUES ("The Imploding Voice",4,"00:04:24");
INSERT INTO AlbumSong (album_id,song_id,format_id) VALUES(33,413,1);
INSERT INTO AlbumSong (album_id,song_id,format_id) VALUES(33,413,2);
INSERT INTO Song (song_name,artist_id,duration) VALUES ("Glass And The Ghost Children",4,"00:09:56");
INSERT INTO AlbumSong (album_id,song_id,format_id) VALUES(33,414,1);
INSERT INTO AlbumSong (album_id,song_id,format_id) VALUES(33,414,2);
INSERT INTO Song (song_name,artist_id,duration) VALUES ("Wound",4,"00:03:58");
INSERT INTO AlbumSong (album_id,song_id,format_id) VALUES(33,415,1);
INSERT INTO AlbumSong (album_id,song_id,format_id) VALUES(33,415,2);
INSERT INTO Song (song_name,artist_id,duration) VALUES ("The Crying Tree Of Mercury",4,"00:03:43");
INSERT INTO AlbumSong (album_id,song_id,format_id) VALUES(33,416,1);
INSERT INTO AlbumSong (album_id,song_id,format_id) VALUES(33,416,2);
INSERT INTO Song (song_name,artist_id,duration) VALUES ("With Every Light",4,"00:03:56");
INSERT INTO AlbumSong (album_id,song_id,format_id) VALUES(33,417,1);
INSERT INTO AlbumSong (album_id,song_id,format_id) VALUES(33,417,2);
INSERT INTO Song (song_name,artist_id,duration) VALUES ("Blue Skies Bring Tears",4,"00:05:45");
INSERT INTO AlbumSong (album_id,song_id,format_id) VALUES(33,418,1);
INSERT INTO AlbumSong (album_id,song_id,format_id) VALUES(33,418,2);
INSERT INTO Song (song_name,artist_id,duration) VALUES ("Age Of Innocence",4,"00:03:55");
INSERT INTO AlbumSong (album_id,song_id,format_id) VALUES(33,419,1);
INSERT INTO AlbumSong (album_id,song_id,format_id) VALUES(33,419,2);
INSERT INTO Album(album_id,album_name,artist_id,art_id,release_date) VALUES (33,"Machina / The Machines Of God",4,33,"2000-02-29");
INSERT INTO AlbumArt(path) VALUES ("/var/www/album_art/smashing_pumpkins_adore_(super_deluxe).jpg");
INSERT INTO Song (song_name,artist_id,duration) VALUES ("To Sheila",4,"00:04:40");
INSERT INTO AlbumSong (album_id,song_id,format_id) VALUES(34,420,1);
INSERT INTO AlbumSong (album_id,song_id,format_id) VALUES(34,420,2);
INSERT INTO Song (song_name,artist_id,duration) VALUES ("Ava Adore",4,"00:04:30");
INSERT INTO AlbumSong (album_id,song_id,format_id) VALUES(34,421,1);
INSERT INTO AlbumSong (album_id,song_id,format_id) VALUES(34,421,2);
INSERT INTO Song (song_name,artist_id,duration) VALUES ("Perfect",4,"00:03:22");
INSERT INTO AlbumSong (album_id,song_id,format_id) VALUES(34,422,1);
INSERT INTO AlbumSong (album_id,song_id,format_id) VALUES(34,422,2);
INSERT INTO Song (song_name,artist_id,duration) VALUES ("Daphne Descends",4,"00:04:39");
INSERT INTO AlbumSong (album_id,song_id,format_id) VALUES(34,423,1);
INSERT INTO AlbumSong (album_id,song_id,format_id) VALUES(34,423,2);
INSERT INTO Song (song_name,artist_id,duration) VALUES ("Once Upon A Time",4,"00:04:04");
INSERT INTO AlbumSong (album_id,song_id,format_id) VALUES(34,424,1);
INSERT INTO AlbumSong (album_id,song_id,format_id) VALUES(34,424,2);
INSERT INTO Song (song_name,artist_id,duration) VALUES ("Tear",4,"00:05:52");
INSERT INTO AlbumSong (album_id,song_id,format_id) VALUES(34,425,1);
INSERT INTO AlbumSong (album_id,song_id,format_id) VALUES(34,425,2);
INSERT INTO Song (song_name,artist_id,duration) VALUES ("Crestfallen",4,"00:03:57");
INSERT INTO AlbumSong (album_id,song_id,format_id) VALUES(34,426,1);
INSERT INTO AlbumSong (album_id,song_id,format_id) VALUES(34,426,2);
INSERT INTO Song (song_name,artist_id,duration) VALUES ("Appels + Oranjes",4,"00:03:35");
INSERT INTO AlbumSong (album_id,song_id,format_id) VALUES(34,427,1);
INSERT INTO AlbumSong (album_id,song_id,format_id) VALUES(34,427,2);
INSERT INTO Song (song_name,artist_id,duration) VALUES ("Pug",4,"00:04:54");
INSERT INTO AlbumSong (album_id,song_id,format_id) VALUES(34,428,1);
INSERT INTO AlbumSong (album_id,song_id,format_id) VALUES(34,428,2);
INSERT INTO Song (song_name,artist_id,duration) VALUES ("The Tale Of Dusty And Pistol Pete",4,"00:04:35");
INSERT INTO AlbumSong (album_id,song_id,format_id) VALUES(34,429,1);
INSERT INTO AlbumSong (album_id,song_id,format_id) VALUES(34,429,2);
INSERT INTO Song (song_name,artist_id,duration) VALUES ("Annie-Dog",4,"00:03:38");
INSERT INTO AlbumSong (album_id,song_id,format_id) VALUES(34,430,1);
INSERT INTO AlbumSong (album_id,song_id,format_id) VALUES(34,430,2);
INSERT INTO Song (song_name,artist_id,duration) VALUES ("Shame",4,"00:06:38");
INSERT INTO AlbumSong (album_id,song_id,format_id) VALUES(34,431,1);
INSERT INTO AlbumSong (album_id,song_id,format_id) VALUES(34,431,2);
INSERT INTO Song (song_name,artist_id,duration) VALUES ("Behold! The Night Mare",4,"00:05:12");
INSERT INTO AlbumSong (album_id,song_id,format_id) VALUES(34,432,1);
INSERT INTO AlbumSong (album_id,song_id,format_id) VALUES(34,432,2);
INSERT INTO Song (song_name,artist_id,duration) VALUES ("For Martha",4,"00:08:16");
INSERT INTO AlbumSong (album_id,song_id,format_id) VALUES(34,433,1);
INSERT INTO AlbumSong (album_id,song_id,format_id) VALUES(34,433,2);
INSERT INTO Song (song_name,artist_id,duration) VALUES ("Blank Page",4,"00:04:51");
INSERT INTO AlbumSong (album_id,song_id,format_id) VALUES(34,434,1);
INSERT INTO AlbumSong (album_id,song_id,format_id) VALUES(34,434,2);
INSERT INTO Song (song_name,artist_id,duration) VALUES ("17",4,"00:00:19");
INSERT INTO AlbumSong (album_id,song_id,format_id) VALUES(34,435,1);
INSERT INTO AlbumSong (album_id,song_id,format_id) VALUES(34,435,2);
INSERT INTO Song (song_name,artist_id,duration) VALUES ("To Sheila - Mono",4,"00:04:39");
INSERT INTO AlbumSong (album_id,song_id,format_id) VALUES(34,436,1);
INSERT INTO AlbumSong (album_id,song_id,format_id) VALUES(34,436,2);
INSERT INTO Song (song_name,artist_id,duration) VALUES ("Ava Adore - Mono",4,"00:04:24");
INSERT INTO AlbumSong (album_id,song_id,format_id) VALUES(34,437,1);
INSERT INTO AlbumSong (album_id,song_id,format_id) VALUES(34,437,2);
INSERT INTO Song (song_name,artist_id,duration) VALUES ("Perfect - Mono",4,"00:03:29");
INSERT INTO AlbumSong (album_id,song_id,format_id) VALUES(34,438,1);
INSERT INTO AlbumSong (album_id,song_id,format_id) VALUES(34,438,2);
INSERT INTO Song (song_name,artist_id,duration) VALUES ("Daphne Descends - Mono",4,"00:04:43");
INSERT INTO AlbumSong (album_id,song_id,format_id) VALUES(34,439,1);
INSERT INTO AlbumSong (album_id,song_id,format_id) VALUES(34,439,2);
INSERT INTO Song (song_name,artist_id,duration) VALUES ("Once Upon A Time - Mono",4,"00:04:06");
INSERT INTO AlbumSong (album_id,song_id,format_id) VALUES(34,440,1);
INSERT INTO AlbumSong (album_id,song_id,format_id) VALUES(34,440,2);
INSERT INTO Song (song_name,artist_id,duration) VALUES ("Tear - Mono",4,"00:05:51");
INSERT INTO AlbumSong (album_id,song_id,format_id) VALUES(34,441,1);
INSERT INTO AlbumSong (album_id,song_id,format_id) VALUES(34,441,2);
INSERT INTO Song (song_name,artist_id,duration) VALUES ("Crestfallen - Mono",4,"00:03:56");
INSERT INTO AlbumSong (album_id,song_id,format_id) VALUES(34,442,1);
INSERT INTO AlbumSong (album_id,song_id,format_id) VALUES(34,442,2);
INSERT INTO Song (song_name,artist_id,duration) VALUES ("Appels + Oranjes - Mono",4,"00:03:39");
INSERT INTO AlbumSong (album_id,song_id,format_id) VALUES(34,443,1);
INSERT INTO AlbumSong (album_id,song_id,format_id) VALUES(34,443,2);
INSERT INTO Song (song_name,artist_id,duration) VALUES ("Pug - Mono",4,"00:04:48");
INSERT INTO AlbumSong (album_id,song_id,format_id) VALUES(34,444,1);
INSERT INTO AlbumSong (album_id,song_id,format_id) VALUES(34,444,2);
INSERT INTO Song (song_name,artist_id,duration) VALUES ("The Tale Of Dusty And Pistol Pete - Mono",4,"00:04:33");
INSERT INTO AlbumSong (album_id,song_id,format_id) VALUES(34,445,1);
INSERT INTO AlbumSong (album_id,song_id,format_id) VALUES(34,445,2);
INSERT INTO Song (song_name,artist_id,duration) VALUES ("Annie-Dog - Mono",4,"00:03:39");
INSERT INTO AlbumSong (album_id,song_id,format_id) VALUES(34,446,1);
INSERT INTO AlbumSong (album_id,song_id,format_id) VALUES(34,446,2);
INSERT INTO Song (song_name,artist_id,duration) VALUES ("Shame - Mono",4,"00:06:39");
INSERT INTO AlbumSong (album_id,song_id,format_id) VALUES(34,447,1);
INSERT INTO AlbumSong (album_id,song_id,format_id) VALUES(34,447,2);
INSERT INTO Song (song_name,artist_id,duration) VALUES ("Behold! The Night Mare - Mono",4,"00:05:12");
INSERT INTO AlbumSong (album_id,song_id,format_id) VALUES(34,448,1);
INSERT INTO AlbumSong (album_id,song_id,format_id) VALUES(34,448,2);
INSERT INTO Song (song_name,artist_id,duration) VALUES ("For Martha - Mono",4,"00:07:07");
INSERT INTO AlbumSong (album_id,song_id,format_id) VALUES(34,449,1);
INSERT INTO AlbumSong (album_id,song_id,format_id) VALUES(34,449,2);
INSERT INTO Song (song_name,artist_id,duration) VALUES ("Blank Page - Mono",4,"00:04:50");
INSERT INTO AlbumSong (album_id,song_id,format_id) VALUES(34,450,1);
INSERT INTO AlbumSong (album_id,song_id,format_id) VALUES(34,450,2);
INSERT INTO Song (song_name,artist_id,duration) VALUES ("Blissed And Gone - Sadlands Demo",4,"00:04:17");
INSERT INTO AlbumSong (album_id,song_id,format_id) VALUES(34,451,1);
INSERT INTO AlbumSong (album_id,song_id,format_id) VALUES(34,451,2);
INSERT INTO Song (song_name,artist_id,duration) VALUES ("Christmastime - Sadlands Demo",4,"00:03:27");
INSERT INTO AlbumSong (album_id,song_id,format_id) VALUES(34,452,1);
INSERT INTO AlbumSong (album_id,song_id,format_id) VALUES(34,452,2);
INSERT INTO Song (song_name,artist_id,duration) VALUES ("My Mistake - Sadlands Demo",4,"00:04:50");
INSERT INTO AlbumSong (album_id,song_id,format_id) VALUES(34,453,1);
INSERT INTO AlbumSong (album_id,song_id,format_id) VALUES(34,453,2);
INSERT INTO Song (song_name,artist_id,duration) VALUES ("Sparrow - Sadlands Demo",4,"00:02:55");
INSERT INTO AlbumSong (album_id,song_id,format_id) VALUES(34,454,1);
INSERT INTO AlbumSong (album_id,song_id,format_id) VALUES(34,454,2);
INSERT INTO Song (song_name,artist_id,duration) VALUES ("Valentine - Sadlands Demo",4,"00:04:22");
INSERT INTO AlbumSong (album_id,song_id,format_id) VALUES(34,455,1);
INSERT INTO AlbumSong (album_id,song_id,format_id) VALUES(34,455,2);
INSERT INTO Song (song_name,artist_id,duration) VALUES ("The Tale Of Dusty And Pistol Pete - Sadlands Demo",4,"00:05:23");
INSERT INTO AlbumSong (album_id,song_id,format_id) VALUES(34,456,1);
INSERT INTO AlbumSong (album_id,song_id,format_id) VALUES(34,456,2);
INSERT INTO Song (song_name,artist_id,duration) VALUES ("What If? - Streeterville Demo",4,"00:03:27");
INSERT INTO AlbumSong (album_id,song_id,format_id) VALUES(34,457,1);
INSERT INTO AlbumSong (album_id,song_id,format_id) VALUES(34,457,2);
INSERT INTO Song (song_name,artist_id,duration) VALUES ("Chewing Gum - CRC Demo",4,"00:03:00");
INSERT INTO AlbumSong (album_id,song_id,format_id) VALUES(34,458,1);
INSERT INTO AlbumSong (album_id,song_id,format_id) VALUES(34,458,2);
INSERT INTO Song (song_name,artist_id,duration) VALUES ("The Tale Of Dusty And Pistol Pete - CRC Demo",4,"00:05:01");
INSERT INTO AlbumSong (album_id,song_id,format_id) VALUES(34,459,1);
INSERT INTO AlbumSong (album_id,song_id,format_id) VALUES(34,459,2);
INSERT INTO Song (song_name,artist_id,duration) VALUES ("The Ethers Tragic - CRC Demo/Instrumental/2014 Mix",4,"00:02:49");
INSERT INTO AlbumSong (album_id,song_id,format_id) VALUES(34,460,1);
INSERT INTO AlbumSong (album_id,song_id,format_id) VALUES(34,460,2);
INSERT INTO Song (song_name,artist_id,duration) VALUES ("The Guns Of Love Disastrous - CRC Demo/Instrumental/2014 Mix",4,"00:02:03");
INSERT INTO AlbumSong (album_id,song_id,format_id) VALUES(34,461,1);
INSERT INTO AlbumSong (album_id,song_id,format_id) VALUES(34,461,2);
INSERT INTO Song (song_name,artist_id,duration) VALUES ("Annie-Dog - CRC Demo/Take 10",4,"00:03:25");
INSERT INTO AlbumSong (album_id,song_id,format_id) VALUES(34,462,1);
INSERT INTO AlbumSong (album_id,song_id,format_id) VALUES(34,462,2);
INSERT INTO Song (song_name,artist_id,duration) VALUES ("Once In A While - CRC Demo/2014 Mix",4,"00:03:34");
INSERT INTO AlbumSong (album_id,song_id,format_id) VALUES(34,463,1);
INSERT INTO AlbumSong (album_id,song_id,format_id) VALUES(34,463,2);
INSERT INTO Song (song_name,artist_id,duration) VALUES ("Do You Close Your Eyes When You Kiss Me? - CRC Demo",4,"00:03:07");
INSERT INTO AlbumSong (album_id,song_id,format_id) VALUES(34,464,1);
INSERT INTO AlbumSong (album_id,song_id,format_id) VALUES(34,464,2);
INSERT INTO Song (song_name,artist_id,duration) VALUES ("For Martha - CRC Demo/Take 1",4,"00:07:19");
INSERT INTO AlbumSong (album_id,song_id,format_id) VALUES(34,465,1);
INSERT INTO AlbumSong (album_id,song_id,format_id) VALUES(34,465,2);
INSERT INTO Song (song_name,artist_id,duration) VALUES ("My Mistake - CRC Demo/Take 1",4,"00:04:00");
INSERT INTO AlbumSong (album_id,song_id,format_id) VALUES(34,466,1);
INSERT INTO AlbumSong (album_id,song_id,format_id) VALUES(34,466,2);
INSERT INTO Song (song_name,artist_id,duration) VALUES ("Blissed And Gone - CRC Demo",4,"00:03:29");
INSERT INTO AlbumSong (album_id,song_id,format_id) VALUES(34,467,1);
INSERT INTO AlbumSong (album_id,song_id,format_id) VALUES(34,467,2);
INSERT INTO Song (song_name,artist_id,duration) VALUES ("For Martha - CRC Demo/Take 2/Instrumental",4,"00:05:39");
INSERT INTO AlbumSong (album_id,song_id,format_id) VALUES(34,468,1);
INSERT INTO AlbumSong (album_id,song_id,format_id) VALUES(34,468,2);
INSERT INTO Song (song_name,artist_id,duration) VALUES ("For Martha - Symphonic Snippet/Instrumental",4,"00:02:40");
INSERT INTO AlbumSong (album_id,song_id,format_id) VALUES(34,469,1);
INSERT INTO AlbumSong (album_id,song_id,format_id) VALUES(34,469,2);
INSERT INTO Album(album_id,album_name,artist_id,art_id,release_date) VALUES (34,"Adore (Super Deluxe)",4,34,"1998-01-01");
INSERT INTO AlbumArt(path) VALUES ("/var/www/album_art/smashing_pumpkins_mellon_collie_and_the_infinite_sadness_(deluxe_edition).jpg");
INSERT INTO Song (song_name,artist_id,duration) VALUES ("Mellon Collie And The Infinite Sadness - Remastered 2012",4,"00:02:52");
INSERT INTO AlbumSong (album_id,song_id,format_id) VALUES(35,470,1);
INSERT INTO AlbumSong (album_id,song_id,format_id) VALUES(35,470,2);
INSERT INTO Song (song_name,artist_id,duration) VALUES ("Tonight, Tonight - Remastered 2012",4,"00:04:14");
INSERT INTO AlbumSong (album_id,song_id,format_id) VALUES(35,471,1);
INSERT INTO AlbumSong (album_id,song_id,format_id) VALUES(35,471,2);
INSERT INTO Song (song_name,artist_id,duration) VALUES ("Jellybelly - Remastered 2012",4,"00:03:01");
INSERT INTO AlbumSong (album_id,song_id,format_id) VALUES(35,472,1);
INSERT INTO AlbumSong (album_id,song_id,format_id) VALUES(35,472,2);
INSERT INTO Song (song_name,artist_id,duration) VALUES ("Zero - Remastered 2012",4,"00:02:40");
INSERT INTO AlbumSong (album_id,song_id,format_id) VALUES(35,473,1);
INSERT INTO AlbumSong (album_id,song_id,format_id) VALUES(35,473,2);
INSERT INTO Song (song_name,artist_id,duration) VALUES ("Here Is No Why - Remastered 2012",4,"00:03:45");
INSERT INTO AlbumSong (album_id,song_id,format_id) VALUES(35,474,1);
INSERT INTO AlbumSong (album_id,song_id,format_id) VALUES(35,474,2);
INSERT INTO Song (song_name,artist_id,duration) VALUES ("Bullet With Butterfly Wings - Remastered 2012",4,"00:04:18");
INSERT INTO AlbumSong (album_id,song_id,format_id) VALUES(35,475,1);
INSERT INTO AlbumSong (album_id,song_id,format_id) VALUES(35,475,2);
INSERT INTO Song (song_name,artist_id,duration) VALUES ("To Forgive - Remastered 2012",4,"00:04:17");
INSERT INTO AlbumSong (album_id,song_id,format_id) VALUES(35,476,1);
INSERT INTO AlbumSong (album_id,song_id,format_id) VALUES(35,476,2);
INSERT INTO Song (song_name,artist_id,duration) VALUES ("An Ode To No One - Remastered 2012",4,"00:04:51");
INSERT INTO AlbumSong (album_id,song_id,format_id) VALUES(35,477,1);
INSERT INTO AlbumSong (album_id,song_id,format_id) VALUES(35,477,2);
INSERT INTO Song (song_name,artist_id,duration) VALUES ("Love - Remastered 2012",4,"00:04:22");
INSERT INTO AlbumSong (album_id,song_id,format_id) VALUES(35,478,1);
INSERT INTO AlbumSong (album_id,song_id,format_id) VALUES(35,478,2);
INSERT INTO Song (song_name,artist_id,duration) VALUES ("Cupid De Locke - Remastered 2012",4,"00:02:50");
INSERT INTO AlbumSong (album_id,song_id,format_id) VALUES(35,479,1);
INSERT INTO AlbumSong (album_id,song_id,format_id) VALUES(35,479,2);
INSERT INTO Song (song_name,artist_id,duration) VALUES ("Galapogos - Remastered 2012",4,"00:04:46");
INSERT INTO AlbumSong (album_id,song_id,format_id) VALUES(35,480,1);
INSERT INTO AlbumSong (album_id,song_id,format_id) VALUES(35,480,2);
INSERT INTO Song (song_name,artist_id,duration) VALUES ("Muzzle - Remastered 2012",4,"00:03:43");
INSERT INTO AlbumSong (album_id,song_id,format_id) VALUES(35,481,1);
INSERT INTO AlbumSong (album_id,song_id,format_id) VALUES(35,481,2);
INSERT INTO Song (song_name,artist_id,duration) VALUES ("Porcelina Of The Vast Oceans - Remastered 2012",4,"00:09:21");
INSERT INTO AlbumSong (album_id,song_id,format_id) VALUES(35,482,1);
INSERT INTO AlbumSong (album_id,song_id,format_id) VALUES(35,482,2);
INSERT INTO Song (song_name,artist_id,duration) VALUES ("Take Me Down - Remastered 2012",4,"00:02:54");
INSERT INTO AlbumSong (album_id,song_id,format_id) VALUES(35,483,1);
INSERT INTO AlbumSong (album_id,song_id,format_id) VALUES(35,483,2);
INSERT INTO Song (song_name,artist_id,duration) VALUES ("Where Boys Fear To Tread - Remastered 2012",4,"00:04:23");
INSERT INTO AlbumSong (album_id,song_id,format_id) VALUES(35,484,1);
INSERT INTO AlbumSong (album_id,song_id,format_id) VALUES(35,484,2);
INSERT INTO Song (song_name,artist_id,duration) VALUES ("Bodies - Remastered 2012",4,"00:04:12");
INSERT INTO AlbumSong (album_id,song_id,format_id) VALUES(35,485,1);
INSERT INTO AlbumSong (album_id,song_id,format_id) VALUES(35,485,2);
INSERT INTO Song (song_name,artist_id,duration) VALUES ("Thirty-Three - Remastered 2012",4,"00:04:10");
INSERT INTO AlbumSong (album_id,song_id,format_id) VALUES(35,486,1);
INSERT INTO AlbumSong (album_id,song_id,format_id) VALUES(35,486,2);
INSERT INTO Song (song_name,artist_id,duration) VALUES ("In The Arms Of Sleep - Remastered 2012",4,"00:04:12");
INSERT INTO AlbumSong (album_id,song_id,format_id) VALUES(35,487,1);
INSERT INTO AlbumSong (album_id,song_id,format_id) VALUES(35,487,2);
INSERT INTO Song (song_name,artist_id,duration) VALUES ("1979 - Remastered 2012",4,"00:04:26");
INSERT INTO AlbumSong (album_id,song_id,format_id) VALUES(35,488,1);
INSERT INTO AlbumSong (album_id,song_id,format_id) VALUES(35,488,2);
INSERT INTO Song (song_name,artist_id,duration) VALUES ("Tales Of A Scorched Earth - Remastered 2012",4,"00:03:45");
INSERT INTO AlbumSong (album_id,song_id,format_id) VALUES(35,489,1);
INSERT INTO AlbumSong (album_id,song_id,format_id) VALUES(35,489,2);
INSERT INTO Song (song_name,artist_id,duration) VALUES ("Thru The Eyes Of Ruby - Remastered 2012",4,"00:07:38");
INSERT INTO AlbumSong (album_id,song_id,format_id) VALUES(35,490,1);
INSERT INTO AlbumSong (album_id,song_id,format_id) VALUES(35,490,2);
INSERT INTO Song (song_name,artist_id,duration) VALUES ("Stumbleine - Remastered 2012",4,"00:02:54");
INSERT INTO AlbumSong (album_id,song_id,format_id) VALUES(35,491,1);
INSERT INTO AlbumSong (album_id,song_id,format_id) VALUES(35,491,2);
INSERT INTO Song (song_name,artist_id,duration) VALUES ("X.Y.U. - Remastered 2012",4,"00:07:07");
INSERT INTO AlbumSong (album_id,song_id,format_id) VALUES(35,492,1);
INSERT INTO AlbumSong (album_id,song_id,format_id) VALUES(35,492,2);
INSERT INTO Song (song_name,artist_id,duration) VALUES ("We Only Come Out At Night - Remastered 2012",4,"00:04:05");
INSERT INTO AlbumSong (album_id,song_id,format_id) VALUES(35,493,1);
INSERT INTO AlbumSong (album_id,song_id,format_id) VALUES(35,493,2);
INSERT INTO Song (song_name,artist_id,duration) VALUES ("Beautiful - Remastered 2012",4,"00:04:18");
INSERT INTO AlbumSong (album_id,song_id,format_id) VALUES(35,494,1);
INSERT INTO AlbumSong (album_id,song_id,format_id) VALUES(35,494,2);
INSERT INTO Song (song_name,artist_id,duration) VALUES ("Lily (My One And Only) - Remastered 2012",4,"00:03:31");
INSERT INTO AlbumSong (album_id,song_id,format_id) VALUES(35,495,1);
INSERT INTO AlbumSong (album_id,song_id,format_id) VALUES(35,495,2);
INSERT INTO Song (song_name,artist_id,duration) VALUES ("By Starlight - Remastered 2012",4,"00:04:48");
INSERT INTO AlbumSong (album_id,song_id,format_id) VALUES(35,496,1);
INSERT INTO AlbumSong (album_id,song_id,format_id) VALUES(35,496,2);
INSERT INTO Song (song_name,artist_id,duration) VALUES ("Farewell And Goodnight - Remastered 2012",4,"00:04:24");
INSERT INTO AlbumSong (album_id,song_id,format_id) VALUES(35,497,1);
INSERT INTO AlbumSong (album_id,song_id,format_id) VALUES(35,497,2);
INSERT INTO Song (song_name,artist_id,duration) VALUES ("Tonight, Tonight - Strings Alone Mix",4,"00:02:41");
INSERT INTO AlbumSong (album_id,song_id,format_id) VALUES(35,498,1);
INSERT INTO AlbumSong (album_id,song_id,format_id) VALUES(35,498,2);
INSERT INTO Song (song_name,artist_id,duration) VALUES ("Methusela - Sadlands Demo",4,"00:04:08");
INSERT INTO AlbumSong (album_id,song_id,format_id) VALUES(35,499,1);
INSERT INTO AlbumSong (album_id,song_id,format_id) VALUES(35,499,2);
INSERT INTO Song (song_name,artist_id,duration) VALUES ("X.Y.U. - Take 11",4,"00:07:10");
INSERT INTO AlbumSong (album_id,song_id,format_id) VALUES(35,500,1);
INSERT INTO AlbumSong (album_id,song_id,format_id) VALUES(35,500,2);
INSERT INTO Song (song_name,artist_id,duration) VALUES ("Zero - Synth Mix",4,"00:02:46");
INSERT INTO AlbumSong (album_id,song_id,format_id) VALUES(35,501,1);
INSERT INTO AlbumSong (album_id,song_id,format_id) VALUES(35,501,2);
INSERT INTO Song (song_name,artist_id,duration) VALUES ("Feelium - Sandlands Demo",4,"00:04:21");
INSERT INTO AlbumSong (album_id,song_id,format_id) VALUES(35,502,1);
INSERT INTO AlbumSong (album_id,song_id,format_id) VALUES(35,502,2);
INSERT INTO Song (song_name,artist_id,duration) VALUES ("Autumn Nocturne - Sadlands Demo",4,"00:01:30");
INSERT INTO AlbumSong (album_id,song_id,format_id) VALUES(35,503,1);
INSERT INTO AlbumSong (album_id,song_id,format_id) VALUES(35,503,2);
INSERT INTO Song (song_name,artist_id,duration) VALUES ("Beautiful - Loop Version",4,"00:05:07");
INSERT INTO AlbumSong (album_id,song_id,format_id) VALUES(35,504,1);
INSERT INTO AlbumSong (album_id,song_id,format_id) VALUES(35,504,2);
INSERT INTO Song (song_name,artist_id,duration) VALUES ("Ugly - Sadlands Demo",4,"00:02:47");
INSERT INTO AlbumSong (album_id,song_id,format_id) VALUES(35,505,1);
INSERT INTO AlbumSong (album_id,song_id,format_id) VALUES(35,505,2);
INSERT INTO Song (song_name,artist_id,duration) VALUES ("Ascending Guitars - Sadlands Demo",4,"00:03:12");
INSERT INTO AlbumSong (album_id,song_id,format_id) VALUES(35,506,1);
INSERT INTO AlbumSong (album_id,song_id,format_id) VALUES(35,506,2);
INSERT INTO Song (song_name,artist_id,duration) VALUES ("By Starlight - Flood Rough",4,"00:04:31");
INSERT INTO AlbumSong (album_id,song_id,format_id) VALUES(35,507,1);
INSERT INTO AlbumSong (album_id,song_id,format_id) VALUES(35,507,2);
INSERT INTO Song (song_name,artist_id,duration) VALUES ("Medellia Of The Gray Skies - Take 1",4,"00:03:04");
INSERT INTO AlbumSong (album_id,song_id,format_id) VALUES(35,508,1);
INSERT INTO AlbumSong (album_id,song_id,format_id) VALUES(35,508,2);
INSERT INTO Song (song_name,artist_id,duration) VALUES ("Lover - Arrangement 1 Demo",4,"00:03:46");
INSERT INTO AlbumSong (album_id,song_id,format_id) VALUES(35,509,1);
INSERT INTO AlbumSong (album_id,song_id,format_id) VALUES(35,509,2);
INSERT INTO Song (song_name,artist_id,duration) VALUES ("Thru The Eyes Of Ruby - Take 7",4,"00:05:49");
INSERT INTO AlbumSong (album_id,song_id,format_id) VALUES(35,510,1);
INSERT INTO AlbumSong (album_id,song_id,format_id) VALUES(35,510,2);
INSERT INTO Song (song_name,artist_id,duration) VALUES ("In The Arms Of Sleep - Early Live Demo",4,"00:03:50");
INSERT INTO AlbumSong (album_id,song_id,format_id) VALUES(35,511,1);
INSERT INTO AlbumSong (album_id,song_id,format_id) VALUES(35,511,2);
INSERT INTO Song (song_name,artist_id,duration) VALUES ("Lily (My One And Only) - Sadlands Demo",4,"00:03:19");
INSERT INTO AlbumSong (album_id,song_id,format_id) VALUES(35,512,1);
INSERT INTO AlbumSong (album_id,song_id,format_id) VALUES(35,512,2);
INSERT INTO Song (song_name,artist_id,duration) VALUES ("1979 - Sadlands Demo",4,"00:04:04");
INSERT INTO AlbumSong (album_id,song_id,format_id) VALUES(35,513,1);
INSERT INTO AlbumSong (album_id,song_id,format_id) VALUES(35,513,2);
INSERT INTO Song (song_name,artist_id,duration) VALUES ("Glamey Glamey - Sadlands Demo",4,"00:03:05");
INSERT INTO AlbumSong (album_id,song_id,format_id) VALUES(35,514,1);
INSERT INTO AlbumSong (album_id,song_id,format_id) VALUES(35,514,2);
INSERT INTO Song (song_name,artist_id,duration) VALUES ("Meladori Magpie - Remastered 2012",4,"00:02:44");
INSERT INTO AlbumSong (album_id,song_id,format_id) VALUES(35,515,1);
INSERT INTO AlbumSong (album_id,song_id,format_id) VALUES(35,515,2);
INSERT INTO Song (song_name,artist_id,duration) VALUES ("Mellon Collie And The Infinite Sadness - Home Piano Version",4,"00:02:45");
INSERT INTO AlbumSong (album_id,song_id,format_id) VALUES(35,516,1);
INSERT INTO AlbumSong (album_id,song_id,format_id) VALUES(35,516,2);
INSERT INTO Song (song_name,artist_id,duration) VALUES ("Galapagos - Instrumental/Sadlands Demo",4,"00:03:54");
INSERT INTO AlbumSong (album_id,song_id,format_id) VALUES(35,517,1);
INSERT INTO AlbumSong (album_id,song_id,format_id) VALUES(35,517,2);
INSERT INTO Song (song_name,artist_id,duration) VALUES ("To Forgive - Sadlands Demo",4,"00:03:46");
INSERT INTO AlbumSong (album_id,song_id,format_id) VALUES(35,518,1);
INSERT INTO AlbumSong (album_id,song_id,format_id) VALUES(35,518,2);
INSERT INTO Song (song_name,artist_id,duration) VALUES ("Bullet With Butterfly Wings - Sadlands Demo",4,"00:04:34");
INSERT INTO AlbumSong (album_id,song_id,format_id) VALUES(35,519,1);
INSERT INTO AlbumSong (album_id,song_id,format_id) VALUES(35,519,2);
INSERT INTO Album(album_id,album_name,artist_id,art_id,release_date) VALUES (35,"Mellon Collie And The Infinite Sadness (Deluxe Edition)",4,35,"1995-01-01");
INSERT INTO AlbumArt(path) VALUES ("/var/www/album_art/smashing_pumpkins_pisces_iscariot_(deluxe).jpg");
INSERT INTO Song (song_name,artist_id,duration) VALUES ("Soothe - Demo/Remastered",4,"00:02:36");
INSERT INTO AlbumSong (album_id,song_id,format_id) VALUES(36,520,1);
INSERT INTO AlbumSong (album_id,song_id,format_id) VALUES(36,520,2);
INSERT INTO Song (song_name,artist_id,duration) VALUES ("Frail & Bedazzled - Remastered",4,"00:03:20");
INSERT INTO AlbumSong (album_id,song_id,format_id) VALUES(36,521,1);
INSERT INTO AlbumSong (album_id,song_id,format_id) VALUES(36,521,2);
INSERT INTO Song (song_name,artist_id,duration) VALUES ("Plume - Remastered",4,"00:03:37");
INSERT INTO AlbumSong (album_id,song_id,format_id) VALUES(36,522,1);
INSERT INTO AlbumSong (album_id,song_id,format_id) VALUES(36,522,2);
INSERT INTO Song (song_name,artist_id,duration) VALUES ("Whir - Remastered",4,"00:04:10");
INSERT INTO AlbumSong (album_id,song_id,format_id) VALUES(36,523,1);
INSERT INTO AlbumSong (album_id,song_id,format_id) VALUES(36,523,2);
INSERT INTO Song (song_name,artist_id,duration) VALUES ("Blew Away - Remastered",4,"00:03:32");
INSERT INTO AlbumSong (album_id,song_id,format_id) VALUES(36,524,1);
INSERT INTO AlbumSong (album_id,song_id,format_id) VALUES(36,524,2);
INSERT INTO Song (song_name,artist_id,duration) VALUES ("Pissant - Remastered",4,"00:02:31");
INSERT INTO AlbumSong (album_id,song_id,format_id) VALUES(36,525,1);
INSERT INTO AlbumSong (album_id,song_id,format_id) VALUES(36,525,2);
INSERT INTO Song (song_name,artist_id,duration) VALUES ("Hello Kitty Kat - Remastered",4,"00:04:29");
INSERT INTO AlbumSong (album_id,song_id,format_id) VALUES(36,526,1);
INSERT INTO AlbumSong (album_id,song_id,format_id) VALUES(36,526,2);
INSERT INTO Song (song_name,artist_id,duration) VALUES ("Obscured - Remastered",4,"00:05:21");
INSERT INTO AlbumSong (album_id,song_id,format_id) VALUES(36,527,1);
INSERT INTO AlbumSong (album_id,song_id,format_id) VALUES(36,527,2);
INSERT INTO Song (song_name,artist_id,duration) VALUES ("Landslide - Remastered",4,"00:03:10");
INSERT INTO AlbumSong (album_id,song_id,format_id) VALUES(36,528,1);
INSERT INTO AlbumSong (album_id,song_id,format_id) VALUES(36,528,2);
INSERT INTO Song (song_name,artist_id,duration) VALUES ("Starla - Remastered",4,"00:11:01");
INSERT INTO AlbumSong (album_id,song_id,format_id) VALUES(36,529,1);
INSERT INTO AlbumSong (album_id,song_id,format_id) VALUES(36,529,2);
INSERT INTO Song (song_name,artist_id,duration) VALUES ("Blue - Remastered",4,"00:03:19");
INSERT INTO AlbumSong (album_id,song_id,format_id) VALUES(36,530,1);
INSERT INTO AlbumSong (album_id,song_id,format_id) VALUES(36,530,2);
INSERT INTO Song (song_name,artist_id,duration) VALUES ("A Girl Named Sandoz - Remastered",4,"00:03:34");
INSERT INTO AlbumSong (album_id,song_id,format_id) VALUES(36,531,1);
INSERT INTO AlbumSong (album_id,song_id,format_id) VALUES(36,531,2);
INSERT INTO Song (song_name,artist_id,duration) VALUES ("La Dolly Vita - Remastered",4,"00:04:15");
INSERT INTO AlbumSong (album_id,song_id,format_id) VALUES(36,532,1);
INSERT INTO AlbumSong (album_id,song_id,format_id) VALUES(36,532,2);
INSERT INTO Song (song_name,artist_id,duration) VALUES ("Spaced - Remastered",4,"00:02:24");
INSERT INTO AlbumSong (album_id,song_id,format_id) VALUES(36,533,1);
INSERT INTO AlbumSong (album_id,song_id,format_id) VALUES(36,533,2);
INSERT INTO Song (song_name,artist_id,duration) VALUES ("Bye June - Ignoffo Sessions / 2012 Mix",4,"00:02:08");
INSERT INTO AlbumSong (album_id,song_id,format_id) VALUES(36,534,1);
INSERT INTO AlbumSong (album_id,song_id,format_id) VALUES(36,534,2);
INSERT INTO Song (song_name,artist_id,duration) VALUES ("My Dahlia - Ignoffo Sessions / 2012 Mix",4,"00:03:46");
INSERT INTO AlbumSong (album_id,song_id,format_id) VALUES(36,535,1);
INSERT INTO AlbumSong (album_id,song_id,format_id) VALUES(36,535,2);
INSERT INTO Song (song_name,artist_id,duration) VALUES ("Jesus Loves His Babies - Gish Sessions Rough Mix",4,"00:02:57");
INSERT INTO AlbumSong (album_id,song_id,format_id) VALUES(36,536,1);
INSERT INTO AlbumSong (album_id,song_id,format_id) VALUES(36,536,2);
INSERT INTO Song (song_name,artist_id,duration) VALUES ("Cinnamon Girl - Ignoffo Sessions / 2012 Mix",4,"00:02:40");
INSERT INTO AlbumSong (album_id,song_id,format_id) VALUES(36,537,1);
INSERT INTO AlbumSong (album_id,song_id,format_id) VALUES(36,537,2);
INSERT INTO Song (song_name,artist_id,duration) VALUES ("Glynis - 2012 Mix",4,"00:04:54");
INSERT INTO AlbumSong (album_id,song_id,format_id) VALUES(36,538,1);
INSERT INTO AlbumSong (album_id,song_id,format_id) VALUES(36,538,2);
INSERT INTO Song (song_name,artist_id,duration) VALUES ("Crawl - Gish Sessions Outtake",4,"00:06:54");
INSERT INTO AlbumSong (album_id,song_id,format_id) VALUES(36,539,1);
INSERT INTO AlbumSong (album_id,song_id,format_id) VALUES(36,539,2);
INSERT INTO Song (song_name,artist_id,duration) VALUES ("Cinder Open - Eddy St. Demo / 2012 Mix",4,"00:03:36");
INSERT INTO AlbumSong (album_id,song_id,format_id) VALUES(36,540,1);
INSERT INTO AlbumSong (album_id,song_id,format_id) VALUES(36,540,2);
INSERT INTO Song (song_name,artist_id,duration) VALUES ("Blissed - Sadlands Demo/2012 Mix",4,"00:03:12");
INSERT INTO AlbumSong (album_id,song_id,format_id) VALUES(36,541,1);
INSERT INTO AlbumSong (album_id,song_id,format_id) VALUES(36,541,2);
INSERT INTO Song (song_name,artist_id,duration) VALUES ("Slunk - Live On Japanese TV/1992",4,"00:02:36");
INSERT INTO AlbumSong (album_id,song_id,format_id) VALUES(36,542,1);
INSERT INTO AlbumSong (album_id,song_id,format_id) VALUES(36,542,2);
INSERT INTO Song (song_name,artist_id,duration) VALUES ("Jackie Blue",4,"00:03:55");
INSERT INTO AlbumSong (album_id,song_id,format_id) VALUES(36,543,1);
INSERT INTO AlbumSong (album_id,song_id,format_id) VALUES(36,543,2);
INSERT INTO Song (song_name,artist_id,duration) VALUES ("Venus In Furs - Live On WZRD Radio/1989",4,"00:04:35");
INSERT INTO AlbumSong (album_id,song_id,format_id) VALUES(36,544,1);
INSERT INTO AlbumSong (album_id,song_id,format_id) VALUES(36,544,2);
INSERT INTO Song (song_name,artist_id,duration) VALUES ("Translucent - Sadlands Demo / 2012 Mix",4,"00:03:46");
INSERT INTO AlbumSong (album_id,song_id,format_id) VALUES(36,545,1);
INSERT INTO AlbumSong (album_id,song_id,format_id) VALUES(36,545,2);
INSERT INTO Song (song_name,artist_id,duration) VALUES ("French Movie Theme - Siamese Sessions Outtake",4,"00:01:55");
INSERT INTO AlbumSong (album_id,song_id,format_id) VALUES(36,546,1);
INSERT INTO AlbumSong (album_id,song_id,format_id) VALUES(36,546,2);
INSERT INTO Song (song_name,artist_id,duration) VALUES ("Purr Snickety - Gish B-Sides Session Outtake",4,"00:02:49");
INSERT INTO AlbumSong (album_id,song_id,format_id) VALUES(36,547,1);
INSERT INTO AlbumSong (album_id,song_id,format_id) VALUES(36,547,2);
INSERT INTO Song (song_name,artist_id,duration) VALUES ("There It Goes - Demo / 2012 Mix",4,"00:05:17");
INSERT INTO AlbumSong (album_id,song_id,format_id) VALUES(36,548,1);
INSERT INTO AlbumSong (album_id,song_id,format_id) VALUES(36,548,2);
INSERT INTO Song (song_name,artist_id,duration) VALUES ("Vanilla - Ignoffo Sessions / 2012 Mix",4,"00:02:49");
INSERT INTO AlbumSong (album_id,song_id,format_id) VALUES(36,549,1);
INSERT INTO AlbumSong (album_id,song_id,format_id) VALUES(36,549,2);
INSERT INTO Song (song_name,artist_id,duration) VALUES ("Why Am I So Tired - Live In Studio Demo / 2012 Remaster",4,"00:15:13");
INSERT INTO AlbumSong (album_id,song_id,format_id) VALUES(36,550,1);
INSERT INTO AlbumSong (album_id,song_id,format_id) VALUES(36,550,2);
INSERT INTO Album(album_id,album_name,artist_id,art_id,release_date) VALUES (36,"Pisces Iscariot (Deluxe)",4,36,"1994-01-01");
INSERT INTO AlbumArt(path) VALUES ("/var/www/album_art/smashing_pumpkins_siamese_dream_(deluxe_edition).jpg");
INSERT INTO Song (song_name,artist_id,duration) VALUES ("Cherub Rock - Remastered 2011",4,"00:04:58");
INSERT INTO AlbumSong (album_id,song_id,format_id) VALUES(37,551,1);
INSERT INTO AlbumSong (album_id,song_id,format_id) VALUES(37,551,2);
INSERT INTO Song (song_name,artist_id,duration) VALUES ("Quiet - Remastered",4,"00:03:42");
INSERT INTO AlbumSong (album_id,song_id,format_id) VALUES(37,552,1);
INSERT INTO AlbumSong (album_id,song_id,format_id) VALUES(37,552,2);
INSERT INTO Song (song_name,artist_id,duration) VALUES ("Today - 2011 Remaster",4,"00:03:21");
INSERT INTO AlbumSong (album_id,song_id,format_id) VALUES(37,553,1);
INSERT INTO AlbumSong (album_id,song_id,format_id) VALUES(37,553,2);
INSERT INTO Song (song_name,artist_id,duration) VALUES ("Hummer - Remastered",4,"00:06:56");
INSERT INTO AlbumSong (album_id,song_id,format_id) VALUES(37,554,1);
INSERT INTO AlbumSong (album_id,song_id,format_id) VALUES(37,554,2);
INSERT INTO Song (song_name,artist_id,duration) VALUES ("Rocket - Remastered",4,"00:04:06");
INSERT INTO AlbumSong (album_id,song_id,format_id) VALUES(37,555,1);
INSERT INTO AlbumSong (album_id,song_id,format_id) VALUES(37,555,2);
INSERT INTO Song (song_name,artist_id,duration) VALUES ("Disarm - Remastered",4,"00:03:16");
INSERT INTO AlbumSong (album_id,song_id,format_id) VALUES(37,556,1);
INSERT INTO AlbumSong (album_id,song_id,format_id) VALUES(37,556,2);
INSERT INTO Song (song_name,artist_id,duration) VALUES ("Soma - Remastered",4,"00:06:38");
INSERT INTO AlbumSong (album_id,song_id,format_id) VALUES(37,557,1);
INSERT INTO AlbumSong (album_id,song_id,format_id) VALUES(37,557,2);
INSERT INTO Song (song_name,artist_id,duration) VALUES ("Geek U.S.A. - Remastered",4,"00:05:13");
INSERT INTO AlbumSong (album_id,song_id,format_id) VALUES(37,558,1);
INSERT INTO AlbumSong (album_id,song_id,format_id) VALUES(37,558,2);
INSERT INTO Song (song_name,artist_id,duration) VALUES ("Mayonaise - Remastered",4,"00:05:48");
INSERT INTO AlbumSong (album_id,song_id,format_id) VALUES(37,559,1);
INSERT INTO AlbumSong (album_id,song_id,format_id) VALUES(37,559,2);
INSERT INTO Song (song_name,artist_id,duration) VALUES ("Spaceboy - Remastered",4,"00:04:27");
INSERT INTO AlbumSong (album_id,song_id,format_id) VALUES(37,560,1);
INSERT INTO AlbumSong (album_id,song_id,format_id) VALUES(37,560,2);
INSERT INTO Song (song_name,artist_id,duration) VALUES ("Silverfuck - Remastered",4,"00:08:42");
INSERT INTO AlbumSong (album_id,song_id,format_id) VALUES(37,561,1);
INSERT INTO AlbumSong (album_id,song_id,format_id) VALUES(37,561,2);
INSERT INTO Song (song_name,artist_id,duration) VALUES ("Sweet Sweet - Remastered",4,"00:01:38");
INSERT INTO AlbumSong (album_id,song_id,format_id) VALUES(37,562,1);
INSERT INTO AlbumSong (album_id,song_id,format_id) VALUES(37,562,2);
INSERT INTO Song (song_name,artist_id,duration) VALUES ("Luna - Remastered",4,"00:03:22");
INSERT INTO AlbumSong (album_id,song_id,format_id) VALUES(37,563,1);
INSERT INTO AlbumSong (album_id,song_id,format_id) VALUES(37,563,2);
INSERT INTO Song (song_name,artist_id,duration) VALUES ("Pissant - Siamese Sessions Rough Mix",4,"00:02:32");
INSERT INTO AlbumSong (album_id,song_id,format_id) VALUES(37,564,1);
INSERT INTO AlbumSong (album_id,song_id,format_id) VALUES(37,564,2);
INSERT INTO Song (song_name,artist_id,duration) VALUES ("Siamese Dream - Broadway Rehearsals Demo",4,"00:06:18");
INSERT INTO AlbumSong (album_id,song_id,format_id) VALUES(37,565,1);
INSERT INTO AlbumSong (album_id,song_id,format_id) VALUES(37,565,2);
INSERT INTO Song (song_name,artist_id,duration) VALUES ("STP - Rehearsal Demo",4,"00:03:28");
INSERT INTO AlbumSong (album_id,song_id,format_id) VALUES(37,566,1);
INSERT INTO AlbumSong (album_id,song_id,format_id) VALUES(37,566,2);
INSERT INTO Song (song_name,artist_id,duration) VALUES ("Frail And Bedazzled - Soundworks Demo",4,"00:03:42");
INSERT INTO AlbumSong (album_id,song_id,format_id) VALUES(37,567,1);
INSERT INTO AlbumSong (album_id,song_id,format_id) VALUES(37,567,2);
INSERT INTO Song (song_name,artist_id,duration) VALUES ("Luna - Apartment Demo",4,"00:03:13");
INSERT INTO AlbumSong (album_id,song_id,format_id) VALUES(37,568,1);
INSERT INTO AlbumSong (album_id,song_id,format_id) VALUES(37,568,2);
INSERT INTO Song (song_name,artist_id,duration) VALUES ("Quiet - BBC Session/BC Mix",4,"00:03:36");
INSERT INTO AlbumSong (album_id,song_id,format_id) VALUES(37,569,1);
INSERT INTO AlbumSong (album_id,song_id,format_id) VALUES(37,569,2);
INSERT INTO Song (song_name,artist_id,duration) VALUES ("Moleasskiss - Soundworks Demo",4,"00:04:00");
INSERT INTO AlbumSong (album_id,song_id,format_id) VALUES(37,570,1);
INSERT INTO AlbumSong (album_id,song_id,format_id) VALUES(37,570,2);
INSERT INTO Song (song_name,artist_id,duration) VALUES ("Hello Kitty Kat - Soundworks Demo",4,"00:06:14");
INSERT INTO AlbumSong (album_id,song_id,format_id) VALUES(37,571,1);
INSERT INTO AlbumSong (album_id,song_id,format_id) VALUES(37,571,2);
INSERT INTO Song (song_name,artist_id,duration) VALUES ("Today - Broadway Rehearsals Demo",4,"00:03:21");
INSERT INTO AlbumSong (album_id,song_id,format_id) VALUES(37,572,1);
INSERT INTO AlbumSong (album_id,song_id,format_id) VALUES(37,572,2);
INSERT INTO Song (song_name,artist_id,duration) VALUES ("Never Let Me Down Again - BBC Session",4,"00:04:03");
INSERT INTO AlbumSong (album_id,song_id,format_id) VALUES(37,573,1);
INSERT INTO AlbumSong (album_id,song_id,format_id) VALUES(37,573,2);
INSERT INTO Song (song_name,artist_id,duration) VALUES ("Apathy's Last Kiss - Siamese Sessions Rough Mix",4,"00:02:40");
INSERT INTO AlbumSong (album_id,song_id,format_id) VALUES(37,574,1);
INSERT INTO AlbumSong (album_id,song_id,format_id) VALUES(37,574,2);
INSERT INTO Song (song_name,artist_id,duration) VALUES ("Ache - Silverfuck Rehearsal Demo",4,"00:06:57");
INSERT INTO AlbumSong (album_id,song_id,format_id) VALUES(37,575,1);
INSERT INTO AlbumSong (album_id,song_id,format_id) VALUES(37,575,2);
INSERT INTO Song (song_name,artist_id,duration) VALUES ("U.S.A. - Soundworks Demo",4,"00:04:25");
INSERT INTO AlbumSong (album_id,song_id,format_id) VALUES(37,576,1);
INSERT INTO AlbumSong (album_id,song_id,format_id) VALUES(37,576,2);
INSERT INTO Song (song_name,artist_id,duration) VALUES ("U.S.S.R. - Soundworks Demo",4,"00:01:35");
INSERT INTO AlbumSong (album_id,song_id,format_id) VALUES(37,577,1);
INSERT INTO AlbumSong (album_id,song_id,format_id) VALUES(37,577,2);
INSERT INTO Song (song_name,artist_id,duration) VALUES ("Spaceboy - Acoustic",4,"00:03:58");
INSERT INTO AlbumSong (album_id,song_id,format_id) VALUES(37,578,1);
INSERT INTO AlbumSong (album_id,song_id,format_id) VALUES(37,578,2);
INSERT INTO Song (song_name,artist_id,duration) VALUES ("Rocket - Rehearsal Demo",4,"00:04:56");
INSERT INTO AlbumSong (album_id,song_id,format_id) VALUES(37,579,1);
INSERT INTO AlbumSong (album_id,song_id,format_id) VALUES(37,579,2);
INSERT INTO Song (song_name,artist_id,duration) VALUES ("Disarm - Acoustic",4,"00:03:18");
INSERT INTO AlbumSong (album_id,song_id,format_id) VALUES(37,580,1);
INSERT INTO AlbumSong (album_id,song_id,format_id) VALUES(37,580,2);
INSERT INTO Song (song_name,artist_id,duration) VALUES ("Soma - Instrumental",4,"00:06:38");
INSERT INTO AlbumSong (album_id,song_id,format_id) VALUES(37,581,1);
INSERT INTO AlbumSong (album_id,song_id,format_id) VALUES(37,581,2);
INSERT INTO Album(album_id,album_name,artist_id,art_id,release_date) VALUES (37,"Siamese Dream (Deluxe Edition)",4,37,"1993-01-01");
INSERT INTO AlbumArt(path) VALUES ("/var/www/album_art/smashing_pumpkins_gish_(deluxe_edition).jpg");
INSERT INTO Song (song_name,artist_id,duration) VALUES ("I Am One - Remastered 2011",4,"00:04:06");
INSERT INTO AlbumSong (album_id,song_id,format_id) VALUES(38,582,1);
INSERT INTO AlbumSong (album_id,song_id,format_id) VALUES(38,582,2);
INSERT INTO Song (song_name,artist_id,duration) VALUES ("Siva - Remastered 2011",4,"00:04:19");
INSERT INTO AlbumSong (album_id,song_id,format_id) VALUES(38,583,1);
INSERT INTO AlbumSong (album_id,song_id,format_id) VALUES(38,583,2);
INSERT INTO Song (song_name,artist_id,duration) VALUES ("Rhinoceros - Remastered 2011",4,"00:06:30");
INSERT INTO AlbumSong (album_id,song_id,format_id) VALUES(38,584,1);
INSERT INTO AlbumSong (album_id,song_id,format_id) VALUES(38,584,2);
INSERT INTO Song (song_name,artist_id,duration) VALUES ("Bury Me - Remastered 2011",4,"00:04:46");
INSERT INTO AlbumSong (album_id,song_id,format_id) VALUES(38,585,1);
INSERT INTO AlbumSong (album_id,song_id,format_id) VALUES(38,585,2);
INSERT INTO Song (song_name,artist_id,duration) VALUES ("Crush - Remastered 2011",4,"00:03:33");
INSERT INTO AlbumSong (album_id,song_id,format_id) VALUES(38,586,1);
INSERT INTO AlbumSong (album_id,song_id,format_id) VALUES(38,586,2);
INSERT INTO Song (song_name,artist_id,duration) VALUES ("Suffer - Remastered 2011",4,"00:05:08");
INSERT INTO AlbumSong (album_id,song_id,format_id) VALUES(38,587,1);
INSERT INTO AlbumSong (album_id,song_id,format_id) VALUES(38,587,2);
INSERT INTO Song (song_name,artist_id,duration) VALUES ("Snail - Remastered 2011",4,"00:05:08");
INSERT INTO AlbumSong (album_id,song_id,format_id) VALUES(38,588,1);
INSERT INTO AlbumSong (album_id,song_id,format_id) VALUES(38,588,2);
INSERT INTO Song (song_name,artist_id,duration) VALUES ("Tristessa - Remastered 2011",4,"00:03:32");
INSERT INTO AlbumSong (album_id,song_id,format_id) VALUES(38,589,1);
INSERT INTO AlbumSong (album_id,song_id,format_id) VALUES(38,589,2);
INSERT INTO Song (song_name,artist_id,duration) VALUES ("Window Paine - Remastered 2011",4,"00:05:49");
INSERT INTO AlbumSong (album_id,song_id,format_id) VALUES(38,590,1);
INSERT INTO AlbumSong (album_id,song_id,format_id) VALUES(38,590,2);
INSERT INTO Song (song_name,artist_id,duration) VALUES ("Daydream - Remastered 2011",4,"00:03:07");
INSERT INTO AlbumSong (album_id,song_id,format_id) VALUES(38,591,1);
INSERT INTO AlbumSong (album_id,song_id,format_id) VALUES(38,591,2);
INSERT INTO Song (song_name,artist_id,duration) VALUES ("Starla - 2011 Mix",4,"00:11:01");
INSERT INTO AlbumSong (album_id,song_id,format_id) VALUES(38,592,1);
INSERT INTO AlbumSong (album_id,song_id,format_id) VALUES(38,592,2);
INSERT INTO Song (song_name,artist_id,duration) VALUES ("Siva - Peel Session / Remastered 2011",4,"00:04:49");
INSERT INTO AlbumSong (album_id,song_id,format_id) VALUES(38,593,1);
INSERT INTO AlbumSong (album_id,song_id,format_id) VALUES(38,593,2);
INSERT INTO Song (song_name,artist_id,duration) VALUES ("Honeyspider - Reel Time Demos / 2011 Mix",4,"00:02:53");
INSERT INTO AlbumSong (album_id,song_id,format_id) VALUES(38,594,1);
INSERT INTO AlbumSong (album_id,song_id,format_id) VALUES(38,594,2);
INSERT INTO Song (song_name,artist_id,duration) VALUES ("Hippy Trippy - Crush Music Box Demo",4,"00:03:33");
INSERT INTO AlbumSong (album_id,song_id,format_id) VALUES(38,595,1);
INSERT INTO AlbumSong (album_id,song_id,format_id) VALUES(38,595,2);
INSERT INTO Song (song_name,artist_id,duration) VALUES ("Snail - Live Radio Performance/1992",4,"00:05:48");
INSERT INTO AlbumSong (album_id,song_id,format_id) VALUES(38,596,1);
INSERT INTO AlbumSong (album_id,song_id,format_id) VALUES(38,596,2);
INSERT INTO Song (song_name,artist_id,duration) VALUES ("Plume - 2011 Mix",4,"00:03:34");
INSERT INTO AlbumSong (album_id,song_id,format_id) VALUES(38,597,1);
INSERT INTO AlbumSong (album_id,song_id,format_id) VALUES(38,597,2);
INSERT INTO Song (song_name,artist_id,duration) VALUES ("Bury Me - Reel Time Demos / 2011 Mix",4,"00:04:18");
INSERT INTO AlbumSong (album_id,song_id,format_id) VALUES(38,598,1);
INSERT INTO AlbumSong (album_id,song_id,format_id) VALUES(38,598,2);
INSERT INTO Song (song_name,artist_id,duration) VALUES ("Daydream - Old House Demo",4,"00:02:05");
INSERT INTO AlbumSong (album_id,song_id,format_id) VALUES(38,599,1);
INSERT INTO AlbumSong (album_id,song_id,format_id) VALUES(38,599,2);
INSERT INTO Song (song_name,artist_id,duration) VALUES ("Tristessa - Sub Pop Single / 2011 Mix",4,"00:03:48");
INSERT INTO AlbumSong (album_id,song_id,format_id) VALUES(38,600,1);
INSERT INTO AlbumSong (album_id,song_id,format_id) VALUES(38,600,2);
INSERT INTO Song (song_name,artist_id,duration) VALUES ("Girl Named Sandoz - Peel Sessions / 2011 Remaster",4,"00:03:35");
INSERT INTO AlbumSong (album_id,song_id,format_id) VALUES(38,601,1);
INSERT INTO AlbumSong (album_id,song_id,format_id) VALUES(38,601,2);
INSERT INTO Song (song_name,artist_id,duration) VALUES ("Jesus Is The Sun - Apartment Demo",4,"00:02:55");
INSERT INTO AlbumSong (album_id,song_id,format_id) VALUES(38,602,1);
INSERT INTO AlbumSong (album_id,song_id,format_id) VALUES(38,602,2);
INSERT INTO Song (song_name,artist_id,duration) VALUES ("Blue - Gish Sessions Demo",4,"00:04:07");
INSERT INTO AlbumSong (album_id,song_id,format_id) VALUES(38,603,1);
INSERT INTO AlbumSong (album_id,song_id,format_id) VALUES(38,603,2);
INSERT INTO Song (song_name,artist_id,duration) VALUES ("Smiley - Gish Sessions Demo",4,"00:03:36");
INSERT INTO AlbumSong (album_id,song_id,format_id) VALUES(38,604,1);
INSERT INTO AlbumSong (album_id,song_id,format_id) VALUES(38,604,2);
INSERT INTO Song (song_name,artist_id,duration) VALUES ("I Am One - Reel Time Demos / 2011 Mix",4,"00:04:21");
INSERT INTO AlbumSong (album_id,song_id,format_id) VALUES(38,605,1);
INSERT INTO AlbumSong (album_id,song_id,format_id) VALUES(38,605,2);
INSERT INTO Song (song_name,artist_id,duration) VALUES ("Seam - Suffer / Apartment Demo",4,"00:04:09");
INSERT INTO AlbumSong (album_id,song_id,format_id) VALUES(38,606,1);
INSERT INTO AlbumSong (album_id,song_id,format_id) VALUES(38,606,2);
INSERT INTO Song (song_name,artist_id,duration) VALUES ("La Dolly Vita - 2011 Mix",4,"00:04:18");
INSERT INTO AlbumSong (album_id,song_id,format_id) VALUES(38,607,1);
INSERT INTO AlbumSong (album_id,song_id,format_id) VALUES(38,607,2);
INSERT INTO Song (song_name,artist_id,duration) VALUES ("Pulseczar - Gish Sessions Demo",4,"00:02:31");
INSERT INTO AlbumSong (album_id,song_id,format_id) VALUES(38,608,1);
INSERT INTO AlbumSong (album_id,song_id,format_id) VALUES(38,608,2);
INSERT INTO Song (song_name,artist_id,duration) VALUES ("Drown - Alternate Guitar Solo",4,"00:08:17");
INSERT INTO AlbumSong (album_id,song_id,format_id) VALUES(38,609,1);
INSERT INTO AlbumSong (album_id,song_id,format_id) VALUES(38,609,2);
INSERT INTO Album(album_id,album_name,artist_id,art_id,release_date) VALUES (38,"Gish (Deluxe Edition)",4,38,"1991-01-01");
INSERT INTO Artist (artist_name,genre_id,description) VALUES ("Weezer",1,"");
INSERT INTO AlbumArt(path) VALUES ("/var/www/album_art/weezer_sznz__autumn.jpg");
INSERT INTO Song (song_name,artist_id,duration) VALUES ("Can’t Dance, Don’t Ask Me",5,"00:03:01");
INSERT INTO AlbumSong (album_id,song_id,format_id) VALUES(39,610,1);
INSERT INTO AlbumSong (album_id,song_id,format_id) VALUES(39,610,2);
INSERT INTO Song (song_name,artist_id,duration) VALUES ("Get Off On The Pain",5,"00:03:31");
INSERT INTO AlbumSong (album_id,song_id,format_id) VALUES(39,611,1);
INSERT INTO AlbumSong (album_id,song_id,format_id) VALUES(39,611,2);
INSERT INTO Song (song_name,artist_id,duration) VALUES ("What Happens After You?",5,"00:03:19");
INSERT INTO AlbumSong (album_id,song_id,format_id) VALUES(39,612,1);
INSERT INTO AlbumSong (album_id,song_id,format_id) VALUES(39,612,2);
INSERT INTO Song (song_name,artist_id,duration) VALUES ("Francesca",5,"00:03:27");
INSERT INTO AlbumSong (album_id,song_id,format_id) VALUES(39,613,1);
INSERT INTO AlbumSong (album_id,song_id,format_id) VALUES(39,613,2);
INSERT INTO Song (song_name,artist_id,duration) VALUES ("Should She Stay or Should She Go",5,"00:03:35");
INSERT INTO AlbumSong (album_id,song_id,format_id) VALUES(39,614,1);
INSERT INTO AlbumSong (album_id,song_id,format_id) VALUES(39,614,2);
INSERT INTO Song (song_name,artist_id,duration) VALUES ("Tastes Like Pain",5,"00:02:02");
INSERT INTO AlbumSong (album_id,song_id,format_id) VALUES(39,615,1);
INSERT INTO AlbumSong (album_id,song_id,format_id) VALUES(39,615,2);
INSERT INTO Song (song_name,artist_id,duration) VALUES ("Run, Raven, Run",5,"00:05:14");
INSERT INTO AlbumSong (album_id,song_id,format_id) VALUES(39,616,1);
INSERT INTO AlbumSong (album_id,song_id,format_id) VALUES(39,616,2);
INSERT INTO Song (song_name,artist_id,duration) VALUES ("Lawn Chair",5,"00:02:04");
INSERT INTO AlbumSong (album_id,song_id,format_id) VALUES(39,617,1);
INSERT INTO AlbumSong (album_id,song_id,format_id) VALUES(39,617,2);
INSERT INTO Song (song_name,artist_id,duration) VALUES ("Records",5,"00:03:28");
INSERT INTO AlbumSong (album_id,song_id,format_id) VALUES(39,618,1);
INSERT INTO AlbumSong (album_id,song_id,format_id) VALUES(39,618,2);
INSERT INTO Song (song_name,artist_id,duration) VALUES ("Blue Like Jazz",5,"00:03:12");
INSERT INTO AlbumSong (album_id,song_id,format_id) VALUES(39,619,1);
INSERT INTO AlbumSong (album_id,song_id,format_id) VALUES(39,619,2);
INSERT INTO Song (song_name,artist_id,duration) VALUES ("The Opposite Of Me",5,"00:03:30");
INSERT INTO AlbumSong (album_id,song_id,format_id) VALUES(39,620,1);
INSERT INTO AlbumSong (album_id,song_id,format_id) VALUES(39,620,2);
INSERT INTO Song (song_name,artist_id,duration) VALUES ("What's The Good Of Being Good",5,"00:04:02");
INSERT INTO AlbumSong (album_id,song_id,format_id) VALUES(39,621,1);
INSERT INTO AlbumSong (album_id,song_id,format_id) VALUES(39,621,2);
INSERT INTO Song (song_name,artist_id,duration) VALUES ("Cuomoville",5,"00:03:16");
INSERT INTO AlbumSong (album_id,song_id,format_id) VALUES(39,622,1);
INSERT INTO AlbumSong (album_id,song_id,format_id) VALUES(39,622,2);
INSERT INTO Song (song_name,artist_id,duration) VALUES ("Thank You and Good Night",5,"00:04:05");
INSERT INTO AlbumSong (album_id,song_id,format_id) VALUES(39,623,1);
INSERT INTO AlbumSong (album_id,song_id,format_id) VALUES(39,623,2);
INSERT INTO Song (song_name,artist_id,duration) VALUES ("Opening Night",5,"00:02:27");
INSERT INTO AlbumSong (album_id,song_id,format_id) VALUES(39,624,1);
INSERT INTO AlbumSong (album_id,song_id,format_id) VALUES(39,624,2);
INSERT INTO Song (song_name,artist_id,duration) VALUES ("Angels On Vacation",5,"00:03:25");
INSERT INTO AlbumSong (album_id,song_id,format_id) VALUES(39,625,1);
INSERT INTO AlbumSong (album_id,song_id,format_id) VALUES(39,625,2);
INSERT INTO Song (song_name,artist_id,duration) VALUES ("A Little Bit of Love",5,"00:02:44");
INSERT INTO AlbumSong (album_id,song_id,format_id) VALUES(39,626,1);
INSERT INTO AlbumSong (album_id,song_id,format_id) VALUES(39,626,2);
INSERT INTO Song (song_name,artist_id,duration) VALUES ("The Garden of Eden",5,"00:03:15");
INSERT INTO AlbumSong (album_id,song_id,format_id) VALUES(39,627,1);
INSERT INTO AlbumSong (album_id,song_id,format_id) VALUES(39,627,2);
INSERT INTO Song (song_name,artist_id,duration) VALUES ("The Sound Of Drums",5,"00:03:16");
INSERT INTO AlbumSong (album_id,song_id,format_id) VALUES(39,628,1);
INSERT INTO AlbumSong (album_id,song_id,format_id) VALUES(39,628,2);
INSERT INTO Song (song_name,artist_id,duration) VALUES ("All This Love",5,"00:02:50");
INSERT INTO AlbumSong (album_id,song_id,format_id) VALUES(39,629,1);
INSERT INTO AlbumSong (album_id,song_id,format_id) VALUES(39,629,2);
INSERT INTO Song (song_name,artist_id,duration) VALUES ("Wild At Heart",5,"00:02:54");
INSERT INTO AlbumSong (album_id,song_id,format_id) VALUES(39,630,1);
INSERT INTO AlbumSong (album_id,song_id,format_id) VALUES(39,630,2);
INSERT INTO Album(album_id,album_name,artist_id,art_id,release_date) VALUES (39,"SZNZ: Autumn",5,39,"2022-09-22");
INSERT INTO AlbumArt(path) VALUES ("/var/www/album_art/weezer_sznz__summer.jpg");
INSERT INTO AlbumSong (album_id,song_id,format_id) VALUES(40,617,1);
INSERT INTO AlbumSong (album_id,song_id,format_id) VALUES(40,617,2);
INSERT INTO AlbumSong (album_id,song_id,format_id) VALUES(40,618,1);
INSERT INTO AlbumSong (album_id,song_id,format_id) VALUES(40,618,2);
INSERT INTO AlbumSong (album_id,song_id,format_id) VALUES(40,619,1);
INSERT INTO AlbumSong (album_id,song_id,format_id) VALUES(40,619,2);
INSERT INTO AlbumSong (album_id,song_id,format_id) VALUES(40,620,1);
INSERT INTO AlbumSong (album_id,song_id,format_id) VALUES(40,620,2);
INSERT INTO AlbumSong (album_id,song_id,format_id) VALUES(40,621,1);
INSERT INTO AlbumSong (album_id,song_id,format_id) VALUES(40,621,2);
INSERT INTO AlbumSong (album_id,song_id,format_id) VALUES(40,622,1);
INSERT INTO AlbumSong (album_id,song_id,format_id) VALUES(40,622,2);
INSERT INTO AlbumSong (album_id,song_id,format_id) VALUES(40,623,1);
INSERT INTO AlbumSong (album_id,song_id,format_id) VALUES(40,623,2);
INSERT INTO Album(album_id,album_name,artist_id,art_id,release_date) VALUES (40,"SZNZ: Summer",5,40,"2022-06-21");
INSERT INTO AlbumArt(path) VALUES ("/var/www/album_art/weezer_sznz__spring.jpg");
INSERT INTO AlbumSong (album_id,song_id,format_id) VALUES(41,624,1);
INSERT INTO AlbumSong (album_id,song_id,format_id) VALUES(41,624,2);
INSERT INTO AlbumSong (album_id,song_id,format_id) VALUES(41,625,1);
INSERT INTO AlbumSong (album_id,song_id,format_id) VALUES(41,625,2);
INSERT INTO AlbumSong (album_id,song_id,format_id) VALUES(41,626,1);
INSERT INTO AlbumSong (album_id,song_id,format_id) VALUES(41,626,2);
INSERT INTO AlbumSong (album_id,song_id,format_id) VALUES(41,627,1);
INSERT INTO AlbumSong (album_id,song_id,format_id) VALUES(41,627,2);
INSERT INTO AlbumSong (album_id,song_id,format_id) VALUES(41,628,1);
INSERT INTO AlbumSong (album_id,song_id,format_id) VALUES(41,628,2);
INSERT INTO AlbumSong (album_id,song_id,format_id) VALUES(41,629,1);
INSERT INTO AlbumSong (album_id,song_id,format_id) VALUES(41,629,2);
INSERT INTO AlbumSong (album_id,song_id,format_id) VALUES(41,630,1);
INSERT INTO AlbumSong (album_id,song_id,format_id) VALUES(41,630,2);
INSERT INTO Album(album_id,album_name,artist_id,art_id,release_date) VALUES (41,"SZNZ: Spring",5,41,"2022-03-20");
INSERT INTO AlbumArt(path) VALUES ("/var/www/album_art/weezer_van_weezer.jpg");
INSERT INTO Song (song_name,artist_id,duration) VALUES ("Hero",5,"00:03:56");
INSERT INTO AlbumSong (album_id,song_id,format_id) VALUES(42,631,1);
INSERT INTO AlbumSong (album_id,song_id,format_id) VALUES(42,631,2);
INSERT INTO Song (song_name,artist_id,duration) VALUES ("All the Good Ones",5,"00:02:44");
INSERT INTO AlbumSong (album_id,song_id,format_id) VALUES(42,632,1);
INSERT INTO AlbumSong (album_id,song_id,format_id) VALUES(42,632,2);
INSERT INTO Song (song_name,artist_id,duration) VALUES ("The End of the Game",5,"00:03:01");
INSERT INTO AlbumSong (album_id,song_id,format_id) VALUES(42,633,1);
INSERT INTO AlbumSong (album_id,song_id,format_id) VALUES(42,633,2);
INSERT INTO Song (song_name,artist_id,duration) VALUES ("I Need Some of That",5,"00:03:19");
INSERT INTO AlbumSong (album_id,song_id,format_id) VALUES(42,634,1);
INSERT INTO AlbumSong (album_id,song_id,format_id) VALUES(42,634,2);
INSERT INTO Song (song_name,artist_id,duration) VALUES ("Beginning of the End",5,"00:03:15");
INSERT INTO AlbumSong (album_id,song_id,format_id) VALUES(42,635,1);
INSERT INTO AlbumSong (album_id,song_id,format_id) VALUES(42,635,2);
INSERT INTO Song (song_name,artist_id,duration) VALUES ("Blue Dream",5,"00:02:50");
INSERT INTO AlbumSong (album_id,song_id,format_id) VALUES(42,636,1);
INSERT INTO AlbumSong (album_id,song_id,format_id) VALUES(42,636,2);
INSERT INTO Song (song_name,artist_id,duration) VALUES ("1 More Hit",5,"00:03:05");
INSERT INTO AlbumSong (album_id,song_id,format_id) VALUES(42,637,1);
INSERT INTO AlbumSong (album_id,song_id,format_id) VALUES(42,637,2);
INSERT INTO Song (song_name,artist_id,duration) VALUES ("Sheila Can Do It",5,"00:02:57");
INSERT INTO AlbumSong (album_id,song_id,format_id) VALUES(42,638,1);
INSERT INTO AlbumSong (album_id,song_id,format_id) VALUES(42,638,2);
INSERT INTO Song (song_name,artist_id,duration) VALUES ("She Needs Me",5,"00:02:52");
INSERT INTO AlbumSong (album_id,song_id,format_id) VALUES(42,639,1);
INSERT INTO AlbumSong (album_id,song_id,format_id) VALUES(42,639,2);
INSERT INTO Song (song_name,artist_id,duration) VALUES ("Precious Metal Girl",5,"00:02:50");
INSERT INTO AlbumSong (album_id,song_id,format_id) VALUES(42,640,1);
INSERT INTO AlbumSong (album_id,song_id,format_id) VALUES(42,640,2);
INSERT INTO Album(album_id,album_name,artist_id,art_id,release_date) VALUES (42,"Van Weezer",5,42,"2021-05-07");
INSERT INTO AlbumArt(path) VALUES ("/var/www/album_art/weezer_ok_human.jpg");
INSERT INTO Song (song_name,artist_id,duration) VALUES ("All My Favorite Songs",5,"00:03:22");
INSERT INTO AlbumSong (album_id,song_id,format_id) VALUES(43,641,1);
INSERT INTO AlbumSong (album_id,song_id,format_id) VALUES(43,641,2);
INSERT INTO Song (song_name,artist_id,duration) VALUES ("Aloo Gobi",5,"00:03:03");
INSERT INTO AlbumSong (album_id,song_id,format_id) VALUES(43,642,1);
INSERT INTO AlbumSong (album_id,song_id,format_id) VALUES(43,642,2);
INSERT INTO Song (song_name,artist_id,duration) VALUES ("Grapes Of Wrath",5,"00:02:50");
INSERT INTO AlbumSong (album_id,song_id,format_id) VALUES(43,643,1);
INSERT INTO AlbumSong (album_id,song_id,format_id) VALUES(43,643,2);
INSERT INTO Song (song_name,artist_id,duration) VALUES ("Numbers",5,"00:03:20");
INSERT INTO AlbumSong (album_id,song_id,format_id) VALUES(43,644,1);
INSERT INTO AlbumSong (album_id,song_id,format_id) VALUES(43,644,2);
INSERT INTO Song (song_name,artist_id,duration) VALUES ("Playing My Piano",5,"00:02:36");
INSERT INTO AlbumSong (album_id,song_id,format_id) VALUES(43,645,1);
INSERT INTO AlbumSong (album_id,song_id,format_id) VALUES(43,645,2);
INSERT INTO Song (song_name,artist_id,duration) VALUES ("Mirror Image",5,"00:01:17");
INSERT INTO AlbumSong (album_id,song_id,format_id) VALUES(43,646,1);
INSERT INTO AlbumSong (album_id,song_id,format_id) VALUES(43,646,2);
INSERT INTO Song (song_name,artist_id,duration) VALUES ("Screens",5,"00:02:11");
INSERT INTO AlbumSong (album_id,song_id,format_id) VALUES(43,647,1);
INSERT INTO AlbumSong (album_id,song_id,format_id) VALUES(43,647,2);
INSERT INTO Song (song_name,artist_id,duration) VALUES ("Bird With A Broken Wing",5,"00:03:51");
INSERT INTO AlbumSong (album_id,song_id,format_id) VALUES(43,648,1);
INSERT INTO AlbumSong (album_id,song_id,format_id) VALUES(43,648,2);
INSERT INTO Song (song_name,artist_id,duration) VALUES ("Dead Roses",5,"00:02:17");
INSERT INTO AlbumSong (album_id,song_id,format_id) VALUES(43,649,1);
INSERT INTO AlbumSong (album_id,song_id,format_id) VALUES(43,649,2);
INSERT INTO Song (song_name,artist_id,duration) VALUES ("Everything Happens For A Reason",5,"00:00:23");
INSERT INTO AlbumSong (album_id,song_id,format_id) VALUES(43,650,1);
INSERT INTO AlbumSong (album_id,song_id,format_id) VALUES(43,650,2);
INSERT INTO Song (song_name,artist_id,duration) VALUES ("Here Comes The Rain",5,"00:02:27");
INSERT INTO AlbumSong (album_id,song_id,format_id) VALUES(43,651,1);
INSERT INTO AlbumSong (album_id,song_id,format_id) VALUES(43,651,2);
INSERT INTO Song (song_name,artist_id,duration) VALUES ("La Brea Tar Pits",5,"00:02:50");
INSERT INTO AlbumSong (album_id,song_id,format_id) VALUES(43,652,1);
INSERT INTO AlbumSong (album_id,song_id,format_id) VALUES(43,652,2);
INSERT INTO Album(album_id,album_name,artist_id,art_id,release_date) VALUES (43,"OK Human",5,43,"2021-01-29");
INSERT INTO AlbumArt(path) VALUES ("/var/www/album_art/weezer_weezer_(black_album).jpg");
INSERT INTO Song (song_name,artist_id,duration) VALUES ("Can't Knock the Hustle",5,"00:03:40");
INSERT INTO AlbumSong (album_id,song_id,format_id) VALUES(44,653,1);
INSERT INTO AlbumSong (album_id,song_id,format_id) VALUES(44,653,2);
INSERT INTO Song (song_name,artist_id,duration) VALUES ("Zombie Bastards",5,"00:04:11");
INSERT INTO AlbumSong (album_id,song_id,format_id) VALUES(44,654,1);
INSERT INTO AlbumSong (album_id,song_id,format_id) VALUES(44,654,2);
INSERT INTO Song (song_name,artist_id,duration) VALUES ("High as a Kite",5,"00:03:47");
INSERT INTO AlbumSong (album_id,song_id,format_id) VALUES(44,655,1);
INSERT INTO AlbumSong (album_id,song_id,format_id) VALUES(44,655,2);
INSERT INTO Song (song_name,artist_id,duration) VALUES ("Living in L.A.",5,"00:03:37");
INSERT INTO AlbumSong (album_id,song_id,format_id) VALUES(44,656,1);
INSERT INTO AlbumSong (album_id,song_id,format_id) VALUES(44,656,2);
INSERT INTO Song (song_name,artist_id,duration) VALUES ("Piece of Cake",5,"00:03:16");
INSERT INTO AlbumSong (album_id,song_id,format_id) VALUES(44,657,1);
INSERT INTO AlbumSong (album_id,song_id,format_id) VALUES(44,657,2);
INSERT INTO Song (song_name,artist_id,duration) VALUES ("I’m Just Being Honest",5,"00:03:56");
INSERT INTO AlbumSong (album_id,song_id,format_id) VALUES(44,658,1);
INSERT INTO AlbumSong (album_id,song_id,format_id) VALUES(44,658,2);
INSERT INTO Song (song_name,artist_id,duration) VALUES ("Too Many Thoughts in My Head",5,"00:04:01");
INSERT INTO AlbumSong (album_id,song_id,format_id) VALUES(44,659,1);
INSERT INTO AlbumSong (album_id,song_id,format_id) VALUES(44,659,2);
INSERT INTO Song (song_name,artist_id,duration) VALUES ("The Prince Who Wanted Everything",5,"00:03:22");
INSERT INTO AlbumSong (album_id,song_id,format_id) VALUES(44,660,1);
INSERT INTO AlbumSong (album_id,song_id,format_id) VALUES(44,660,2);
INSERT INTO Song (song_name,artist_id,duration) VALUES ("Byzantine",5,"00:04:07");
INSERT INTO AlbumSong (album_id,song_id,format_id) VALUES(44,661,1);
INSERT INTO AlbumSong (album_id,song_id,format_id) VALUES(44,661,2);
INSERT INTO Song (song_name,artist_id,duration) VALUES ("California Snow",5,"00:03:34");
INSERT INTO AlbumSong (album_id,song_id,format_id) VALUES(44,662,1);
INSERT INTO AlbumSong (album_id,song_id,format_id) VALUES(44,662,2);
INSERT INTO Album(album_id,album_name,artist_id,art_id,release_date) VALUES (44,"Weezer (Black Album)",5,44,"2019-03-01");
INSERT INTO AlbumArt(path) VALUES ("/var/www/album_art/weezer_weezer_(teal_album).jpg");
INSERT INTO Song (song_name,artist_id,duration) VALUES ("Africa",5,"00:03:58");
INSERT INTO AlbumSong (album_id,song_id,format_id) VALUES(45,663,1);
INSERT INTO AlbumSong (album_id,song_id,format_id) VALUES(45,663,2);
INSERT INTO Song (song_name,artist_id,duration) VALUES ("Everybody Wants to Rule the World",5,"00:04:04");
INSERT INTO AlbumSong (album_id,song_id,format_id) VALUES(45,664,1);
INSERT INTO AlbumSong (album_id,song_id,format_id) VALUES(45,664,2);
INSERT INTO Song (song_name,artist_id,duration) VALUES ("Sweet Dreams (Are Made of This)",5,"00:03:34");
INSERT INTO AlbumSong (album_id,song_id,format_id) VALUES(45,665,1);
INSERT INTO AlbumSong (album_id,song_id,format_id) VALUES(45,665,2);
INSERT INTO Song (song_name,artist_id,duration) VALUES ("Take on Me",5,"00:03:43");
INSERT INTO AlbumSong (album_id,song_id,format_id) VALUES(45,666,1);
INSERT INTO AlbumSong (album_id,song_id,format_id) VALUES(45,666,2);
INSERT INTO Song (song_name,artist_id,duration) VALUES ("Happy Together",5,"00:02:25");
INSERT INTO AlbumSong (album_id,song_id,format_id) VALUES(45,667,1);
INSERT INTO AlbumSong (album_id,song_id,format_id) VALUES(45,667,2);
INSERT INTO Song (song_name,artist_id,duration) VALUES ("Paranoid",5,"00:02:44");
INSERT INTO AlbumSong (album_id,song_id,format_id) VALUES(45,668,1);
INSERT INTO AlbumSong (album_id,song_id,format_id) VALUES(45,668,2);
INSERT INTO Song (song_name,artist_id,duration) VALUES ("Mr. Blue Sky",5,"00:04:46");
INSERT INTO AlbumSong (album_id,song_id,format_id) VALUES(45,669,1);
INSERT INTO AlbumSong (album_id,song_id,format_id) VALUES(45,669,2);
INSERT INTO Song (song_name,artist_id,duration) VALUES ("No Scrubs",5,"00:03:10");
INSERT INTO AlbumSong (album_id,song_id,format_id) VALUES(45,670,1);
INSERT INTO AlbumSong (album_id,song_id,format_id) VALUES(45,670,2);
INSERT INTO Song (song_name,artist_id,duration) VALUES ("Billie Jean",5,"00:04:54");
INSERT INTO AlbumSong (album_id,song_id,format_id) VALUES(45,671,1);
INSERT INTO AlbumSong (album_id,song_id,format_id) VALUES(45,671,2);
INSERT INTO Song (song_name,artist_id,duration) VALUES ("Stand by Me",5,"00:03:00");
INSERT INTO AlbumSong (album_id,song_id,format_id) VALUES(45,672,1);
INSERT INTO AlbumSong (album_id,song_id,format_id) VALUES(45,672,2);
INSERT INTO Album(album_id,album_name,artist_id,art_id,release_date) VALUES (45,"Weezer (Teal Album)",5,45,"2019-01-24");
INSERT INTO AlbumArt(path) VALUES ("/var/www/album_art/weezer_pacific_daydream.jpg");
INSERT INTO Song (song_name,artist_id,duration) VALUES ("Mexican Fender",5,"00:03:09");
INSERT INTO AlbumSong (album_id,song_id,format_id) VALUES(46,673,1);
INSERT INTO AlbumSong (album_id,song_id,format_id) VALUES(46,673,2);
INSERT INTO Song (song_name,artist_id,duration) VALUES ("Beach Boys",5,"00:03:51");
INSERT INTO AlbumSong (album_id,song_id,format_id) VALUES(46,674,1);
INSERT INTO AlbumSong (album_id,song_id,format_id) VALUES(46,674,2);
INSERT INTO Song (song_name,artist_id,duration) VALUES ("Feels Like Summer",5,"00:03:15");
INSERT INTO AlbumSong (album_id,song_id,format_id) VALUES(46,675,1);
INSERT INTO AlbumSong (album_id,song_id,format_id) VALUES(46,675,2);
INSERT INTO Song (song_name,artist_id,duration) VALUES ("Happy Hour",5,"00:02:57");
INSERT INTO AlbumSong (album_id,song_id,format_id) VALUES(46,676,1);
INSERT INTO AlbumSong (album_id,song_id,format_id) VALUES(46,676,2);
INSERT INTO Song (song_name,artist_id,duration) VALUES ("Weekend Woman",5,"00:04:05");
INSERT INTO AlbumSong (album_id,song_id,format_id) VALUES(46,677,1);
INSERT INTO AlbumSong (album_id,song_id,format_id) VALUES(46,677,2);
INSERT INTO Song (song_name,artist_id,duration) VALUES ("QB Blitz",5,"00:03:17");
INSERT INTO AlbumSong (album_id,song_id,format_id) VALUES(46,678,1);
INSERT INTO AlbumSong (album_id,song_id,format_id) VALUES(46,678,2);
INSERT INTO Song (song_name,artist_id,duration) VALUES ("Sweet Mary",5,"00:03:42");
INSERT INTO AlbumSong (album_id,song_id,format_id) VALUES(46,679,1);
INSERT INTO AlbumSong (album_id,song_id,format_id) VALUES(46,679,2);
INSERT INTO Song (song_name,artist_id,duration) VALUES ("Get Right",5,"00:03:12");
INSERT INTO AlbumSong (album_id,song_id,format_id) VALUES(46,680,1);
INSERT INTO AlbumSong (album_id,song_id,format_id) VALUES(46,680,2);
INSERT INTO Song (song_name,artist_id,duration) VALUES ("La Mancha Screwjob",5,"00:03:27");
INSERT INTO AlbumSong (album_id,song_id,format_id) VALUES(46,681,1);
INSERT INTO AlbumSong (album_id,song_id,format_id) VALUES(46,681,2);
INSERT INTO Song (song_name,artist_id,duration) VALUES ("Any Friend of Diane's",5,"00:03:34");
INSERT INTO AlbumSong (album_id,song_id,format_id) VALUES(46,682,1);
INSERT INTO AlbumSong (album_id,song_id,format_id) VALUES(46,682,2);
INSERT INTO Album(album_id,album_name,artist_id,art_id,release_date) VALUES (46,"Pacific Daydream",5,46,"2017-10-27");
INSERT INTO AlbumArt(path) VALUES ("/var/www/album_art/weezer_weezer_(white_album)_[deluxe_edition].jpg");
INSERT INTO Song (song_name,artist_id,duration) VALUES ("California Kids",5,"00:03:25");
INSERT INTO AlbumSong (album_id,song_id,format_id) VALUES(47,683,1);
INSERT INTO AlbumSong (album_id,song_id,format_id) VALUES(47,683,2);
INSERT INTO Song (song_name,artist_id,duration) VALUES ("Wind in Our Sail",5,"00:02:53");
INSERT INTO AlbumSong (album_id,song_id,format_id) VALUES(47,684,1);
INSERT INTO AlbumSong (album_id,song_id,format_id) VALUES(47,684,2);
INSERT INTO Song (song_name,artist_id,duration) VALUES ("Thank God for Girls",5,"00:03:30");
INSERT INTO AlbumSong (album_id,song_id,format_id) VALUES(47,685,1);
INSERT INTO AlbumSong (album_id,song_id,format_id) VALUES(47,685,2);
INSERT INTO Song (song_name,artist_id,duration) VALUES ("(Girl We Got A) Good Thing",5,"00:03:25");
INSERT INTO AlbumSong (album_id,song_id,format_id) VALUES(47,686,1);
INSERT INTO AlbumSong (album_id,song_id,format_id) VALUES(47,686,2);
INSERT INTO Song (song_name,artist_id,duration) VALUES ("Do You Wanna Get High?",5,"00:03:27");
INSERT INTO AlbumSong (album_id,song_id,format_id) VALUES(47,687,1);
INSERT INTO AlbumSong (album_id,song_id,format_id) VALUES(47,687,2);
INSERT INTO Song (song_name,artist_id,duration) VALUES ("King of the World",5,"00:03:24");
INSERT INTO AlbumSong (album_id,song_id,format_id) VALUES(47,688,1);
INSERT INTO AlbumSong (album_id,song_id,format_id) VALUES(47,688,2);
INSERT INTO Song (song_name,artist_id,duration) VALUES ("Summer Elaine and Drunk Dori",5,"00:03:25");
INSERT INTO AlbumSong (album_id,song_id,format_id) VALUES(47,689,1);
INSERT INTO AlbumSong (album_id,song_id,format_id) VALUES(47,689,2);
INSERT INTO Song (song_name,artist_id,duration) VALUES ("L.A. Girlz",5,"00:03:29");
INSERT INTO AlbumSong (album_id,song_id,format_id) VALUES(47,690,1);
INSERT INTO AlbumSong (album_id,song_id,format_id) VALUES(47,690,2);
INSERT INTO Song (song_name,artist_id,duration) VALUES ("Jacked Up",5,"00:02:53");
INSERT INTO AlbumSong (album_id,song_id,format_id) VALUES(47,691,1);
INSERT INTO AlbumSong (album_id,song_id,format_id) VALUES(47,691,2);
INSERT INTO Song (song_name,artist_id,duration) VALUES ("Endless Bummer",5,"00:04:14");
INSERT INTO AlbumSong (album_id,song_id,format_id) VALUES(47,692,1);
INSERT INTO AlbumSong (album_id,song_id,format_id) VALUES(47,692,2);
INSERT INTO Song (song_name,artist_id,duration) VALUES ("I Love the USA",5,"00:03:09");
INSERT INTO AlbumSong (album_id,song_id,format_id) VALUES(47,693,1);
INSERT INTO AlbumSong (album_id,song_id,format_id) VALUES(47,693,2);
INSERT INTO Song (song_name,artist_id,duration) VALUES ("Jacked Up (feat. Fitz of Fitz and the Tantrums & Nadya of Pussy Riot) - Remix",5,"00:02:56");
INSERT INTO AlbumSong (album_id,song_id,format_id) VALUES(47,694,1);
INSERT INTO AlbumSong (album_id,song_id,format_id) VALUES(47,694,2);
INSERT INTO Song (song_name,artist_id,duration) VALUES ("Friend of a Friend",5,"00:02:58");
INSERT INTO AlbumSong (album_id,song_id,format_id) VALUES(47,695,1);
INSERT INTO AlbumSong (album_id,song_id,format_id) VALUES(47,695,2);
INSERT INTO Song (song_name,artist_id,duration) VALUES ("Fake Smiles and Nervous Laughter",5,"00:03:26");
INSERT INTO AlbumSong (album_id,song_id,format_id) VALUES(47,696,1);
INSERT INTO AlbumSong (album_id,song_id,format_id) VALUES(47,696,2);
INSERT INTO Album(album_id,album_name,artist_id,art_id,release_date) VALUES (47,"Weezer (White Album) [Deluxe Edition]",5,47,"2016-10-07");
INSERT INTO AlbumArt(path) VALUES ("/var/www/album_art/weezer_weezer_(white_album).jpg");
INSERT INTO AlbumSong (album_id,song_id,format_id) VALUES(48,683,1);
INSERT INTO AlbumSong (album_id,song_id,format_id) VALUES(48,683,2);
INSERT INTO AlbumSong (album_id,song_id,format_id) VALUES(48,684,1);
INSERT INTO AlbumSong (album_id,song_id,format_id) VALUES(48,684,2);
INSERT INTO AlbumSong (album_id,song_id,format_id) VALUES(48,685,1);
INSERT INTO AlbumSong (album_id,song_id,format_id) VALUES(48,685,2);
INSERT INTO AlbumSong (album_id,song_id,format_id) VALUES(48,686,1);
INSERT INTO AlbumSong (album_id,song_id,format_id) VALUES(48,686,2);
INSERT INTO AlbumSong (album_id,song_id,format_id) VALUES(48,687,1);
INSERT INTO AlbumSong (album_id,song_id,format_id) VALUES(48,687,2);
INSERT INTO AlbumSong (album_id,song_id,format_id) VALUES(48,688,1);
INSERT INTO AlbumSong (album_id,song_id,format_id) VALUES(48,688,2);
INSERT INTO AlbumSong (album_id,song_id,format_id) VALUES(48,689,1);
INSERT INTO AlbumSong (album_id,song_id,format_id) VALUES(48,689,2);
INSERT INTO AlbumSong (album_id,song_id,format_id) VALUES(48,690,1);
INSERT INTO AlbumSong (album_id,song_id,format_id) VALUES(48,690,2);
INSERT INTO AlbumSong (album_id,song_id,format_id) VALUES(48,691,1);
INSERT INTO AlbumSong (album_id,song_id,format_id) VALUES(48,691,2);
INSERT INTO AlbumSong (album_id,song_id,format_id) VALUES(48,692,1);
INSERT INTO AlbumSong (album_id,song_id,format_id) VALUES(48,692,2);
INSERT INTO Album(album_id,album_name,artist_id,art_id,release_date) VALUES (48,"Weezer (White Album)",5,48,"2016-04-01");
INSERT INTO AlbumArt(path) VALUES ("/var/www/album_art/weezer_everything_will_be_alright_in_the_end.jpg");
INSERT INTO Song (song_name,artist_id,duration) VALUES ("Ain't Got Nobody",5,"00:03:21");
INSERT INTO AlbumSong (album_id,song_id,format_id) VALUES(49,697,1);
INSERT INTO AlbumSong (album_id,song_id,format_id) VALUES(49,697,2);
INSERT INTO Song (song_name,artist_id,duration) VALUES ("Back To The Shack",5,"00:03:05");
INSERT INTO AlbumSong (album_id,song_id,format_id) VALUES(49,698,1);
INSERT INTO AlbumSong (album_id,song_id,format_id) VALUES(49,698,2);
INSERT INTO Song (song_name,artist_id,duration) VALUES ("Eulogy For A Rock Band",5,"00:03:24");
INSERT INTO AlbumSong (album_id,song_id,format_id) VALUES(49,699,1);
INSERT INTO AlbumSong (album_id,song_id,format_id) VALUES(49,699,2);
INSERT INTO Song (song_name,artist_id,duration) VALUES ("Lonely Girl",5,"00:02:49");
INSERT INTO AlbumSong (album_id,song_id,format_id) VALUES(49,700,1);
INSERT INTO AlbumSong (album_id,song_id,format_id) VALUES(49,700,2);
INSERT INTO Song (song_name,artist_id,duration) VALUES ("I've Had It Up To Here",5,"00:02:49");
INSERT INTO AlbumSong (album_id,song_id,format_id) VALUES(49,701,1);
INSERT INTO AlbumSong (album_id,song_id,format_id) VALUES(49,701,2);
INSERT INTO Song (song_name,artist_id,duration) VALUES ("The British Are Coming",5,"00:04:08");
INSERT INTO AlbumSong (album_id,song_id,format_id) VALUES(49,702,1);
INSERT INTO AlbumSong (album_id,song_id,format_id) VALUES(49,702,2);
INSERT INTO Song (song_name,artist_id,duration) VALUES ("Da Vinci",5,"00:04:05");
INSERT INTO AlbumSong (album_id,song_id,format_id) VALUES(49,703,1);
INSERT INTO AlbumSong (album_id,song_id,format_id) VALUES(49,703,2);
INSERT INTO Song (song_name,artist_id,duration) VALUES ("Go Away",5,"00:03:13");
INSERT INTO AlbumSong (album_id,song_id,format_id) VALUES(49,704,1);
INSERT INTO AlbumSong (album_id,song_id,format_id) VALUES(49,704,2);
INSERT INTO Song (song_name,artist_id,duration) VALUES ("Cleopatra",5,"00:03:11");
INSERT INTO AlbumSong (album_id,song_id,format_id) VALUES(49,705,1);
INSERT INTO AlbumSong (album_id,song_id,format_id) VALUES(49,705,2);
INSERT INTO Song (song_name,artist_id,duration) VALUES ("Foolish Father",5,"00:04:31");
INSERT INTO AlbumSong (album_id,song_id,format_id) VALUES(49,706,1);
INSERT INTO AlbumSong (album_id,song_id,format_id) VALUES(49,706,2);
INSERT INTO Song (song_name,artist_id,duration) VALUES ("I. The Waste Land",5,"00:01:56");
INSERT INTO AlbumSong (album_id,song_id,format_id) VALUES(49,707,1);
INSERT INTO AlbumSong (album_id,song_id,format_id) VALUES(49,707,2);
INSERT INTO Song (song_name,artist_id,duration) VALUES ("II. Anonymous",5,"00:03:19");
INSERT INTO AlbumSong (album_id,song_id,format_id) VALUES(49,708,1);
INSERT INTO AlbumSong (album_id,song_id,format_id) VALUES(49,708,2);
INSERT INTO Song (song_name,artist_id,duration) VALUES ("III. Return To Ithaka",5,"00:02:17");
INSERT INTO AlbumSong (album_id,song_id,format_id) VALUES(49,709,1);
INSERT INTO AlbumSong (album_id,song_id,format_id) VALUES(49,709,2);
INSERT INTO Album(album_id,album_name,artist_id,art_id,release_date) VALUES (49,"Everything Will Be Alright In The End",5,49,"2014-10-07");
INSERT INTO AlbumArt(path) VALUES ("/var/www/album_art/weezer_hurley_(deluxe_edition).jpg");
INSERT INTO Song (song_name,artist_id,duration) VALUES ("Memories",5,"00:03:14");
INSERT INTO AlbumSong (album_id,song_id,format_id) VALUES(50,710,1);
INSERT INTO AlbumSong (album_id,song_id,format_id) VALUES(50,710,2);
INSERT INTO Song (song_name,artist_id,duration) VALUES ("Ruling Me",5,"00:03:29");
INSERT INTO AlbumSong (album_id,song_id,format_id) VALUES(50,711,1);
INSERT INTO AlbumSong (album_id,song_id,format_id) VALUES(50,711,2);
INSERT INTO Song (song_name,artist_id,duration) VALUES ("Trainwrecks",5,"00:03:21");
INSERT INTO AlbumSong (album_id,song_id,format_id) VALUES(50,712,1);
INSERT INTO AlbumSong (album_id,song_id,format_id) VALUES(50,712,2);
INSERT INTO Song (song_name,artist_id,duration) VALUES ("Unspoken",5,"00:03:00");
INSERT INTO AlbumSong (album_id,song_id,format_id) VALUES(50,713,1);
INSERT INTO AlbumSong (album_id,song_id,format_id) VALUES(50,713,2);
INSERT INTO Song (song_name,artist_id,duration) VALUES ("Where's My Sex?",5,"00:03:28");
INSERT INTO AlbumSong (album_id,song_id,format_id) VALUES(50,714,1);
INSERT INTO AlbumSong (album_id,song_id,format_id) VALUES(50,714,2);
INSERT INTO Song (song_name,artist_id,duration) VALUES ("Run Away",5,"00:02:55");
INSERT INTO AlbumSong (album_id,song_id,format_id) VALUES(50,715,1);
INSERT INTO AlbumSong (album_id,song_id,format_id) VALUES(50,715,2);
INSERT INTO Song (song_name,artist_id,duration) VALUES ("Hang On",5,"00:03:33");
INSERT INTO AlbumSong (album_id,song_id,format_id) VALUES(50,716,1);
INSERT INTO AlbumSong (album_id,song_id,format_id) VALUES(50,716,2);
INSERT INTO Song (song_name,artist_id,duration) VALUES ("Smart Girls",5,"00:03:10");
INSERT INTO AlbumSong (album_id,song_id,format_id) VALUES(50,717,1);
INSERT INTO AlbumSong (album_id,song_id,format_id) VALUES(50,717,2);
INSERT INTO Song (song_name,artist_id,duration) VALUES ("Brave New World",5,"00:03:56");
INSERT INTO AlbumSong (album_id,song_id,format_id) VALUES(50,718,1);
INSERT INTO AlbumSong (album_id,song_id,format_id) VALUES(50,718,2);
INSERT INTO Song (song_name,artist_id,duration) VALUES ("Time Flies",5,"00:03:46");
INSERT INTO AlbumSong (album_id,song_id,format_id) VALUES(50,719,1);
INSERT INTO AlbumSong (album_id,song_id,format_id) VALUES(50,719,2);
INSERT INTO Song (song_name,artist_id,duration) VALUES ("All My Friends Are Insects",5,"00:01:52");
INSERT INTO AlbumSong (album_id,song_id,format_id) VALUES(50,720,1);
INSERT INTO AlbumSong (album_id,song_id,format_id) VALUES(50,720,2);
INSERT INTO Song (song_name,artist_id,duration) VALUES ("Viva La Vida",5,"00:04:05");
INSERT INTO AlbumSong (album_id,song_id,format_id) VALUES(50,721,1);
INSERT INTO AlbumSong (album_id,song_id,format_id) VALUES(50,721,2);
INSERT INTO Song (song_name,artist_id,duration) VALUES ("I Want To Be Something",5,"00:02:54");
INSERT INTO AlbumSong (album_id,song_id,format_id) VALUES(50,722,1);
INSERT INTO AlbumSong (album_id,song_id,format_id) VALUES(50,722,2);
INSERT INTO Song (song_name,artist_id,duration) VALUES ("Represent - Rocked Out Mix",5,"00:04:12");
INSERT INTO AlbumSong (album_id,song_id,format_id) VALUES(50,723,1);
INSERT INTO AlbumSong (album_id,song_id,format_id) VALUES(50,723,2);
INSERT INTO Album(album_id,album_name,artist_id,art_id,release_date) VALUES (50,"Hurley (Deluxe Edition)",5,50,"2010-09-14");
INSERT INTO AlbumArt(path) VALUES ("/var/www/album_art/weezer_death_to_false_metal.jpg");
INSERT INTO Song (song_name,artist_id,duration) VALUES ("Turning Up The Radio",5,"00:03:37");
INSERT INTO AlbumSong (album_id,song_id,format_id) VALUES(51,724,1);
INSERT INTO AlbumSong (album_id,song_id,format_id) VALUES(51,724,2);
INSERT INTO Song (song_name,artist_id,duration) VALUES ("I Don't Want Your Loving",5,"00:03:03");
INSERT INTO AlbumSong (album_id,song_id,format_id) VALUES(51,725,1);
INSERT INTO AlbumSong (album_id,song_id,format_id) VALUES(51,725,2);
INSERT INTO Song (song_name,artist_id,duration) VALUES ("Blowin' My Stack",5,"00:03:44");
INSERT INTO AlbumSong (album_id,song_id,format_id) VALUES(51,726,1);
INSERT INTO AlbumSong (album_id,song_id,format_id) VALUES(51,726,2);
INSERT INTO Song (song_name,artist_id,duration) VALUES ("Losing My Mind",5,"00:04:02");
INSERT INTO AlbumSong (album_id,song_id,format_id) VALUES(51,727,1);
INSERT INTO AlbumSong (album_id,song_id,format_id) VALUES(51,727,2);
INSERT INTO Song (song_name,artist_id,duration) VALUES ("Everyone",5,"00:02:49");
INSERT INTO AlbumSong (album_id,song_id,format_id) VALUES(51,728,1);
INSERT INTO AlbumSong (album_id,song_id,format_id) VALUES(51,728,2);
INSERT INTO Song (song_name,artist_id,duration) VALUES ("I'm A Robot",5,"00:02:30");
INSERT INTO AlbumSong (album_id,song_id,format_id) VALUES(51,729,1);
INSERT INTO AlbumSong (album_id,song_id,format_id) VALUES(51,729,2);
INSERT INTO Song (song_name,artist_id,duration) VALUES ("Trampoline",5,"00:02:45");
INSERT INTO AlbumSong (album_id,song_id,format_id) VALUES(51,730,1);
INSERT INTO AlbumSong (album_id,song_id,format_id) VALUES(51,730,2);
INSERT INTO Song (song_name,artist_id,duration) VALUES ("Odd Couple",5,"00:03:07");
INSERT INTO AlbumSong (album_id,song_id,format_id) VALUES(51,731,1);
INSERT INTO AlbumSong (album_id,song_id,format_id) VALUES(51,731,2);
INSERT INTO Song (song_name,artist_id,duration) VALUES ("Autopilot",5,"00:02:57");
INSERT INTO AlbumSong (album_id,song_id,format_id) VALUES(51,732,1);
INSERT INTO AlbumSong (album_id,song_id,format_id) VALUES(51,732,2);
INSERT INTO Song (song_name,artist_id,duration) VALUES ("Unbreak My Heart",5,"00:04:11");
INSERT INTO AlbumSong (album_id,song_id,format_id) VALUES(51,733,1);
INSERT INTO AlbumSong (album_id,song_id,format_id) VALUES(51,733,2);
INSERT INTO Album(album_id,album_name,artist_id,art_id,release_date) VALUES (51,"Death to False Metal",5,51,"2010-01-01");
INSERT INTO AlbumArt(path) VALUES ("/var/www/album_art/weezer_raditude.jpg");
INSERT INTO Song (song_name,artist_id,duration) VALUES ("(If You're Wondering If I Want You To) I Want You To",5,"00:03:28");
INSERT INTO AlbumSong (album_id,song_id,format_id) VALUES(52,734,1);
INSERT INTO AlbumSong (album_id,song_id,format_id) VALUES(52,734,2);
INSERT INTO Song (song_name,artist_id,duration) VALUES ("I’m Your Daddy",5,"00:03:08");
INSERT INTO AlbumSong (album_id,song_id,format_id) VALUES(52,735,1);
INSERT INTO AlbumSong (album_id,song_id,format_id) VALUES(52,735,2);
INSERT INTO Song (song_name,artist_id,duration) VALUES ("The Girl Got Hot",5,"00:03:14");
INSERT INTO AlbumSong (album_id,song_id,format_id) VALUES(52,736,1);
INSERT INTO AlbumSong (album_id,song_id,format_id) VALUES(52,736,2);
INSERT INTO Song (song_name,artist_id,duration) VALUES ("Can't Stop Partying - Polow Version",5,"00:04:22");
INSERT INTO AlbumSong (album_id,song_id,format_id) VALUES(52,737,1);
INSERT INTO AlbumSong (album_id,song_id,format_id) VALUES(52,737,2);
INSERT INTO Song (song_name,artist_id,duration) VALUES ("Put Me Back Together - Serban Ghenea Mix",5,"00:03:15");
INSERT INTO AlbumSong (album_id,song_id,format_id) VALUES(52,738,1);
INSERT INTO AlbumSong (album_id,song_id,format_id) VALUES(52,738,2);
INSERT INTO Song (song_name,artist_id,duration) VALUES ("Tripping Down The Freeway",5,"00:03:40");
INSERT INTO AlbumSong (album_id,song_id,format_id) VALUES(52,739,1);
INSERT INTO AlbumSong (album_id,song_id,format_id) VALUES(52,739,2);
INSERT INTO Song (song_name,artist_id,duration) VALUES ("Love Is The Answer - Hindi Version",5,"00:03:43");
INSERT INTO AlbumSong (album_id,song_id,format_id) VALUES(52,740,1);
INSERT INTO AlbumSong (album_id,song_id,format_id) VALUES(52,740,2);
INSERT INTO Song (song_name,artist_id,duration) VALUES ("Let It All Hang Out",5,"00:03:17");
INSERT INTO AlbumSong (album_id,song_id,format_id) VALUES(52,741,1);
INSERT INTO AlbumSong (album_id,song_id,format_id) VALUES(52,741,2);
INSERT INTO Song (song_name,artist_id,duration) VALUES ("In The Mall",5,"00:02:39");
INSERT INTO AlbumSong (album_id,song_id,format_id) VALUES(52,742,1);
INSERT INTO AlbumSong (album_id,song_id,format_id) VALUES(52,742,2);
INSERT INTO Song (song_name,artist_id,duration) VALUES ("I Don't Want To Let You Go",5,"00:03:48");
INSERT INTO AlbumSong (album_id,song_id,format_id) VALUES(52,743,1);
INSERT INTO AlbumSong (album_id,song_id,format_id) VALUES(52,743,2);
INSERT INTO Album(album_id,album_name,artist_id,art_id,release_date) VALUES (52,"Raditude",5,52,"2009-11-03");
INSERT INTO AlbumArt(path) VALUES ("/var/www/album_art/weezer_raditude_(deluxe).jpg");
INSERT INTO AlbumSong (album_id,song_id,format_id) VALUES(53,734,1);
INSERT INTO AlbumSong (album_id,song_id,format_id) VALUES(53,734,2);
INSERT INTO AlbumSong (album_id,song_id,format_id) VALUES(53,735,1);
INSERT INTO AlbumSong (album_id,song_id,format_id) VALUES(53,735,2);
INSERT INTO AlbumSong (album_id,song_id,format_id) VALUES(53,736,1);
INSERT INTO AlbumSong (album_id,song_id,format_id) VALUES(53,736,2);
INSERT INTO AlbumSong (album_id,song_id,format_id) VALUES(53,737,1);
INSERT INTO AlbumSong (album_id,song_id,format_id) VALUES(53,737,2);
INSERT INTO AlbumSong (album_id,song_id,format_id) VALUES(53,738,1);
INSERT INTO AlbumSong (album_id,song_id,format_id) VALUES(53,738,2);
INSERT INTO AlbumSong (album_id,song_id,format_id) VALUES(53,739,1);
INSERT INTO AlbumSong (album_id,song_id,format_id) VALUES(53,739,2);
INSERT INTO AlbumSong (album_id,song_id,format_id) VALUES(53,740,1);
INSERT INTO AlbumSong (album_id,song_id,format_id) VALUES(53,740,2);
INSERT INTO AlbumSong (album_id,song_id,format_id) VALUES(53,741,1);
INSERT INTO AlbumSong (album_id,song_id,format_id) VALUES(53,741,2);
INSERT INTO AlbumSong (album_id,song_id,format_id) VALUES(53,742,1);
INSERT INTO AlbumSong (album_id,song_id,format_id) VALUES(53,742,2);
INSERT INTO AlbumSong (album_id,song_id,format_id) VALUES(53,743,1);
INSERT INTO AlbumSong (album_id,song_id,format_id) VALUES(53,743,2);
INSERT INTO Song (song_name,artist_id,duration) VALUES ("Get Me Some",5,"00:03:36");
INSERT INTO AlbumSong (album_id,song_id,format_id) VALUES(53,744,1);
INSERT INTO AlbumSong (album_id,song_id,format_id) VALUES(53,744,2);
INSERT INTO Song (song_name,artist_id,duration) VALUES ("Run Over By A Truck",5,"00:03:33");
INSERT INTO AlbumSong (album_id,song_id,format_id) VALUES(53,745,1);
INSERT INTO AlbumSong (album_id,song_id,format_id) VALUES(53,745,2);
INSERT INTO Song (song_name,artist_id,duration) VALUES ("The Prettiest Girl In The Whole Wide World",5,"00:04:00");
INSERT INTO AlbumSong (album_id,song_id,format_id) VALUES(53,746,1);
INSERT INTO AlbumSong (album_id,song_id,format_id) VALUES(53,746,2);
INSERT INTO Song (song_name,artist_id,duration) VALUES ("The Underdogs",5,"00:04:40");
INSERT INTO AlbumSong (album_id,song_id,format_id) VALUES(53,747,1);
INSERT INTO AlbumSong (album_id,song_id,format_id) VALUES(53,747,2);
INSERT INTO Album(album_id,album_name,artist_id,art_id,release_date) VALUES (53,"Raditude (Deluxe)",5,53,"2009-11-03");
INSERT INTO AlbumArt(path) VALUES ("/var/www/album_art/weezer_weezer_(red_album).jpg");
INSERT INTO Song (song_name,artist_id,duration) VALUES ("Troublemaker",5,"00:02:44");
INSERT INTO AlbumSong (album_id,song_id,format_id) VALUES(54,748,1);
INSERT INTO AlbumSong (album_id,song_id,format_id) VALUES(54,748,2);
INSERT INTO Song (song_name,artist_id,duration) VALUES ("The Greatest Man That Ever Lived (Variations On A Shaker Hymn)",5,"00:05:52");
INSERT INTO AlbumSong (album_id,song_id,format_id) VALUES(54,749,1);
INSERT INTO AlbumSong (album_id,song_id,format_id) VALUES(54,749,2);
INSERT INTO Song (song_name,artist_id,duration) VALUES ("Pork And Beans",5,"00:03:09");
INSERT INTO AlbumSong (album_id,song_id,format_id) VALUES(54,750,1);
INSERT INTO AlbumSong (album_id,song_id,format_id) VALUES(54,750,2);
INSERT INTO Song (song_name,artist_id,duration) VALUES ("Heart Songs",5,"00:04:05");
INSERT INTO AlbumSong (album_id,song_id,format_id) VALUES(54,751,1);
INSERT INTO AlbumSong (album_id,song_id,format_id) VALUES(54,751,2);
INSERT INTO Song (song_name,artist_id,duration) VALUES ("Everybody Get Dangerous",5,"00:04:02");
INSERT INTO AlbumSong (album_id,song_id,format_id) VALUES(54,752,1);
INSERT INTO AlbumSong (album_id,song_id,format_id) VALUES(54,752,2);
INSERT INTO Song (song_name,artist_id,duration) VALUES ("Dreamin'",5,"00:05:11");
INSERT INTO AlbumSong (album_id,song_id,format_id) VALUES(54,753,1);
INSERT INTO AlbumSong (album_id,song_id,format_id) VALUES(54,753,2);
INSERT INTO Song (song_name,artist_id,duration) VALUES ("Thought I Knew",5,"00:03:01");
INSERT INTO AlbumSong (album_id,song_id,format_id) VALUES(54,754,1);
INSERT INTO AlbumSong (album_id,song_id,format_id) VALUES(54,754,2);
INSERT INTO Song (song_name,artist_id,duration) VALUES ("Cold Dark World",5,"00:03:51");
INSERT INTO AlbumSong (album_id,song_id,format_id) VALUES(54,755,1);
INSERT INTO AlbumSong (album_id,song_id,format_id) VALUES(54,755,2);
INSERT INTO Song (song_name,artist_id,duration) VALUES ("Automatic",5,"00:03:07");
INSERT INTO AlbumSong (album_id,song_id,format_id) VALUES(54,756,1);
INSERT INTO AlbumSong (album_id,song_id,format_id) VALUES(54,756,2);
INSERT INTO Song (song_name,artist_id,duration) VALUES ("The Angel And The One",5,"00:06:46");
INSERT INTO AlbumSong (album_id,song_id,format_id) VALUES(54,757,1);
INSERT INTO AlbumSong (album_id,song_id,format_id) VALUES(54,757,2);
INSERT INTO Album(album_id,album_name,artist_id,art_id,release_date) VALUES (54,"Weezer (Red Album)",5,54,"2008-06-03");
INSERT INTO AlbumArt(path) VALUES ("/var/www/album_art/weezer_make_believe.jpg");
INSERT INTO Song (song_name,artist_id,duration) VALUES ("Beverly Hills",5,"00:03:16");
INSERT INTO AlbumSong (album_id,song_id,format_id) VALUES(55,758,1);
INSERT INTO AlbumSong (album_id,song_id,format_id) VALUES(55,758,2);
INSERT INTO Song (song_name,artist_id,duration) VALUES ("Perfect Situation",5,"00:04:14");
INSERT INTO AlbumSong (album_id,song_id,format_id) VALUES(55,759,1);
INSERT INTO AlbumSong (album_id,song_id,format_id) VALUES(55,759,2);
INSERT INTO Song (song_name,artist_id,duration) VALUES ("This Is Such A Pity",5,"00:03:25");
INSERT INTO AlbumSong (album_id,song_id,format_id) VALUES(55,760,1);
INSERT INTO AlbumSong (album_id,song_id,format_id) VALUES(55,760,2);
INSERT INTO Song (song_name,artist_id,duration) VALUES ("Hold Me",5,"00:04:22");
INSERT INTO AlbumSong (album_id,song_id,format_id) VALUES(55,761,1);
INSERT INTO AlbumSong (album_id,song_id,format_id) VALUES(55,761,2);
INSERT INTO Song (song_name,artist_id,duration) VALUES ("Peace",5,"00:03:53");
INSERT INTO AlbumSong (album_id,song_id,format_id) VALUES(55,762,1);
INSERT INTO AlbumSong (album_id,song_id,format_id) VALUES(55,762,2);
INSERT INTO Song (song_name,artist_id,duration) VALUES ("We Are All On Drugs",5,"00:03:34");
INSERT INTO AlbumSong (album_id,song_id,format_id) VALUES(55,763,1);
INSERT INTO AlbumSong (album_id,song_id,format_id) VALUES(55,763,2);
INSERT INTO Song (song_name,artist_id,duration) VALUES ("The Damage In Your Heart",5,"00:04:03");
INSERT INTO AlbumSong (album_id,song_id,format_id) VALUES(55,764,1);
INSERT INTO AlbumSong (album_id,song_id,format_id) VALUES(55,764,2);
INSERT INTO Song (song_name,artist_id,duration) VALUES ("Pardon Me",5,"00:04:15");
INSERT INTO AlbumSong (album_id,song_id,format_id) VALUES(55,765,1);
INSERT INTO AlbumSong (album_id,song_id,format_id) VALUES(55,765,2);
INSERT INTO Song (song_name,artist_id,duration) VALUES ("My Best Friend",5,"00:02:47");
INSERT INTO AlbumSong (album_id,song_id,format_id) VALUES(55,766,1);
INSERT INTO AlbumSong (album_id,song_id,format_id) VALUES(55,766,2);
INSERT INTO Song (song_name,artist_id,duration) VALUES ("The Other Way",5,"00:03:16");
INSERT INTO AlbumSong (album_id,song_id,format_id) VALUES(55,767,1);
INSERT INTO AlbumSong (album_id,song_id,format_id) VALUES(55,767,2);
INSERT INTO Song (song_name,artist_id,duration) VALUES ("Freak Me Out",5,"00:03:26");
INSERT INTO AlbumSong (album_id,song_id,format_id) VALUES(55,768,1);
INSERT INTO AlbumSong (album_id,song_id,format_id) VALUES(55,768,2);
INSERT INTO Song (song_name,artist_id,duration) VALUES ("Haunt You Every Day",5,"00:04:37");
INSERT INTO AlbumSong (album_id,song_id,format_id) VALUES(55,769,1);
INSERT INTO AlbumSong (album_id,song_id,format_id) VALUES(55,769,2);
INSERT INTO Album(album_id,album_name,artist_id,art_id,release_date) VALUES (55,"Make Believe",5,55,"2005-05-10");
INSERT INTO AlbumArt(path) VALUES ("/var/www/album_art/weezer_maladroit.jpg");
INSERT INTO Song (song_name,artist_id,duration) VALUES ("American Gigolo",5,"00:02:42");
INSERT INTO AlbumSong (album_id,song_id,format_id) VALUES(56,770,1);
INSERT INTO AlbumSong (album_id,song_id,format_id) VALUES(56,770,2);
INSERT INTO Song (song_name,artist_id,duration) VALUES ("Dope Nose",5,"00:02:17");
INSERT INTO AlbumSong (album_id,song_id,format_id) VALUES(56,771,1);
INSERT INTO AlbumSong (album_id,song_id,format_id) VALUES(56,771,2);
INSERT INTO Song (song_name,artist_id,duration) VALUES ("Keep Fishin'",5,"00:02:52");
INSERT INTO AlbumSong (album_id,song_id,format_id) VALUES(56,772,1);
INSERT INTO AlbumSong (album_id,song_id,format_id) VALUES(56,772,2);
INSERT INTO Song (song_name,artist_id,duration) VALUES ("Take Control",5,"00:03:04");
INSERT INTO AlbumSong (album_id,song_id,format_id) VALUES(56,773,1);
INSERT INTO AlbumSong (album_id,song_id,format_id) VALUES(56,773,2);
INSERT INTO Song (song_name,artist_id,duration) VALUES ("Death And Destruction",5,"00:02:38");
INSERT INTO AlbumSong (album_id,song_id,format_id) VALUES(56,774,1);
INSERT INTO AlbumSong (album_id,song_id,format_id) VALUES(56,774,2);
INSERT INTO Song (song_name,artist_id,duration) VALUES ("Slob",5,"00:03:08");
INSERT INTO AlbumSong (album_id,song_id,format_id) VALUES(56,775,1);
INSERT INTO AlbumSong (album_id,song_id,format_id) VALUES(56,775,2);
INSERT INTO Song (song_name,artist_id,duration) VALUES ("Burndt Jamb",5,"00:02:38");
INSERT INTO AlbumSong (album_id,song_id,format_id) VALUES(56,776,1);
INSERT INTO AlbumSong (album_id,song_id,format_id) VALUES(56,776,2);
INSERT INTO Song (song_name,artist_id,duration) VALUES ("Space Rock",5,"00:01:53");
INSERT INTO AlbumSong (album_id,song_id,format_id) VALUES(56,777,1);
INSERT INTO AlbumSong (album_id,song_id,format_id) VALUES(56,777,2);
INSERT INTO Song (song_name,artist_id,duration) VALUES ("Slave",5,"00:02:53");
INSERT INTO AlbumSong (album_id,song_id,format_id) VALUES(56,778,1);
INSERT INTO AlbumSong (album_id,song_id,format_id) VALUES(56,778,2);
INSERT INTO Song (song_name,artist_id,duration) VALUES ("Fall Together",5,"00:02:00");
INSERT INTO AlbumSong (album_id,song_id,format_id) VALUES(56,779,1);
INSERT INTO AlbumSong (album_id,song_id,format_id) VALUES(56,779,2);
INSERT INTO Song (song_name,artist_id,duration) VALUES ("Possibilities",5,"00:01:59");
INSERT INTO AlbumSong (album_id,song_id,format_id) VALUES(56,780,1);
INSERT INTO AlbumSong (album_id,song_id,format_id) VALUES(56,780,2);
INSERT INTO Song (song_name,artist_id,duration) VALUES ("Love Explosion",5,"00:02:34");
INSERT INTO AlbumSong (album_id,song_id,format_id) VALUES(56,781,1);
INSERT INTO AlbumSong (album_id,song_id,format_id) VALUES(56,781,2);
INSERT INTO Song (song_name,artist_id,duration) VALUES ("December",5,"00:02:59");
INSERT INTO AlbumSong (album_id,song_id,format_id) VALUES(56,782,1);
INSERT INTO AlbumSong (album_id,song_id,format_id) VALUES(56,782,2);
INSERT INTO Album(album_id,album_name,artist_id,art_id,release_date) VALUES (56,"Maladroit",5,56,"2002-05-14");
INSERT INTO AlbumArt(path) VALUES ("/var/www/album_art/weezer_weezer_(green_album).jpg");
INSERT INTO Song (song_name,artist_id,duration) VALUES ("Don't Let Go",5,"00:02:59");
INSERT INTO AlbumSong (album_id,song_id,format_id) VALUES(57,783,1);
INSERT INTO AlbumSong (album_id,song_id,format_id) VALUES(57,783,2);
INSERT INTO Song (song_name,artist_id,duration) VALUES ("Photograph",5,"00:02:19");
INSERT INTO AlbumSong (album_id,song_id,format_id) VALUES(57,784,1);
INSERT INTO AlbumSong (album_id,song_id,format_id) VALUES(57,784,2);
INSERT INTO Song (song_name,artist_id,duration) VALUES ("Hash Pipe",5,"00:03:06");
INSERT INTO AlbumSong (album_id,song_id,format_id) VALUES(57,785,1);
INSERT INTO AlbumSong (album_id,song_id,format_id) VALUES(57,785,2);
INSERT INTO Song (song_name,artist_id,duration) VALUES ("Island In The Sun",5,"00:03:20");
INSERT INTO AlbumSong (album_id,song_id,format_id) VALUES(57,786,1);
INSERT INTO AlbumSong (album_id,song_id,format_id) VALUES(57,786,2);
INSERT INTO Song (song_name,artist_id,duration) VALUES ("Crab",5,"00:02:34");
INSERT INTO AlbumSong (album_id,song_id,format_id) VALUES(57,787,1);
INSERT INTO AlbumSong (album_id,song_id,format_id) VALUES(57,787,2);
INSERT INTO Song (song_name,artist_id,duration) VALUES ("Knockdown Dragout",5,"00:02:08");
INSERT INTO AlbumSong (album_id,song_id,format_id) VALUES(57,788,1);
INSERT INTO AlbumSong (album_id,song_id,format_id) VALUES(57,788,2);
INSERT INTO Song (song_name,artist_id,duration) VALUES ("Smile",5,"00:02:38");
INSERT INTO AlbumSong (album_id,song_id,format_id) VALUES(57,789,1);
INSERT INTO AlbumSong (album_id,song_id,format_id) VALUES(57,789,2);
INSERT INTO Song (song_name,artist_id,duration) VALUES ("Simple Pages",5,"00:02:56");
INSERT INTO AlbumSong (album_id,song_id,format_id) VALUES(57,790,1);
INSERT INTO AlbumSong (album_id,song_id,format_id) VALUES(57,790,2);
INSERT INTO Song (song_name,artist_id,duration) VALUES ("Glorious Day",5,"00:02:40");
INSERT INTO AlbumSong (album_id,song_id,format_id) VALUES(57,791,1);
INSERT INTO AlbumSong (album_id,song_id,format_id) VALUES(57,791,2);
INSERT INTO Song (song_name,artist_id,duration) VALUES ("O Girlfriend",5,"00:03:49");
INSERT INTO AlbumSong (album_id,song_id,format_id) VALUES(57,792,1);
INSERT INTO AlbumSong (album_id,song_id,format_id) VALUES(57,792,2);
INSERT INTO Album(album_id,album_name,artist_id,art_id,release_date) VALUES (57,"Weezer (Green Album)",5,57,"2001-05-15");
INSERT INTO AlbumArt(path) VALUES ("/var/www/album_art/weezer_pinkerton.jpg");
INSERT INTO Song (song_name,artist_id,duration) VALUES ("Tired Of Sex",5,"00:03:01");
INSERT INTO AlbumSong (album_id,song_id,format_id) VALUES(58,793,1);
INSERT INTO AlbumSong (album_id,song_id,format_id) VALUES(58,793,2);
INSERT INTO Song (song_name,artist_id,duration) VALUES ("Getchoo",5,"00:02:52");
INSERT INTO AlbumSong (album_id,song_id,format_id) VALUES(58,794,1);
INSERT INTO AlbumSong (album_id,song_id,format_id) VALUES(58,794,2);
INSERT INTO Song (song_name,artist_id,duration) VALUES ("No Other One",5,"00:03:01");
INSERT INTO AlbumSong (album_id,song_id,format_id) VALUES(58,795,1);
INSERT INTO AlbumSong (album_id,song_id,format_id) VALUES(58,795,2);
INSERT INTO Song (song_name,artist_id,duration) VALUES ("Why Bother?",5,"00:02:08");
INSERT INTO AlbumSong (album_id,song_id,format_id) VALUES(58,796,1);
INSERT INTO AlbumSong (album_id,song_id,format_id) VALUES(58,796,2);
INSERT INTO Song (song_name,artist_id,duration) VALUES ("Across The Sea",5,"00:04:32");
INSERT INTO AlbumSong (album_id,song_id,format_id) VALUES(58,797,1);
INSERT INTO AlbumSong (album_id,song_id,format_id) VALUES(58,797,2);
INSERT INTO Song (song_name,artist_id,duration) VALUES ("The Good Life",5,"00:04:17");
INSERT INTO AlbumSong (album_id,song_id,format_id) VALUES(58,798,1);
INSERT INTO AlbumSong (album_id,song_id,format_id) VALUES(58,798,2);
INSERT INTO Song (song_name,artist_id,duration) VALUES ("El Scorcho",5,"00:04:03");
INSERT INTO AlbumSong (album_id,song_id,format_id) VALUES(58,799,1);
INSERT INTO AlbumSong (album_id,song_id,format_id) VALUES(58,799,2);
INSERT INTO Song (song_name,artist_id,duration) VALUES ("Pink Triangle",5,"00:03:58");
INSERT INTO AlbumSong (album_id,song_id,format_id) VALUES(58,800,1);
INSERT INTO AlbumSong (album_id,song_id,format_id) VALUES(58,800,2);
INSERT INTO Song (song_name,artist_id,duration) VALUES ("Falling For You",5,"00:03:47");
INSERT INTO AlbumSong (album_id,song_id,format_id) VALUES(58,801,1);
INSERT INTO AlbumSong (album_id,song_id,format_id) VALUES(58,801,2);
INSERT INTO Song (song_name,artist_id,duration) VALUES ("Butterfly",5,"00:02:53");
INSERT INTO AlbumSong (album_id,song_id,format_id) VALUES(58,802,1);
INSERT INTO AlbumSong (album_id,song_id,format_id) VALUES(58,802,2);
INSERT INTO Album(album_id,album_name,artist_id,art_id,release_date) VALUES (58,"Pinkerton",5,58,"1996-09-24");
INSERT INTO AlbumArt(path) VALUES ("/var/www/album_art/weezer_pinkerton_-_deluxe_edition.jpg");
INSERT INTO AlbumSong (album_id,song_id,format_id) VALUES(59,793,1);
INSERT INTO AlbumSong (album_id,song_id,format_id) VALUES(59,793,2);
INSERT INTO AlbumSong (album_id,song_id,format_id) VALUES(59,794,1);
INSERT INTO AlbumSong (album_id,song_id,format_id) VALUES(59,794,2);
INSERT INTO AlbumSong (album_id,song_id,format_id) VALUES(59,795,1);
INSERT INTO AlbumSong (album_id,song_id,format_id) VALUES(59,795,2);
INSERT INTO Song (song_name,artist_id,duration) VALUES ("Why Bother?",5,"00:02:06");
INSERT INTO AlbumSong (album_id,song_id,format_id) VALUES(59,803,1);
INSERT INTO AlbumSong (album_id,song_id,format_id) VALUES(59,803,2);
INSERT INTO Song (song_name,artist_id,duration) VALUES ("Across The Sea",5,"00:04:34");
INSERT INTO AlbumSong (album_id,song_id,format_id) VALUES(59,804,1);
INSERT INTO AlbumSong (album_id,song_id,format_id) VALUES(59,804,2);
INSERT INTO Song (song_name,artist_id,duration) VALUES ("The Good Life",5,"00:04:16");
INSERT INTO AlbumSong (album_id,song_id,format_id) VALUES(59,805,1);
INSERT INTO AlbumSong (album_id,song_id,format_id) VALUES(59,805,2);
INSERT INTO AlbumSong (album_id,song_id,format_id) VALUES(59,799,1);
INSERT INTO AlbumSong (album_id,song_id,format_id) VALUES(59,799,2);
INSERT INTO Song (song_name,artist_id,duration) VALUES ("Pink Triangle",5,"00:03:57");
INSERT INTO AlbumSong (album_id,song_id,format_id) VALUES(59,806,1);
INSERT INTO AlbumSong (album_id,song_id,format_id) VALUES(59,806,2);
INSERT INTO Song (song_name,artist_id,duration) VALUES ("Falling For You",5,"00:03:48");
INSERT INTO AlbumSong (album_id,song_id,format_id) VALUES(59,807,1);
INSERT INTO AlbumSong (album_id,song_id,format_id) VALUES(59,807,2);
INSERT INTO Song (song_name,artist_id,duration) VALUES ("Butterfly",5,"00:02:55");
INSERT INTO AlbumSong (album_id,song_id,format_id) VALUES(59,808,1);
INSERT INTO AlbumSong (album_id,song_id,format_id) VALUES(59,808,2);
INSERT INTO Song (song_name,artist_id,duration) VALUES ("You Gave Your Love To Me Softly",5,"00:01:58");
INSERT INTO AlbumSong (album_id,song_id,format_id) VALUES(59,809,1);
INSERT INTO AlbumSong (album_id,song_id,format_id) VALUES(59,809,2);
INSERT INTO Song (song_name,artist_id,duration) VALUES ("Devotion",5,"00:03:11");
INSERT INTO AlbumSong (album_id,song_id,format_id) VALUES(59,810,1);
INSERT INTO AlbumSong (album_id,song_id,format_id) VALUES(59,810,2);
INSERT INTO Song (song_name,artist_id,duration) VALUES ("The Good Life - Radio Remix",5,"00:04:05");
INSERT INTO AlbumSong (album_id,song_id,format_id) VALUES(59,811,1);
INSERT INTO AlbumSong (album_id,song_id,format_id) VALUES(59,811,2);
INSERT INTO Song (song_name,artist_id,duration) VALUES ("Waiting On You",5,"00:04:11");
INSERT INTO AlbumSong (album_id,song_id,format_id) VALUES(59,812,1);
INSERT INTO AlbumSong (album_id,song_id,format_id) VALUES(59,812,2);
INSERT INTO Song (song_name,artist_id,duration) VALUES ("I Just Threw Out The Love Of My Dreams",5,"00:02:37");
INSERT INTO AlbumSong (album_id,song_id,format_id) VALUES(59,813,1);
INSERT INTO AlbumSong (album_id,song_id,format_id) VALUES(59,813,2);
INSERT INTO Song (song_name,artist_id,duration) VALUES ("The Good Life - Acoustic /Live",5,"00:04:38");
INSERT INTO AlbumSong (album_id,song_id,format_id) VALUES(59,814,1);
INSERT INTO AlbumSong (album_id,song_id,format_id) VALUES(59,814,2);
INSERT INTO Song (song_name,artist_id,duration) VALUES ("Pink Triangle - Radio Remix",5,"00:04:01");
INSERT INTO AlbumSong (album_id,song_id,format_id) VALUES(59,815,1);
INSERT INTO AlbumSong (album_id,song_id,format_id) VALUES(59,815,2);
INSERT INTO Song (song_name,artist_id,duration) VALUES ("I Swear It's True",5,"00:03:19");
INSERT INTO AlbumSong (album_id,song_id,format_id) VALUES(59,816,1);
INSERT INTO AlbumSong (album_id,song_id,format_id) VALUES(59,816,2);
INSERT INTO Song (song_name,artist_id,duration) VALUES ("Pink Triangle - Acoustic /Live Shorecrest High School, Seattle, Washington 1996",5,"00:04:26");
INSERT INTO AlbumSong (album_id,song_id,format_id) VALUES(59,817,1);
INSERT INTO AlbumSong (album_id,song_id,format_id) VALUES(59,817,2);
INSERT INTO Song (song_name,artist_id,duration) VALUES ("Interview - 107.7 The End - Blue vs Pinkerton",5,"00:01:32");
INSERT INTO AlbumSong (album_id,song_id,format_id) VALUES(59,818,1);
INSERT INTO AlbumSong (album_id,song_id,format_id) VALUES(59,818,2);
INSERT INTO Song (song_name,artist_id,duration) VALUES ("You Won't Get With Me Tonight",5,"00:03:29");
INSERT INTO AlbumSong (album_id,song_id,format_id) VALUES(59,819,1);
INSERT INTO AlbumSong (album_id,song_id,format_id) VALUES(59,819,2);
INSERT INTO Song (song_name,artist_id,duration) VALUES ("The Good Life - Live at Y100 Sonic Studios/1997",5,"00:04:37");
INSERT INTO AlbumSong (album_id,song_id,format_id) VALUES(59,820,1);
INSERT INTO AlbumSong (album_id,song_id,format_id) VALUES(59,820,2);
INSERT INTO Song (song_name,artist_id,duration) VALUES ("El Scorcho - Live at Y100 Sonic Studios/1997",5,"00:04:07");
INSERT INTO AlbumSong (album_id,song_id,format_id) VALUES(59,821,1);
INSERT INTO AlbumSong (album_id,song_id,format_id) VALUES(59,821,2);
INSERT INTO Song (song_name,artist_id,duration) VALUES ("Pink Triangle - Live at Y100 Sonic Session/1997",5,"00:04:10");
INSERT INTO AlbumSong (album_id,song_id,format_id) VALUES(59,822,1);
INSERT INTO AlbumSong (album_id,song_id,format_id) VALUES(59,822,2);
INSERT INTO Song (song_name,artist_id,duration) VALUES ("Why Bother? - Live at Reading Festival / 1996",5,"00:02:18");
INSERT INTO AlbumSong (album_id,song_id,format_id) VALUES(59,823,1);
INSERT INTO AlbumSong (album_id,song_id,format_id) VALUES(59,823,2);
INSERT INTO Song (song_name,artist_id,duration) VALUES ("El Scorcho - Live at Reading Festival / 1996",5,"00:04:09");
INSERT INTO AlbumSong (album_id,song_id,format_id) VALUES(59,824,1);
INSERT INTO AlbumSong (album_id,song_id,format_id) VALUES(59,824,2);
INSERT INTO Song (song_name,artist_id,duration) VALUES ("Pink Triangle - Live at Reading Festival / 1996",5,"00:04:52");
INSERT INTO AlbumSong (album_id,song_id,format_id) VALUES(59,825,1);
INSERT INTO AlbumSong (album_id,song_id,format_id) VALUES(59,825,2);
INSERT INTO Song (song_name,artist_id,duration) VALUES ("The Good Life - Live at X96 / 1997",5,"00:04:13");
INSERT INTO AlbumSong (album_id,song_id,format_id) VALUES(59,826,1);
INSERT INTO AlbumSong (album_id,song_id,format_id) VALUES(59,826,2);
INSERT INTO Song (song_name,artist_id,duration) VALUES ("El Scorcho - Live/Acoustic at Shorecrest High School/1996",5,"00:04:26");
INSERT INTO AlbumSong (album_id,song_id,format_id) VALUES(59,827,1);
INSERT INTO AlbumSong (album_id,song_id,format_id) VALUES(59,827,2);
INSERT INTO Song (song_name,artist_id,duration) VALUES ("Across The Sea Piano Noodles",5,"00:00:38");
INSERT INTO AlbumSong (album_id,song_id,format_id) VALUES(59,828,1);
INSERT INTO AlbumSong (album_id,song_id,format_id) VALUES(59,828,2);
INSERT INTO Song (song_name,artist_id,duration) VALUES ("Butterfly - Alternate Take",5,"00:02:48");
INSERT INTO AlbumSong (album_id,song_id,format_id) VALUES(59,829,1);
INSERT INTO AlbumSong (album_id,song_id,format_id) VALUES(59,829,2);
INSERT INTO Song (song_name,artist_id,duration) VALUES ("Long Time Sunshine",5,"00:04:17");
INSERT INTO AlbumSong (album_id,song_id,format_id) VALUES(59,830,1);
INSERT INTO AlbumSong (album_id,song_id,format_id) VALUES(59,830,2);
INSERT INTO Song (song_name,artist_id,duration) VALUES ("Getting Up And Leaving",5,"00:03:28");
INSERT INTO AlbumSong (album_id,song_id,format_id) VALUES(59,831,1);
INSERT INTO AlbumSong (album_id,song_id,format_id) VALUES(59,831,2);
INSERT INTO Song (song_name,artist_id,duration) VALUES ("Tired Of Sex - Tracking Rough",5,"00:02:57");
INSERT INTO AlbumSong (album_id,song_id,format_id) VALUES(59,832,1);
INSERT INTO AlbumSong (album_id,song_id,format_id) VALUES(59,832,2);
INSERT INTO Song (song_name,artist_id,duration) VALUES ("Getchoo - Tracking Rough",5,"00:02:57");
INSERT INTO AlbumSong (album_id,song_id,format_id) VALUES(59,833,1);
INSERT INTO AlbumSong (album_id,song_id,format_id) VALUES(59,833,2);
INSERT INTO Song (song_name,artist_id,duration) VALUES ("Tragic Girl",5,"00:05:26");
INSERT INTO AlbumSong (album_id,song_id,format_id) VALUES(59,834,1);
INSERT INTO AlbumSong (album_id,song_id,format_id) VALUES(59,834,2);
INSERT INTO Album(album_id,album_name,artist_id,art_id,release_date) VALUES (59,"Pinkerton - Deluxe Edition",5,59,"1996-09-24");
INSERT INTO AlbumArt(path) VALUES ("/var/www/album_art/weezer_weezer.jpg");
INSERT INTO Song (song_name,artist_id,duration) VALUES ("My Name Is Jonas",5,"00:03:24");
INSERT INTO AlbumSong (album_id,song_id,format_id) VALUES(60,835,1);
INSERT INTO AlbumSong (album_id,song_id,format_id) VALUES(60,835,2);
INSERT INTO Song (song_name,artist_id,duration) VALUES ("No One Else",5,"00:03:04");
INSERT INTO AlbumSong (album_id,song_id,format_id) VALUES(60,836,1);
INSERT INTO AlbumSong (album_id,song_id,format_id) VALUES(60,836,2);
INSERT INTO Song (song_name,artist_id,duration) VALUES ("The World Has Turned And Left Me Here",5,"00:04:19");
INSERT INTO AlbumSong (album_id,song_id,format_id) VALUES(60,837,1);
INSERT INTO AlbumSong (album_id,song_id,format_id) VALUES(60,837,2);
INSERT INTO Song (song_name,artist_id,duration) VALUES ("Buddy Holly",5,"00:02:39");
INSERT INTO AlbumSong (album_id,song_id,format_id) VALUES(60,838,1);
INSERT INTO AlbumSong (album_id,song_id,format_id) VALUES(60,838,2);
INSERT INTO Song (song_name,artist_id,duration) VALUES ("Undone - The Sweater Song",5,"00:05:05");
INSERT INTO AlbumSong (album_id,song_id,format_id) VALUES(60,839,1);
INSERT INTO AlbumSong (album_id,song_id,format_id) VALUES(60,839,2);
INSERT INTO Song (song_name,artist_id,duration) VALUES ("Surf Wax America",5,"00:03:06");
INSERT INTO AlbumSong (album_id,song_id,format_id) VALUES(60,840,1);
INSERT INTO AlbumSong (album_id,song_id,format_id) VALUES(60,840,2);
INSERT INTO Song (song_name,artist_id,duration) VALUES ("Say It Ain't So",5,"00:04:18");
INSERT INTO AlbumSong (album_id,song_id,format_id) VALUES(60,841,1);
INSERT INTO AlbumSong (album_id,song_id,format_id) VALUES(60,841,2);
INSERT INTO Song (song_name,artist_id,duration) VALUES ("In The Garage",5,"00:03:55");
INSERT INTO AlbumSong (album_id,song_id,format_id) VALUES(60,842,1);
INSERT INTO AlbumSong (album_id,song_id,format_id) VALUES(60,842,2);
INSERT INTO Song (song_name,artist_id,duration) VALUES ("Holiday",5,"00:03:24");
INSERT INTO AlbumSong (album_id,song_id,format_id) VALUES(60,843,1);
INSERT INTO AlbumSong (album_id,song_id,format_id) VALUES(60,843,2);
INSERT INTO Song (song_name,artist_id,duration) VALUES ("Only In Dreams",5,"00:07:59");
INSERT INTO AlbumSong (album_id,song_id,format_id) VALUES(60,844,1);
INSERT INTO AlbumSong (album_id,song_id,format_id) VALUES(60,844,2);
INSERT INTO Album(album_id,album_name,artist_id,art_id,release_date) VALUES (60,"Weezer",5,60,"1994-05-10");
INSERT INTO Artist (artist_name,genre_id,description) VALUES ("The Black Keys",1,"");
INSERT INTO AlbumArt(path) VALUES ("/var/www/album_art/the_black_keys_dropout_boogie.jpg");
INSERT INTO Song (song_name,artist_id,duration) VALUES ("Wild Child",6,"00:02:44");
INSERT INTO AlbumSong (album_id,song_id,format_id) VALUES(61,845,1);
INSERT INTO AlbumSong (album_id,song_id,format_id) VALUES(61,845,2);
INSERT INTO Song (song_name,artist_id,duration) VALUES ("It Ain't Over",6,"00:03:48");
INSERT INTO AlbumSong (album_id,song_id,format_id) VALUES(61,846,1);
INSERT INTO AlbumSong (album_id,song_id,format_id) VALUES(61,846,2);
INSERT INTO Song (song_name,artist_id,duration) VALUES ("For the Love of Money",6,"00:03:31");
INSERT INTO AlbumSong (album_id,song_id,format_id) VALUES(61,847,1);
INSERT INTO AlbumSong (album_id,song_id,format_id) VALUES(61,847,2);
INSERT INTO Song (song_name,artist_id,duration) VALUES ("Your Team Is Looking Good",6,"00:03:05");
INSERT INTO AlbumSong (album_id,song_id,format_id) VALUES(61,848,1);
INSERT INTO AlbumSong (album_id,song_id,format_id) VALUES(61,848,2);
INSERT INTO Song (song_name,artist_id,duration) VALUES ("Good Love (feat. Billy F Gibbons)",6,"00:03:37");
INSERT INTO AlbumSong (album_id,song_id,format_id) VALUES(61,849,1);
INSERT INTO AlbumSong (album_id,song_id,format_id) VALUES(61,849,2);
INSERT INTO Song (song_name,artist_id,duration) VALUES ("How Long",6,"00:03:20");
INSERT INTO AlbumSong (album_id,song_id,format_id) VALUES(61,850,1);
INSERT INTO AlbumSong (album_id,song_id,format_id) VALUES(61,850,2);
INSERT INTO Song (song_name,artist_id,duration) VALUES ("Burn the Damn Thing Down",6,"00:02:57");
INSERT INTO AlbumSong (album_id,song_id,format_id) VALUES(61,851,1);
INSERT INTO AlbumSong (album_id,song_id,format_id) VALUES(61,851,2);
INSERT INTO Song (song_name,artist_id,duration) VALUES ("Happiness",6,"00:03:44");
INSERT INTO AlbumSong (album_id,song_id,format_id) VALUES(61,852,1);
INSERT INTO AlbumSong (album_id,song_id,format_id) VALUES(61,852,2);
INSERT INTO Song (song_name,artist_id,duration) VALUES ("Baby I'm Coming Home",6,"00:03:08");
INSERT INTO AlbumSong (album_id,song_id,format_id) VALUES(61,853,1);
INSERT INTO AlbumSong (album_id,song_id,format_id) VALUES(61,853,2);
INSERT INTO Song (song_name,artist_id,duration) VALUES ("Didn't I Love You",6,"00:04:01");
INSERT INTO AlbumSong (album_id,song_id,format_id) VALUES(61,854,1);
INSERT INTO AlbumSong (album_id,song_id,format_id) VALUES(61,854,2);
INSERT INTO Album(album_id,album_name,artist_id,art_id,release_date) VALUES (61,"Dropout Boogie",6,61,"2022-05-13");
INSERT INTO AlbumArt(path) VALUES ("/var/www/album_art/the_black_keys_el_camino_(10th_anniversary_super_deluxe_edition).jpg");
INSERT INTO Song (song_name,artist_id,duration) VALUES ("Lonely Boy - 2021 Remaster",6,"00:03:13");
INSERT INTO AlbumSong (album_id,song_id,format_id) VALUES(62,855,1);
INSERT INTO AlbumSong (album_id,song_id,format_id) VALUES(62,855,2);
INSERT INTO Song (song_name,artist_id,duration) VALUES ("Dead and Gone - 2021 Remaster",6,"00:03:41");
INSERT INTO AlbumSong (album_id,song_id,format_id) VALUES(62,856,1);
INSERT INTO AlbumSong (album_id,song_id,format_id) VALUES(62,856,2);
INSERT INTO Song (song_name,artist_id,duration) VALUES ("Gold on the Ceiling - 2021 Remaster",6,"00:03:44");
INSERT INTO AlbumSong (album_id,song_id,format_id) VALUES(62,857,1);
INSERT INTO AlbumSong (album_id,song_id,format_id) VALUES(62,857,2);
INSERT INTO Song (song_name,artist_id,duration) VALUES ("Little Black Submarines - 2021 Remaster",6,"00:04:11");
INSERT INTO AlbumSong (album_id,song_id,format_id) VALUES(62,858,1);
INSERT INTO AlbumSong (album_id,song_id,format_id) VALUES(62,858,2);
INSERT INTO Song (song_name,artist_id,duration) VALUES ("Money Maker - 2021 Remaster",6,"00:02:57");
INSERT INTO AlbumSong (album_id,song_id,format_id) VALUES(62,859,1);
INSERT INTO AlbumSong (album_id,song_id,format_id) VALUES(62,859,2);
INSERT INTO Song (song_name,artist_id,duration) VALUES ("Run Right Back - 2021 Remaster",6,"00:03:16");
INSERT INTO AlbumSong (album_id,song_id,format_id) VALUES(62,860,1);
INSERT INTO AlbumSong (album_id,song_id,format_id) VALUES(62,860,2);
INSERT INTO Song (song_name,artist_id,duration) VALUES ("Sister - 2021 Remaster",6,"00:03:25");
INSERT INTO AlbumSong (album_id,song_id,format_id) VALUES(62,861,1);
INSERT INTO AlbumSong (album_id,song_id,format_id) VALUES(62,861,2);
INSERT INTO Song (song_name,artist_id,duration) VALUES ("Hell of a Season - 2021 Remaster",6,"00:03:44");
INSERT INTO AlbumSong (album_id,song_id,format_id) VALUES(62,862,1);
INSERT INTO AlbumSong (album_id,song_id,format_id) VALUES(62,862,2);
INSERT INTO Song (song_name,artist_id,duration) VALUES ("Stop Stop - 2021 Remaster",6,"00:03:29");
INSERT INTO AlbumSong (album_id,song_id,format_id) VALUES(62,863,1);
INSERT INTO AlbumSong (album_id,song_id,format_id) VALUES(62,863,2);
INSERT INTO Song (song_name,artist_id,duration) VALUES ("Nova Baby - 2021 Remaster",6,"00:03:27");
INSERT INTO AlbumSong (album_id,song_id,format_id) VALUES(62,864,1);
INSERT INTO AlbumSong (album_id,song_id,format_id) VALUES(62,864,2);
INSERT INTO Song (song_name,artist_id,duration) VALUES ("Mind Eraser - 2021 Remaster",6,"00:03:14");
INSERT INTO AlbumSong (album_id,song_id,format_id) VALUES(62,865,1);
INSERT INTO AlbumSong (album_id,song_id,format_id) VALUES(62,865,2);
INSERT INTO Song (song_name,artist_id,duration) VALUES ("Howlin’ for You - Live in Portland, ME",6,"00:03:45");
INSERT INTO AlbumSong (album_id,song_id,format_id) VALUES(62,866,1);
INSERT INTO AlbumSong (album_id,song_id,format_id) VALUES(62,866,2);
INSERT INTO Song (song_name,artist_id,duration) VALUES ("Next Girl - Live in Portland, ME",6,"00:03:30");
INSERT INTO AlbumSong (album_id,song_id,format_id) VALUES(62,867,1);
INSERT INTO AlbumSong (album_id,song_id,format_id) VALUES(62,867,2);
INSERT INTO Song (song_name,artist_id,duration) VALUES ("Run Right Back - Live in Portland, ME",6,"00:03:41");
INSERT INTO AlbumSong (album_id,song_id,format_id) VALUES(62,868,1);
INSERT INTO AlbumSong (album_id,song_id,format_id) VALUES(62,868,2);
INSERT INTO Song (song_name,artist_id,duration) VALUES ("Same Old Thing - Live in Portland, ME",6,"00:03:17");
INSERT INTO AlbumSong (album_id,song_id,format_id) VALUES(62,869,1);
INSERT INTO AlbumSong (album_id,song_id,format_id) VALUES(62,869,2);
INSERT INTO Song (song_name,artist_id,duration) VALUES ("Dead and Gone - Live in Portland, ME",6,"00:04:06");
INSERT INTO AlbumSong (album_id,song_id,format_id) VALUES(62,870,1);
INSERT INTO AlbumSong (album_id,song_id,format_id) VALUES(62,870,2);
INSERT INTO Song (song_name,artist_id,duration) VALUES ("Gold on the Ceiling - Live in Portland, ME",6,"00:04:05");
INSERT INTO AlbumSong (album_id,song_id,format_id) VALUES(62,871,1);
INSERT INTO AlbumSong (album_id,song_id,format_id) VALUES(62,871,2);
INSERT INTO Song (song_name,artist_id,duration) VALUES ("Thickfreakness - Live in Portland, ME",6,"00:03:24");
INSERT INTO AlbumSong (album_id,song_id,format_id) VALUES(62,872,1);
INSERT INTO AlbumSong (album_id,song_id,format_id) VALUES(62,872,2);
INSERT INTO Song (song_name,artist_id,duration) VALUES ("Girl Is on My Mind - Live in Portland, ME",6,"00:05:08");
INSERT INTO AlbumSong (album_id,song_id,format_id) VALUES(62,873,1);
INSERT INTO AlbumSong (album_id,song_id,format_id) VALUES(62,873,2);
INSERT INTO Song (song_name,artist_id,duration) VALUES ("I'll Be Your Man / Your Touch - Live in Portland, ME",6,"00:07:16");
INSERT INTO AlbumSong (album_id,song_id,format_id) VALUES(62,874,1);
INSERT INTO AlbumSong (album_id,song_id,format_id) VALUES(62,874,2);
INSERT INTO Song (song_name,artist_id,duration) VALUES ("Little Black Submarines - Live in Portland, ME",6,"00:05:38");
INSERT INTO AlbumSong (album_id,song_id,format_id) VALUES(62,875,1);
INSERT INTO AlbumSong (album_id,song_id,format_id) VALUES(62,875,2);
INSERT INTO Song (song_name,artist_id,duration) VALUES ("Money Maker - Live in Portland, ME",6,"00:03:32");
INSERT INTO AlbumSong (album_id,song_id,format_id) VALUES(62,876,1);
INSERT INTO AlbumSong (album_id,song_id,format_id) VALUES(62,876,2);
INSERT INTO Song (song_name,artist_id,duration) VALUES ("Strange Times - Live in Portland, ME",6,"00:03:11");
INSERT INTO AlbumSong (album_id,song_id,format_id) VALUES(62,877,1);
INSERT INTO AlbumSong (album_id,song_id,format_id) VALUES(62,877,2);
INSERT INTO Song (song_name,artist_id,duration) VALUES ("Chop and Change - Live in Portland, ME",6,"00:03:55");
INSERT INTO AlbumSong (album_id,song_id,format_id) VALUES(62,878,1);
INSERT INTO AlbumSong (album_id,song_id,format_id) VALUES(62,878,2);
INSERT INTO Song (song_name,artist_id,duration) VALUES ("Nova Baby - Live in Portland, ME",6,"00:04:03");
INSERT INTO AlbumSong (album_id,song_id,format_id) VALUES(62,879,1);
INSERT INTO AlbumSong (album_id,song_id,format_id) VALUES(62,879,2);
INSERT INTO Song (song_name,artist_id,duration) VALUES ("Ten Cent Pistol - Live in Portland, ME",6,"00:06:16");
INSERT INTO AlbumSong (album_id,song_id,format_id) VALUES(62,880,1);
INSERT INTO AlbumSong (album_id,song_id,format_id) VALUES(62,880,2);
INSERT INTO Song (song_name,artist_id,duration) VALUES ("Tighten Up - Live in Portland, ME",6,"00:03:51");
INSERT INTO AlbumSong (album_id,song_id,format_id) VALUES(62,881,1);
INSERT INTO AlbumSong (album_id,song_id,format_id) VALUES(62,881,2);
INSERT INTO Song (song_name,artist_id,duration) VALUES ("Lonely Boy - Live in Portland, ME",6,"00:04:01");
INSERT INTO AlbumSong (album_id,song_id,format_id) VALUES(62,882,1);
INSERT INTO AlbumSong (album_id,song_id,format_id) VALUES(62,882,2);
INSERT INTO Song (song_name,artist_id,duration) VALUES ("Everlasting Light - Live in Portland, ME",6,"00:03:40");
INSERT INTO AlbumSong (album_id,song_id,format_id) VALUES(62,883,1);
INSERT INTO AlbumSong (album_id,song_id,format_id) VALUES(62,883,2);
INSERT INTO Song (song_name,artist_id,duration) VALUES ("She’s Long Gone - Live in Portland, ME",6,"00:04:11");
INSERT INTO AlbumSong (album_id,song_id,format_id) VALUES(62,884,1);
INSERT INTO AlbumSong (album_id,song_id,format_id) VALUES(62,884,2);
INSERT INTO Song (song_name,artist_id,duration) VALUES ("I Got Mine - Live in Portland, ME",6,"00:05:32");
INSERT INTO AlbumSong (album_id,song_id,format_id) VALUES(62,885,1);
INSERT INTO AlbumSong (album_id,song_id,format_id) VALUES(62,885,2);
INSERT INTO Song (song_name,artist_id,duration) VALUES ("Howlin’ for You - BBC Session",6,"00:03:27");
INSERT INTO AlbumSong (album_id,song_id,format_id) VALUES(62,886,1);
INSERT INTO AlbumSong (album_id,song_id,format_id) VALUES(62,886,2);
INSERT INTO Song (song_name,artist_id,duration) VALUES ("Next Girl - BBC Session",6,"00:03:10");
INSERT INTO AlbumSong (album_id,song_id,format_id) VALUES(62,887,1);
INSERT INTO AlbumSong (album_id,song_id,format_id) VALUES(62,887,2);
INSERT INTO Song (song_name,artist_id,duration) VALUES ("Gold on the Ceiling - BBC Session",6,"00:03:48");
INSERT INTO AlbumSong (album_id,song_id,format_id) VALUES(62,888,1);
INSERT INTO AlbumSong (album_id,song_id,format_id) VALUES(62,888,2);
INSERT INTO Song (song_name,artist_id,duration) VALUES ("Thickfreakness - BBC Session",6,"00:03:26");
INSERT INTO AlbumSong (album_id,song_id,format_id) VALUES(62,889,1);
INSERT INTO AlbumSong (album_id,song_id,format_id) VALUES(62,889,2);
INSERT INTO Song (song_name,artist_id,duration) VALUES ("I’ll Be Your Man - BBC Session",6,"00:03:25");
INSERT INTO AlbumSong (album_id,song_id,format_id) VALUES(62,890,1);
INSERT INTO AlbumSong (album_id,song_id,format_id) VALUES(62,890,2);
INSERT INTO Song (song_name,artist_id,duration) VALUES ("Your Touch - BBC Session",6,"00:03:03");
INSERT INTO AlbumSong (album_id,song_id,format_id) VALUES(62,891,1);
INSERT INTO AlbumSong (album_id,song_id,format_id) VALUES(62,891,2);
INSERT INTO Song (song_name,artist_id,duration) VALUES ("Little Black Submarines - BBC Session",6,"00:04:45");
INSERT INTO AlbumSong (album_id,song_id,format_id) VALUES(62,892,1);
INSERT INTO AlbumSong (album_id,song_id,format_id) VALUES(62,892,2);
INSERT INTO Song (song_name,artist_id,duration) VALUES ("Dead and Gone - BBC Session",6,"00:04:04");
INSERT INTO AlbumSong (album_id,song_id,format_id) VALUES(62,893,1);
INSERT INTO AlbumSong (album_id,song_id,format_id) VALUES(62,893,2);
INSERT INTO Song (song_name,artist_id,duration) VALUES ("Tighten Up - BBC Session",6,"00:03:45");
INSERT INTO AlbumSong (album_id,song_id,format_id) VALUES(62,894,1);
INSERT INTO AlbumSong (album_id,song_id,format_id) VALUES(62,894,2);
INSERT INTO Song (song_name,artist_id,duration) VALUES ("Lonely Boy - BBC Session",6,"00:03:11");
INSERT INTO AlbumSong (album_id,song_id,format_id) VALUES(62,895,1);
INSERT INTO AlbumSong (album_id,song_id,format_id) VALUES(62,895,2);
INSERT INTO Song (song_name,artist_id,duration) VALUES ("I Got Mine - BBC Session",6,"00:05:30");
INSERT INTO AlbumSong (album_id,song_id,format_id) VALUES(62,896,1);
INSERT INTO AlbumSong (album_id,song_id,format_id) VALUES(62,896,2);
INSERT INTO Song (song_name,artist_id,duration) VALUES ("Dead and Gone - Electro-Vox Sessions",6,"00:03:47");
INSERT INTO AlbumSong (album_id,song_id,format_id) VALUES(62,897,1);
INSERT INTO AlbumSong (album_id,song_id,format_id) VALUES(62,897,2);
INSERT INTO Song (song_name,artist_id,duration) VALUES ("Gold on the Ceiling - Electro-Vox Sessions",6,"00:03:37");
INSERT INTO AlbumSong (album_id,song_id,format_id) VALUES(62,898,1);
INSERT INTO AlbumSong (album_id,song_id,format_id) VALUES(62,898,2);
INSERT INTO Song (song_name,artist_id,duration) VALUES ("Howlin’ for You - Electro-Vox Sessions",6,"00:03:25");
INSERT INTO AlbumSong (album_id,song_id,format_id) VALUES(62,899,1);
INSERT INTO AlbumSong (album_id,song_id,format_id) VALUES(62,899,2);
INSERT INTO Song (song_name,artist_id,duration) VALUES ("Lonely Boy - Electro-Vox Sessions",6,"00:03:15");
INSERT INTO AlbumSong (album_id,song_id,format_id) VALUES(62,900,1);
INSERT INTO AlbumSong (album_id,song_id,format_id) VALUES(62,900,2);
INSERT INTO Song (song_name,artist_id,duration) VALUES ("Money Maker - Electro-Vox Sessions",6,"00:02:59");
INSERT INTO AlbumSong (album_id,song_id,format_id) VALUES(62,901,1);
INSERT INTO AlbumSong (album_id,song_id,format_id) VALUES(62,901,2);
INSERT INTO Song (song_name,artist_id,duration) VALUES ("Next Girl - Electro-Vox Sessions",6,"00:03:02");
INSERT INTO AlbumSong (album_id,song_id,format_id) VALUES(62,902,1);
INSERT INTO AlbumSong (album_id,song_id,format_id) VALUES(62,902,2);
INSERT INTO Song (song_name,artist_id,duration) VALUES ("Run Right Back - Electro-Vox Sessions",6,"00:03:24");
INSERT INTO AlbumSong (album_id,song_id,format_id) VALUES(62,903,1);
INSERT INTO AlbumSong (album_id,song_id,format_id) VALUES(62,903,2);
INSERT INTO Song (song_name,artist_id,duration) VALUES ("Sister - Electro-Vox Sessions",6,"00:03:27");
INSERT INTO AlbumSong (album_id,song_id,format_id) VALUES(62,904,1);
INSERT INTO AlbumSong (album_id,song_id,format_id) VALUES(62,904,2);
INSERT INTO Album(album_id,album_name,artist_id,art_id,release_date) VALUES (62,"El Camino (10th Anniversary Super Deluxe Edition)",6,62,"2021-11-05");
INSERT INTO AlbumArt(path) VALUES ("/var/www/album_art/the_black_keys_delta_kream.jpg");
INSERT INTO Song (song_name,artist_id,duration) VALUES ("Crawling Kingsnake",6,"00:06:08");
INSERT INTO AlbumSong (album_id,song_id,format_id) VALUES(63,905,1);
INSERT INTO AlbumSong (album_id,song_id,format_id) VALUES(63,905,2);
INSERT INTO Song (song_name,artist_id,duration) VALUES ("Louise",6,"00:04:23");
INSERT INTO AlbumSong (album_id,song_id,format_id) VALUES(63,906,1);
INSERT INTO AlbumSong (album_id,song_id,format_id) VALUES(63,906,2);
INSERT INTO Song (song_name,artist_id,duration) VALUES ("Poor Boy a Long Way From Home",6,"00:04:08");
INSERT INTO AlbumSong (album_id,song_id,format_id) VALUES(63,907,1);
INSERT INTO AlbumSong (album_id,song_id,format_id) VALUES(63,907,2);
INSERT INTO Song (song_name,artist_id,duration) VALUES ("Stay All Night",6,"00:05:44");
INSERT INTO AlbumSong (album_id,song_id,format_id) VALUES(63,908,1);
INSERT INTO AlbumSong (album_id,song_id,format_id) VALUES(63,908,2);
INSERT INTO Song (song_name,artist_id,duration) VALUES ("Going Down South",6,"00:03:48");
INSERT INTO AlbumSong (album_id,song_id,format_id) VALUES(63,909,1);
INSERT INTO AlbumSong (album_id,song_id,format_id) VALUES(63,909,2);
INSERT INTO Song (song_name,artist_id,duration) VALUES ("Coal Black Mattie",6,"00:03:48");
INSERT INTO AlbumSong (album_id,song_id,format_id) VALUES(63,910,1);
INSERT INTO AlbumSong (album_id,song_id,format_id) VALUES(63,910,2);
INSERT INTO Song (song_name,artist_id,duration) VALUES ("Do the Romp",6,"00:05:01");
INSERT INTO AlbumSong (album_id,song_id,format_id) VALUES(63,911,1);
INSERT INTO AlbumSong (album_id,song_id,format_id) VALUES(63,911,2);
INSERT INTO Song (song_name,artist_id,duration) VALUES ("Sad Days, Lonely Nights",6,"00:05:57");
INSERT INTO AlbumSong (album_id,song_id,format_id) VALUES(63,912,1);
INSERT INTO AlbumSong (album_id,song_id,format_id) VALUES(63,912,2);
INSERT INTO Song (song_name,artist_id,duration) VALUES ("Walk with Me",6,"00:05:36");
INSERT INTO AlbumSong (album_id,song_id,format_id) VALUES(63,913,1);
INSERT INTO AlbumSong (album_id,song_id,format_id) VALUES(63,913,2);
INSERT INTO Song (song_name,artist_id,duration) VALUES ("Mellow Peaches",6,"00:03:47");
INSERT INTO AlbumSong (album_id,song_id,format_id) VALUES(63,914,1);
INSERT INTO AlbumSong (album_id,song_id,format_id) VALUES(63,914,2);
INSERT INTO Song (song_name,artist_id,duration) VALUES ("Come on and Go with Me",6,"00:05:55");
INSERT INTO AlbumSong (album_id,song_id,format_id) VALUES(63,915,1);
INSERT INTO AlbumSong (album_id,song_id,format_id) VALUES(63,915,2);
INSERT INTO Song (song_name,artist_id,duration) VALUES ("Crawling Kingsnake - Edit",6,"00:03:52");
INSERT INTO AlbumSong (album_id,song_id,format_id) VALUES(63,916,1);
INSERT INTO AlbumSong (album_id,song_id,format_id) VALUES(63,916,2);
INSERT INTO Album(album_id,album_name,artist_id,art_id,release_date) VALUES (63,"Delta Kream",6,63,"2021-05-14");
INSERT INTO AlbumArt(path) VALUES ("/var/www/album_art/the_black_keys_brothers_(deluxe_remastered_anniversary_edition).jpg");
INSERT INTO Song (song_name,artist_id,duration) VALUES ("Everlasting Light",6,"00:03:25");
INSERT INTO AlbumSong (album_id,song_id,format_id) VALUES(64,917,1);
INSERT INTO AlbumSong (album_id,song_id,format_id) VALUES(64,917,2);
INSERT INTO Song (song_name,artist_id,duration) VALUES ("Next Girl",6,"00:03:17");
INSERT INTO AlbumSong (album_id,song_id,format_id) VALUES(64,918,1);
INSERT INTO AlbumSong (album_id,song_id,format_id) VALUES(64,918,2);
INSERT INTO Song (song_name,artist_id,duration) VALUES ("Tighten Up",6,"00:03:31");
INSERT INTO AlbumSong (album_id,song_id,format_id) VALUES(64,919,1);
INSERT INTO AlbumSong (album_id,song_id,format_id) VALUES(64,919,2);
INSERT INTO Song (song_name,artist_id,duration) VALUES ("Howlin' for You",6,"00:03:11");
INSERT INTO AlbumSong (album_id,song_id,format_id) VALUES(64,920,1);
INSERT INTO AlbumSong (album_id,song_id,format_id) VALUES(64,920,2);
INSERT INTO Song (song_name,artist_id,duration) VALUES ("She's Long Gone",6,"00:03:06");
INSERT INTO AlbumSong (album_id,song_id,format_id) VALUES(64,921,1);
INSERT INTO AlbumSong (album_id,song_id,format_id) VALUES(64,921,2);
INSERT INTO Song (song_name,artist_id,duration) VALUES ("Black Mud",6,"00:02:09");
INSERT INTO AlbumSong (album_id,song_id,format_id) VALUES(64,922,1);
INSERT INTO AlbumSong (album_id,song_id,format_id) VALUES(64,922,2);
INSERT INTO Song (song_name,artist_id,duration) VALUES ("The Only One",6,"00:05:00");
INSERT INTO AlbumSong (album_id,song_id,format_id) VALUES(64,923,1);
INSERT INTO AlbumSong (album_id,song_id,format_id) VALUES(64,923,2);
INSERT INTO Song (song_name,artist_id,duration) VALUES ("Too Afraid to Love You",6,"00:03:25");
INSERT INTO AlbumSong (album_id,song_id,format_id) VALUES(64,924,1);
INSERT INTO AlbumSong (album_id,song_id,format_id) VALUES(64,924,2);
INSERT INTO Song (song_name,artist_id,duration) VALUES ("Ten Cent Pistol",6,"00:04:29");
INSERT INTO AlbumSong (album_id,song_id,format_id) VALUES(64,925,1);
INSERT INTO AlbumSong (album_id,song_id,format_id) VALUES(64,925,2);
INSERT INTO Song (song_name,artist_id,duration) VALUES ("Sinister Kid",6,"00:03:44");
INSERT INTO AlbumSong (album_id,song_id,format_id) VALUES(64,926,1);
INSERT INTO AlbumSong (album_id,song_id,format_id) VALUES(64,926,2);
INSERT INTO Song (song_name,artist_id,duration) VALUES ("The Go Getter",6,"00:03:37");
INSERT INTO AlbumSong (album_id,song_id,format_id) VALUES(64,927,1);
INSERT INTO AlbumSong (album_id,song_id,format_id) VALUES(64,927,2);
INSERT INTO Song (song_name,artist_id,duration) VALUES ("I'm Not the One",6,"00:03:49");
INSERT INTO AlbumSong (album_id,song_id,format_id) VALUES(64,928,1);
INSERT INTO AlbumSong (album_id,song_id,format_id) VALUES(64,928,2);
INSERT INTO Song (song_name,artist_id,duration) VALUES ("Unknown Brother",6,"00:04:00");
INSERT INTO AlbumSong (album_id,song_id,format_id) VALUES(64,929,1);
INSERT INTO AlbumSong (album_id,song_id,format_id) VALUES(64,929,2);
INSERT INTO Song (song_name,artist_id,duration) VALUES ("Never Gonna Give You Up",6,"00:03:39");
INSERT INTO AlbumSong (album_id,song_id,format_id) VALUES(64,930,1);
INSERT INTO AlbumSong (album_id,song_id,format_id) VALUES(64,930,2);
INSERT INTO Song (song_name,artist_id,duration) VALUES ("These Days",6,"00:05:12");
INSERT INTO AlbumSong (album_id,song_id,format_id) VALUES(64,931,1);
INSERT INTO AlbumSong (album_id,song_id,format_id) VALUES(64,931,2);
INSERT INTO Song (song_name,artist_id,duration) VALUES ("Chop and Change",6,"00:02:25");
INSERT INTO AlbumSong (album_id,song_id,format_id) VALUES(64,932,1);
INSERT INTO AlbumSong (album_id,song_id,format_id) VALUES(64,932,2);
INSERT INTO Song (song_name,artist_id,duration) VALUES ("Keep My Name Outta Your Mouth",6,"00:03:09");
INSERT INTO AlbumSong (album_id,song_id,format_id) VALUES(64,933,1);
INSERT INTO AlbumSong (album_id,song_id,format_id) VALUES(64,933,2);
INSERT INTO Song (song_name,artist_id,duration) VALUES ("Black Mud Part II",6,"00:02:39");
INSERT INTO AlbumSong (album_id,song_id,format_id) VALUES(64,934,1);
INSERT INTO AlbumSong (album_id,song_id,format_id) VALUES(64,934,2);
INSERT INTO Album(album_id,album_name,artist_id,art_id,release_date) VALUES (64,"Brothers (Deluxe Remastered Anniversary Edition)",6,64,"2020-12-18");
INSERT INTO AlbumArt(path) VALUES ("/var/www/album_art/the_black_keys__let's_rock_.jpg");
INSERT INTO Song (song_name,artist_id,duration) VALUES ("Shine A Little Light",6,"00:03:16");
INSERT INTO AlbumSong (album_id,song_id,format_id) VALUES(65,935,1);
INSERT INTO AlbumSong (album_id,song_id,format_id) VALUES(65,935,2);
INSERT INTO Song (song_name,artist_id,duration) VALUES ("Eagle Birds",6,"00:02:40");
INSERT INTO AlbumSong (album_id,song_id,format_id) VALUES(65,936,1);
INSERT INTO AlbumSong (album_id,song_id,format_id) VALUES(65,936,2);
INSERT INTO Song (song_name,artist_id,duration) VALUES ("Lo/Hi",6,"00:02:57");
INSERT INTO AlbumSong (album_id,song_id,format_id) VALUES(65,937,1);
INSERT INTO AlbumSong (album_id,song_id,format_id) VALUES(65,937,2);
INSERT INTO Song (song_name,artist_id,duration) VALUES ("Walk Across The Water",6,"00:03:55");
INSERT INTO AlbumSong (album_id,song_id,format_id) VALUES(65,938,1);
INSERT INTO AlbumSong (album_id,song_id,format_id) VALUES(65,938,2);
INSERT INTO Song (song_name,artist_id,duration) VALUES ("Tell Me Lies",6,"00:03:39");
INSERT INTO AlbumSong (album_id,song_id,format_id) VALUES(65,939,1);
INSERT INTO AlbumSong (album_id,song_id,format_id) VALUES(65,939,2);
INSERT INTO Song (song_name,artist_id,duration) VALUES ("Every Little Thing",6,"00:03:19");
INSERT INTO AlbumSong (album_id,song_id,format_id) VALUES(65,940,1);
INSERT INTO AlbumSong (album_id,song_id,format_id) VALUES(65,940,2);
INSERT INTO Song (song_name,artist_id,duration) VALUES ("Get Yourself Together",6,"00:03:56");
INSERT INTO AlbumSong (album_id,song_id,format_id) VALUES(65,941,1);
INSERT INTO AlbumSong (album_id,song_id,format_id) VALUES(65,941,2);
INSERT INTO Song (song_name,artist_id,duration) VALUES ("Sit Around And Miss You",6,"00:02:40");
INSERT INTO AlbumSong (album_id,song_id,format_id) VALUES(65,942,1);
INSERT INTO AlbumSong (album_id,song_id,format_id) VALUES(65,942,2);
INSERT INTO Song (song_name,artist_id,duration) VALUES ("Go",6,"00:02:26");
INSERT INTO AlbumSong (album_id,song_id,format_id) VALUES(65,943,1);
INSERT INTO AlbumSong (album_id,song_id,format_id) VALUES(65,943,2);
INSERT INTO Song (song_name,artist_id,duration) VALUES ("Breaking Down",6,"00:03:25");
INSERT INTO AlbumSong (album_id,song_id,format_id) VALUES(65,944,1);
INSERT INTO AlbumSong (album_id,song_id,format_id) VALUES(65,944,2);
INSERT INTO Song (song_name,artist_id,duration) VALUES ("Under The Gun",6,"00:03:16");
INSERT INTO AlbumSong (album_id,song_id,format_id) VALUES(65,945,1);
INSERT INTO AlbumSong (album_id,song_id,format_id) VALUES(65,945,2);
INSERT INTO Song (song_name,artist_id,duration) VALUES ("Fire Walk With Me",6,"00:02:58");
INSERT INTO AlbumSong (album_id,song_id,format_id) VALUES(65,946,1);
INSERT INTO AlbumSong (album_id,song_id,format_id) VALUES(65,946,2);
INSERT INTO Album(album_id,album_name,artist_id,art_id,release_date) VALUES (65,"Let's Rock",6,65,"2019-06-28");
INSERT INTO AlbumArt(path) VALUES ("/var/www/album_art/the_black_keys_turn_blue.jpg");
INSERT INTO Song (song_name,artist_id,duration) VALUES ("Weight of Love",6,"00:06:50");
INSERT INTO AlbumSong (album_id,song_id,format_id) VALUES(66,947,1);
INSERT INTO AlbumSong (album_id,song_id,format_id) VALUES(66,947,2);
INSERT INTO Song (song_name,artist_id,duration) VALUES ("In Time",6,"00:04:28");
INSERT INTO AlbumSong (album_id,song_id,format_id) VALUES(66,948,1);
INSERT INTO AlbumSong (album_id,song_id,format_id) VALUES(66,948,2);
INSERT INTO Song (song_name,artist_id,duration) VALUES ("Turn Blue",6,"00:03:42");
INSERT INTO AlbumSong (album_id,song_id,format_id) VALUES(66,949,1);
INSERT INTO AlbumSong (album_id,song_id,format_id) VALUES(66,949,2);
INSERT INTO Song (song_name,artist_id,duration) VALUES ("Fever",6,"00:04:06");
INSERT INTO AlbumSong (album_id,song_id,format_id) VALUES(66,950,1);
INSERT INTO AlbumSong (album_id,song_id,format_id) VALUES(66,950,2);
INSERT INTO Song (song_name,artist_id,duration) VALUES ("Year in Review",6,"00:03:48");
INSERT INTO AlbumSong (album_id,song_id,format_id) VALUES(66,951,1);
INSERT INTO AlbumSong (album_id,song_id,format_id) VALUES(66,951,2);
INSERT INTO Song (song_name,artist_id,duration) VALUES ("Bullet in the Brain",6,"00:04:15");
INSERT INTO AlbumSong (album_id,song_id,format_id) VALUES(66,952,1);
INSERT INTO AlbumSong (album_id,song_id,format_id) VALUES(66,952,2);
INSERT INTO Song (song_name,artist_id,duration) VALUES ("It's Up to You Now",6,"00:03:10");
INSERT INTO AlbumSong (album_id,song_id,format_id) VALUES(66,953,1);
INSERT INTO AlbumSong (album_id,song_id,format_id) VALUES(66,953,2);
INSERT INTO Song (song_name,artist_id,duration) VALUES ("Waiting on Words",6,"00:03:37");
INSERT INTO AlbumSong (album_id,song_id,format_id) VALUES(66,954,1);
INSERT INTO AlbumSong (album_id,song_id,format_id) VALUES(66,954,2);
INSERT INTO Song (song_name,artist_id,duration) VALUES ("10 Lovers",6,"00:03:33");
INSERT INTO AlbumSong (album_id,song_id,format_id) VALUES(66,955,1);
INSERT INTO AlbumSong (album_id,song_id,format_id) VALUES(66,955,2);
INSERT INTO Song (song_name,artist_id,duration) VALUES ("In Our Prime",6,"00:04:38");
INSERT INTO AlbumSong (album_id,song_id,format_id) VALUES(66,956,1);
INSERT INTO AlbumSong (album_id,song_id,format_id) VALUES(66,956,2);
INSERT INTO Song (song_name,artist_id,duration) VALUES ("Gotta Get Away",6,"00:03:00");
INSERT INTO AlbumSong (album_id,song_id,format_id) VALUES(66,957,1);
INSERT INTO AlbumSong (album_id,song_id,format_id) VALUES(66,957,2);
INSERT INTO Album(album_id,album_name,artist_id,art_id,release_date) VALUES (66,"Turn Blue",6,66,"2014-05-09");
INSERT INTO AlbumArt(path) VALUES ("/var/www/album_art/the_black_keys_el_camino.jpg");
INSERT INTO Song (song_name,artist_id,duration) VALUES ("Lonely Boy",6,"00:03:13");
INSERT INTO AlbumSong (album_id,song_id,format_id) VALUES(67,958,1);
INSERT INTO AlbumSong (album_id,song_id,format_id) VALUES(67,958,2);
INSERT INTO Song (song_name,artist_id,duration) VALUES ("Dead and Gone",6,"00:03:41");
INSERT INTO AlbumSong (album_id,song_id,format_id) VALUES(67,959,1);
INSERT INTO AlbumSong (album_id,song_id,format_id) VALUES(67,959,2);
INSERT INTO Song (song_name,artist_id,duration) VALUES ("Gold on the Ceiling",6,"00:03:44");
INSERT INTO AlbumSong (album_id,song_id,format_id) VALUES(67,960,1);
INSERT INTO AlbumSong (album_id,song_id,format_id) VALUES(67,960,2);
INSERT INTO Song (song_name,artist_id,duration) VALUES ("Little Black Submarines",6,"00:04:11");
INSERT INTO AlbumSong (album_id,song_id,format_id) VALUES(67,961,1);
INSERT INTO AlbumSong (album_id,song_id,format_id) VALUES(67,961,2);
INSERT INTO Song (song_name,artist_id,duration) VALUES ("Money Maker",6,"00:02:57");
INSERT INTO AlbumSong (album_id,song_id,format_id) VALUES(67,962,1);
INSERT INTO AlbumSong (album_id,song_id,format_id) VALUES(67,962,2);
INSERT INTO Song (song_name,artist_id,duration) VALUES ("Run Right Back",6,"00:03:17");
INSERT INTO AlbumSong (album_id,song_id,format_id) VALUES(67,963,1);
INSERT INTO AlbumSong (album_id,song_id,format_id) VALUES(67,963,2);
INSERT INTO Song (song_name,artist_id,duration) VALUES ("Sister",6,"00:03:25");
INSERT INTO AlbumSong (album_id,song_id,format_id) VALUES(67,964,1);
INSERT INTO AlbumSong (album_id,song_id,format_id) VALUES(67,964,2);
INSERT INTO Song (song_name,artist_id,duration) VALUES ("Hell of a Season",6,"00:03:45");
INSERT INTO AlbumSong (album_id,song_id,format_id) VALUES(67,965,1);
INSERT INTO AlbumSong (album_id,song_id,format_id) VALUES(67,965,2);
INSERT INTO Song (song_name,artist_id,duration) VALUES ("Stop Stop",6,"00:03:29");
INSERT INTO AlbumSong (album_id,song_id,format_id) VALUES(67,966,1);
INSERT INTO AlbumSong (album_id,song_id,format_id) VALUES(67,966,2);
INSERT INTO Song (song_name,artist_id,duration) VALUES ("Nova Baby",6,"00:03:27");
INSERT INTO AlbumSong (album_id,song_id,format_id) VALUES(67,967,1);
INSERT INTO AlbumSong (album_id,song_id,format_id) VALUES(67,967,2);
INSERT INTO Song (song_name,artist_id,duration) VALUES ("Mind Eraser",6,"00:03:14");
INSERT INTO AlbumSong (album_id,song_id,format_id) VALUES(67,968,1);
INSERT INTO AlbumSong (album_id,song_id,format_id) VALUES(67,968,2);
INSERT INTO Album(album_id,album_name,artist_id,art_id,release_date) VALUES (67,"El Camino",6,67,"2011-12-06");
INSERT INTO AlbumArt(path) VALUES ("/var/www/album_art/the_black_keys_brothers.jpg");
INSERT INTO Song (song_name,artist_id,duration) VALUES ("Everlasting Light",6,"00:03:23");
INSERT INTO AlbumSong (album_id,song_id,format_id) VALUES(68,969,1);
INSERT INTO AlbumSong (album_id,song_id,format_id) VALUES(68,969,2);
INSERT INTO Song (song_name,artist_id,duration) VALUES ("Next Girl",6,"00:03:18");
INSERT INTO AlbumSong (album_id,song_id,format_id) VALUES(68,970,1);
INSERT INTO AlbumSong (album_id,song_id,format_id) VALUES(68,970,2);
INSERT INTO AlbumSong (album_id,song_id,format_id) VALUES(68,919,1);
INSERT INTO AlbumSong (album_id,song_id,format_id) VALUES(68,919,2);
INSERT INTO AlbumSong (album_id,song_id,format_id) VALUES(68,920,1);
INSERT INTO AlbumSong (album_id,song_id,format_id) VALUES(68,920,2);
INSERT INTO AlbumSong (album_id,song_id,format_id) VALUES(68,921,1);
INSERT INTO AlbumSong (album_id,song_id,format_id) VALUES(68,921,2);
INSERT INTO AlbumSong (album_id,song_id,format_id) VALUES(68,922,1);
INSERT INTO AlbumSong (album_id,song_id,format_id) VALUES(68,922,2);
INSERT INTO AlbumSong (album_id,song_id,format_id) VALUES(68,923,1);
INSERT INTO AlbumSong (album_id,song_id,format_id) VALUES(68,923,2);
INSERT INTO Song (song_name,artist_id,duration) VALUES ("Too Afraid to Love You",6,"00:03:24");
INSERT INTO AlbumSong (album_id,song_id,format_id) VALUES(68,971,1);
INSERT INTO AlbumSong (album_id,song_id,format_id) VALUES(68,971,2);
INSERT INTO AlbumSong (album_id,song_id,format_id) VALUES(68,925,1);
INSERT INTO AlbumSong (album_id,song_id,format_id) VALUES(68,925,2);
INSERT INTO AlbumSong (album_id,song_id,format_id) VALUES(68,926,1);
INSERT INTO AlbumSong (album_id,song_id,format_id) VALUES(68,926,2);
INSERT INTO Song (song_name,artist_id,duration) VALUES ("The Go Getter",6,"00:03:36");
INSERT INTO AlbumSong (album_id,song_id,format_id) VALUES(68,972,1);
INSERT INTO AlbumSong (album_id,song_id,format_id) VALUES(68,972,2);
INSERT INTO AlbumSong (album_id,song_id,format_id) VALUES(68,928,1);
INSERT INTO AlbumSong (album_id,song_id,format_id) VALUES(68,928,2);
INSERT INTO Song (song_name,artist_id,duration) VALUES ("Unknown Brother",6,"00:03:59");
INSERT INTO AlbumSong (album_id,song_id,format_id) VALUES(68,973,1);
INSERT INTO AlbumSong (album_id,song_id,format_id) VALUES(68,973,2);
INSERT INTO Song (song_name,artist_id,duration) VALUES ("Never Gonna Give You Up",6,"00:03:38");
INSERT INTO AlbumSong (album_id,song_id,format_id) VALUES(68,974,1);
INSERT INTO AlbumSong (album_id,song_id,format_id) VALUES(68,974,2);
INSERT INTO Song (song_name,artist_id,duration) VALUES ("These Days",6,"00:05:11");
INSERT INTO AlbumSong (album_id,song_id,format_id) VALUES(68,975,1);
INSERT INTO AlbumSong (album_id,song_id,format_id) VALUES(68,975,2);
INSERT INTO Album(album_id,album_name,artist_id,art_id,release_date) VALUES (68,"Brothers",6,68,"2010-05-18");
INSERT INTO AlbumArt(path) VALUES ("/var/www/album_art/the_black_keys_attack_&_release.jpg");
INSERT INTO Song (song_name,artist_id,duration) VALUES ("All You Ever Wanted",6,"00:02:56");
INSERT INTO AlbumSong (album_id,song_id,format_id) VALUES(69,976,1);
INSERT INTO AlbumSong (album_id,song_id,format_id) VALUES(69,976,2);
INSERT INTO Song (song_name,artist_id,duration) VALUES ("I Got Mine",6,"00:03:59");
INSERT INTO AlbumSong (album_id,song_id,format_id) VALUES(69,977,1);
INSERT INTO AlbumSong (album_id,song_id,format_id) VALUES(69,977,2);
INSERT INTO Song (song_name,artist_id,duration) VALUES ("Strange Times",6,"00:03:10");
INSERT INTO AlbumSong (album_id,song_id,format_id) VALUES(69,978,1);
INSERT INTO AlbumSong (album_id,song_id,format_id) VALUES(69,978,2);
INSERT INTO Song (song_name,artist_id,duration) VALUES ("Psychotic Girl",6,"00:04:10");
INSERT INTO AlbumSong (album_id,song_id,format_id) VALUES(69,979,1);
INSERT INTO AlbumSong (album_id,song_id,format_id) VALUES(69,979,2);
INSERT INTO Song (song_name,artist_id,duration) VALUES ("Lies",6,"00:03:59");
INSERT INTO AlbumSong (album_id,song_id,format_id) VALUES(69,980,1);
INSERT INTO AlbumSong (album_id,song_id,format_id) VALUES(69,980,2);
INSERT INTO Song (song_name,artist_id,duration) VALUES ("Remember When (Side A)",6,"00:03:21");
INSERT INTO AlbumSong (album_id,song_id,format_id) VALUES(69,981,1);
INSERT INTO AlbumSong (album_id,song_id,format_id) VALUES(69,981,2);
INSERT INTO Song (song_name,artist_id,duration) VALUES ("Remember When (Side B)",6,"00:02:11");
INSERT INTO AlbumSong (album_id,song_id,format_id) VALUES(69,982,1);
INSERT INTO AlbumSong (album_id,song_id,format_id) VALUES(69,982,2);
INSERT INTO Song (song_name,artist_id,duration) VALUES ("Same Old Thing",6,"00:03:09");
INSERT INTO AlbumSong (album_id,song_id,format_id) VALUES(69,983,1);
INSERT INTO AlbumSong (album_id,song_id,format_id) VALUES(69,983,2);
INSERT INTO Song (song_name,artist_id,duration) VALUES ("So He Won't Break",6,"00:04:12");
INSERT INTO AlbumSong (album_id,song_id,format_id) VALUES(69,984,1);
INSERT INTO AlbumSong (album_id,song_id,format_id) VALUES(69,984,2);
INSERT INTO Song (song_name,artist_id,duration) VALUES ("Oceans & Streams",6,"00:03:25");
INSERT INTO AlbumSong (album_id,song_id,format_id) VALUES(69,985,1);
INSERT INTO AlbumSong (album_id,song_id,format_id) VALUES(69,985,2);
INSERT INTO Song (song_name,artist_id,duration) VALUES ("Things Ain't Like They Used to Be",6,"00:04:36");
INSERT INTO AlbumSong (album_id,song_id,format_id) VALUES(69,986,1);
INSERT INTO AlbumSong (album_id,song_id,format_id) VALUES(69,986,2);
INSERT INTO Album(album_id,album_name,artist_id,art_id,release_date) VALUES (69,"Attack & Release",6,69,"2008-04-01");
INSERT INTO AlbumArt(path) VALUES ("/var/www/album_art/the_black_keys_magic_potion.jpg");
INSERT INTO Song (song_name,artist_id,duration) VALUES ("Just Got to Be",6,"00:03:00");
INSERT INTO AlbumSong (album_id,song_id,format_id) VALUES(70,987,1);
INSERT INTO AlbumSong (album_id,song_id,format_id) VALUES(70,987,2);
INSERT INTO Song (song_name,artist_id,duration) VALUES ("Your Touch",6,"00:02:42");
INSERT INTO AlbumSong (album_id,song_id,format_id) VALUES(70,988,1);
INSERT INTO AlbumSong (album_id,song_id,format_id) VALUES(70,988,2);
INSERT INTO Song (song_name,artist_id,duration) VALUES ("You're the One",6,"00:03:28");
INSERT INTO AlbumSong (album_id,song_id,format_id) VALUES(70,989,1);
INSERT INTO AlbumSong (album_id,song_id,format_id) VALUES(70,989,2);
INSERT INTO Song (song_name,artist_id,duration) VALUES ("Just a Little Heat",6,"00:03:41");
INSERT INTO AlbumSong (album_id,song_id,format_id) VALUES(70,990,1);
INSERT INTO AlbumSong (album_id,song_id,format_id) VALUES(70,990,2);
INSERT INTO Song (song_name,artist_id,duration) VALUES ("Give Your Heart Away",6,"00:03:26");
INSERT INTO AlbumSong (album_id,song_id,format_id) VALUES(70,991,1);
INSERT INTO AlbumSong (album_id,song_id,format_id) VALUES(70,991,2);
INSERT INTO Song (song_name,artist_id,duration) VALUES ("Strange Desire",6,"00:04:20");
INSERT INTO AlbumSong (album_id,song_id,format_id) VALUES(70,992,1);
INSERT INTO AlbumSong (album_id,song_id,format_id) VALUES(70,992,2);
INSERT INTO Song (song_name,artist_id,duration) VALUES ("Modern Times",6,"00:04:20");
INSERT INTO AlbumSong (album_id,song_id,format_id) VALUES(70,993,1);
INSERT INTO AlbumSong (album_id,song_id,format_id) VALUES(70,993,2);
INSERT INTO Song (song_name,artist_id,duration) VALUES ("The Flame",6,"00:04:35");
INSERT INTO AlbumSong (album_id,song_id,format_id) VALUES(70,994,1);
INSERT INTO AlbumSong (album_id,song_id,format_id) VALUES(70,994,2);
INSERT INTO Song (song_name,artist_id,duration) VALUES ("Goodbye Babylon",6,"00:05:55");
INSERT INTO AlbumSong (album_id,song_id,format_id) VALUES(70,995,1);
INSERT INTO AlbumSong (album_id,song_id,format_id) VALUES(70,995,2);
INSERT INTO Song (song_name,artist_id,duration) VALUES ("Black Door",6,"00:03:30");
INSERT INTO AlbumSong (album_id,song_id,format_id) VALUES(70,996,1);
INSERT INTO AlbumSong (album_id,song_id,format_id) VALUES(70,996,2);
INSERT INTO Song (song_name,artist_id,duration) VALUES ("Elevator",6,"00:03:43");
INSERT INTO AlbumSong (album_id,song_id,format_id) VALUES(70,997,1);
INSERT INTO AlbumSong (album_id,song_id,format_id) VALUES(70,997,2);
INSERT INTO Album(album_id,album_name,artist_id,art_id,release_date) VALUES (70,"Magic Potion",6,70,"2006-09-12");
INSERT INTO AlbumArt(path) VALUES ("/var/www/album_art/the_black_keys_chulahoma.jpg");
INSERT INTO Song (song_name,artist_id,duration) VALUES ("Keep Your Hands off Her",6,"00:03:06");
INSERT INTO AlbumSong (album_id,song_id,format_id) VALUES(71,998,1);
INSERT INTO AlbumSong (album_id,song_id,format_id) VALUES(71,998,2);
INSERT INTO Song (song_name,artist_id,duration) VALUES ("Have Mercy on Me",6,"00:04:42");
INSERT INTO AlbumSong (album_id,song_id,format_id) VALUES(71,999,1);
INSERT INTO AlbumSong (album_id,song_id,format_id) VALUES(71,999,2);
INSERT INTO Song (song_name,artist_id,duration) VALUES ("Work Me",6,"00:04:15");
INSERT INTO AlbumSong (album_id,song_id,format_id) VALUES(71,1000,1);
INSERT INTO AlbumSong (album_id,song_id,format_id) VALUES(71,1000,2);
INSERT INTO Song (song_name,artist_id,duration) VALUES ("Meet Me in the City",6,"00:03:38");
INSERT INTO AlbumSong (album_id,song_id,format_id) VALUES(71,1001,1);
INSERT INTO AlbumSong (album_id,song_id,format_id) VALUES(71,1001,2);
INSERT INTO Song (song_name,artist_id,duration) VALUES ("Nobody but You",6,"00:05:21");
INSERT INTO AlbumSong (album_id,song_id,format_id) VALUES(71,1002,1);
INSERT INTO AlbumSong (album_id,song_id,format_id) VALUES(71,1002,2);
INSERT INTO Song (song_name,artist_id,duration) VALUES ("My Mind Is Ramblin",6,"00:06:45");
INSERT INTO AlbumSong (album_id,song_id,format_id) VALUES(71,1003,1);
INSERT INTO AlbumSong (album_id,song_id,format_id) VALUES(71,1003,2);
INSERT INTO Song (song_name,artist_id,duration) VALUES ("Junior's Widow",6,"00:00:32");
INSERT INTO AlbumSong (album_id,song_id,format_id) VALUES(71,1004,1);
INSERT INTO AlbumSong (album_id,song_id,format_id) VALUES(71,1004,2);
INSERT INTO Song (song_name,artist_id,duration) VALUES ("Junior's Instrumental",6,"00:02:24");
INSERT INTO AlbumSong (album_id,song_id,format_id) VALUES(71,1005,1);
INSERT INTO AlbumSong (album_id,song_id,format_id) VALUES(71,1005,2);
INSERT INTO Album(album_id,album_name,artist_id,art_id,release_date) VALUES (71,"Chulahoma",6,71,"2006-05-02");
INSERT INTO AlbumArt(path) VALUES ("/var/www/album_art/the_black_keys_rubber_factory.jpg");
INSERT INTO Song (song_name,artist_id,duration) VALUES ("When the Lights Go Out",6,"00:03:23");
INSERT INTO AlbumSong (album_id,song_id,format_id) VALUES(72,1006,1);
INSERT INTO AlbumSong (album_id,song_id,format_id) VALUES(72,1006,2);
INSERT INTO Song (song_name,artist_id,duration) VALUES ("10 A.M. Automatic",6,"00:02:59");
INSERT INTO AlbumSong (album_id,song_id,format_id) VALUES(72,1007,1);
INSERT INTO AlbumSong (album_id,song_id,format_id) VALUES(72,1007,2);
INSERT INTO Song (song_name,artist_id,duration) VALUES ("Just Couldn't Tie Me Down",6,"00:02:57");
INSERT INTO AlbumSong (album_id,song_id,format_id) VALUES(72,1008,1);
INSERT INTO AlbumSong (album_id,song_id,format_id) VALUES(72,1008,2);
INSERT INTO Song (song_name,artist_id,duration) VALUES ("All Hands Against His Own",6,"00:03:16");
INSERT INTO AlbumSong (album_id,song_id,format_id) VALUES(72,1009,1);
INSERT INTO AlbumSong (album_id,song_id,format_id) VALUES(72,1009,2);
INSERT INTO Song (song_name,artist_id,duration) VALUES ("The Desperate Man",6,"00:03:54");
INSERT INTO AlbumSong (album_id,song_id,format_id) VALUES(72,1010,1);
INSERT INTO AlbumSong (album_id,song_id,format_id) VALUES(72,1010,2);
INSERT INTO Song (song_name,artist_id,duration) VALUES ("Girl Is on My Mind",6,"00:03:28");
INSERT INTO AlbumSong (album_id,song_id,format_id) VALUES(72,1011,1);
INSERT INTO AlbumSong (album_id,song_id,format_id) VALUES(72,1011,2);
INSERT INTO Song (song_name,artist_id,duration) VALUES ("The Lengths",6,"00:04:54");
INSERT INTO AlbumSong (album_id,song_id,format_id) VALUES(72,1012,1);
INSERT INTO AlbumSong (album_id,song_id,format_id) VALUES(72,1012,2);
INSERT INTO Song (song_name,artist_id,duration) VALUES ("Grown so Ugly",6,"00:02:27");
INSERT INTO AlbumSong (album_id,song_id,format_id) VALUES(72,1013,1);
INSERT INTO AlbumSong (album_id,song_id,format_id) VALUES(72,1013,2);
INSERT INTO Song (song_name,artist_id,duration) VALUES ("Stack Shot Billy",6,"00:03:21");
INSERT INTO AlbumSong (album_id,song_id,format_id) VALUES(72,1014,1);
INSERT INTO AlbumSong (album_id,song_id,format_id) VALUES(72,1014,2);
INSERT INTO Song (song_name,artist_id,duration) VALUES ("Act Nice and Gentle",6,"00:02:41");
INSERT INTO AlbumSong (album_id,song_id,format_id) VALUES(72,1015,1);
INSERT INTO AlbumSong (album_id,song_id,format_id) VALUES(72,1015,2);
INSERT INTO Song (song_name,artist_id,duration) VALUES ("Aeroplane Blues",6,"00:02:50");
INSERT INTO AlbumSong (album_id,song_id,format_id) VALUES(72,1016,1);
INSERT INTO AlbumSong (album_id,song_id,format_id) VALUES(72,1016,2);
INSERT INTO Song (song_name,artist_id,duration) VALUES ("Keep Me",6,"00:02:52");
INSERT INTO AlbumSong (album_id,song_id,format_id) VALUES(72,1017,1);
INSERT INTO AlbumSong (album_id,song_id,format_id) VALUES(72,1017,2);
INSERT INTO Song (song_name,artist_id,duration) VALUES ("Till I Get My Way",6,"00:02:31");
INSERT INTO AlbumSong (album_id,song_id,format_id) VALUES(72,1018,1);
INSERT INTO AlbumSong (album_id,song_id,format_id) VALUES(72,1018,2);
INSERT INTO Album(album_id,album_name,artist_id,art_id,release_date) VALUES (72,"Rubber Factory",6,72,"2004-01-01");
INSERT INTO AlbumArt(path) VALUES ("/var/www/album_art/the_black_keys_thickfreakness.jpg");
INSERT INTO Song (song_name,artist_id,duration) VALUES ("Thickfreakness",6,"00:03:48");
INSERT INTO AlbumSong (album_id,song_id,format_id) VALUES(73,1019,1);
INSERT INTO AlbumSong (album_id,song_id,format_id) VALUES(73,1019,2);
INSERT INTO Song (song_name,artist_id,duration) VALUES ("Hard Row",6,"00:03:15");
INSERT INTO AlbumSong (album_id,song_id,format_id) VALUES(73,1020,1);
INSERT INTO AlbumSong (album_id,song_id,format_id) VALUES(73,1020,2);
INSERT INTO Song (song_name,artist_id,duration) VALUES ("Set You Free",6,"00:02:46");
INSERT INTO AlbumSong (album_id,song_id,format_id) VALUES(73,1021,1);
INSERT INTO AlbumSong (album_id,song_id,format_id) VALUES(73,1021,2);
INSERT INTO Song (song_name,artist_id,duration) VALUES ("Midnight in Her Eyes",6,"00:04:03");
INSERT INTO AlbumSong (album_id,song_id,format_id) VALUES(73,1022,1);
INSERT INTO AlbumSong (album_id,song_id,format_id) VALUES(73,1022,2);
INSERT INTO Song (song_name,artist_id,duration) VALUES ("Have Love Will Travel",6,"00:03:04");
INSERT INTO AlbumSong (album_id,song_id,format_id) VALUES(73,1023,1);
INSERT INTO AlbumSong (album_id,song_id,format_id) VALUES(73,1023,2);
INSERT INTO Song (song_name,artist_id,duration) VALUES ("Hurt Like Mine",6,"00:03:27");
INSERT INTO AlbumSong (album_id,song_id,format_id) VALUES(73,1024,1);
INSERT INTO AlbumSong (album_id,song_id,format_id) VALUES(73,1024,2);
INSERT INTO Song (song_name,artist_id,duration) VALUES ("Everywhere I Go",6,"00:05:40");
INSERT INTO AlbumSong (album_id,song_id,format_id) VALUES(73,1025,1);
INSERT INTO AlbumSong (album_id,song_id,format_id) VALUES(73,1025,2);
INSERT INTO Song (song_name,artist_id,duration) VALUES ("No Trust",6,"00:03:38");
INSERT INTO AlbumSong (album_id,song_id,format_id) VALUES(73,1026,1);
INSERT INTO AlbumSong (album_id,song_id,format_id) VALUES(73,1026,2);
INSERT INTO Song (song_name,artist_id,duration) VALUES ("If You See Me",6,"00:02:52");
INSERT INTO AlbumSong (album_id,song_id,format_id) VALUES(73,1027,1);
INSERT INTO AlbumSong (album_id,song_id,format_id) VALUES(73,1027,2);
INSERT INTO Song (song_name,artist_id,duration) VALUES ("Hold Me in Your Arms",6,"00:03:19");
INSERT INTO AlbumSong (album_id,song_id,format_id) VALUES(73,1028,1);
INSERT INTO AlbumSong (album_id,song_id,format_id) VALUES(73,1028,2);
INSERT INTO Song (song_name,artist_id,duration) VALUES ("I Cry Alone",6,"00:02:48");
INSERT INTO AlbumSong (album_id,song_id,format_id) VALUES(73,1029,1);
INSERT INTO AlbumSong (album_id,song_id,format_id) VALUES(73,1029,2);
INSERT INTO Album(album_id,album_name,artist_id,art_id,release_date) VALUES (73,"Thickfreakness",6,73,"2003-01-01");
INSERT INTO AlbumArt(path) VALUES ("/var/www/album_art/the_black_keys_the_big_come_up.jpg");
INSERT INTO Song (song_name,artist_id,duration) VALUES ("Busted",6,"00:02:33");
INSERT INTO AlbumSong (album_id,song_id,format_id) VALUES(74,1030,1);
INSERT INTO AlbumSong (album_id,song_id,format_id) VALUES(74,1030,2);
INSERT INTO Song (song_name,artist_id,duration) VALUES ("Do the Rump",6,"00:02:37");
INSERT INTO AlbumSong (album_id,song_id,format_id) VALUES(74,1031,1);
INSERT INTO AlbumSong (album_id,song_id,format_id) VALUES(74,1031,2);
INSERT INTO Song (song_name,artist_id,duration) VALUES ("I'll Be Your Man",6,"00:02:20");
INSERT INTO AlbumSong (album_id,song_id,format_id) VALUES(74,1032,1);
INSERT INTO AlbumSong (album_id,song_id,format_id) VALUES(74,1032,2);
INSERT INTO Song (song_name,artist_id,duration) VALUES ("Countdown",6,"00:02:38");
INSERT INTO AlbumSong (album_id,song_id,format_id) VALUES(74,1033,1);
INSERT INTO AlbumSong (album_id,song_id,format_id) VALUES(74,1033,2);
INSERT INTO Song (song_name,artist_id,duration) VALUES ("The Breaks",6,"00:03:01");
INSERT INTO AlbumSong (album_id,song_id,format_id) VALUES(74,1034,1);
INSERT INTO AlbumSong (album_id,song_id,format_id) VALUES(74,1034,2);
INSERT INTO Song (song_name,artist_id,duration) VALUES ("Run Me Down",6,"00:02:27");
INSERT INTO AlbumSong (album_id,song_id,format_id) VALUES(74,1035,1);
INSERT INTO AlbumSong (album_id,song_id,format_id) VALUES(74,1035,2);
INSERT INTO Song (song_name,artist_id,duration) VALUES ("Leavin' Trunk",6,"00:03:00");
INSERT INTO AlbumSong (album_id,song_id,format_id) VALUES(74,1036,1);
INSERT INTO AlbumSong (album_id,song_id,format_id) VALUES(74,1036,2);
INSERT INTO Song (song_name,artist_id,duration) VALUES ("Heavy Soul",6,"00:02:08");
INSERT INTO AlbumSong (album_id,song_id,format_id) VALUES(74,1037,1);
INSERT INTO AlbumSong (album_id,song_id,format_id) VALUES(74,1037,2);
INSERT INTO Song (song_name,artist_id,duration) VALUES ("She Said, She Said",6,"00:02:32");
INSERT INTO AlbumSong (album_id,song_id,format_id) VALUES(74,1038,1);
INSERT INTO AlbumSong (album_id,song_id,format_id) VALUES(74,1038,2);
INSERT INTO Song (song_name,artist_id,duration) VALUES ("Them Eyes",6,"00:02:23");
INSERT INTO AlbumSong (album_id,song_id,format_id) VALUES(74,1039,1);
INSERT INTO AlbumSong (album_id,song_id,format_id) VALUES(74,1039,2);
INSERT INTO Song (song_name,artist_id,duration) VALUES ("Yearnin'",6,"00:01:58");
INSERT INTO AlbumSong (album_id,song_id,format_id) VALUES(74,1040,1);
INSERT INTO AlbumSong (album_id,song_id,format_id) VALUES(74,1040,2);
INSERT INTO Song (song_name,artist_id,duration) VALUES ("Brooklyn Bound",6,"00:03:11");
INSERT INTO AlbumSong (album_id,song_id,format_id) VALUES(74,1041,1);
INSERT INTO AlbumSong (album_id,song_id,format_id) VALUES(74,1041,2);
INSERT INTO Song (song_name,artist_id,duration) VALUES ("240 Years Before Your Time",6,"00:23:20");
INSERT INTO AlbumSong (album_id,song_id,format_id) VALUES(74,1042,1);
INSERT INTO AlbumSong (album_id,song_id,format_id) VALUES(74,1042,2);
INSERT INTO Album(album_id,album_name,artist_id,art_id,release_date) VALUES (74,"The Big Come Up",6,74,"2002-05-14");
INSERT INTO Artist (artist_name,genre_id,description) VALUES ("Arcade Fire",1,"");
INSERT INTO AlbumArt(path) VALUES ("/var/www/album_art/arcade_fire_we.jpg");
INSERT INTO Song (song_name,artist_id,duration) VALUES ("Age of Anxiety I",7,"00:05:27");
INSERT INTO AlbumSong (album_id,song_id,format_id) VALUES(75,1043,1);
INSERT INTO AlbumSong (album_id,song_id,format_id) VALUES(75,1043,2);
INSERT INTO Song (song_name,artist_id,duration) VALUES ("Age of Anxiety II (Rabbit Hole)",7,"00:06:41");
INSERT INTO AlbumSong (album_id,song_id,format_id) VALUES(75,1044,1);
INSERT INTO AlbumSong (album_id,song_id,format_id) VALUES(75,1044,2);
INSERT INTO Song (song_name,artist_id,duration) VALUES ("Prelude",7,"00:00:30");
INSERT INTO AlbumSong (album_id,song_id,format_id) VALUES(75,1045,1);
INSERT INTO AlbumSong (album_id,song_id,format_id) VALUES(75,1045,2);
INSERT INTO Song (song_name,artist_id,duration) VALUES ("End of The Empire I-III",7,"00:05:23");
INSERT INTO AlbumSong (album_id,song_id,format_id) VALUES(75,1046,1);
INSERT INTO AlbumSong (album_id,song_id,format_id) VALUES(75,1046,2);
INSERT INTO Song (song_name,artist_id,duration) VALUES ("End of the Empire IV (Sagittarius A*)",7,"00:03:54");
INSERT INTO AlbumSong (album_id,song_id,format_id) VALUES(75,1047,1);
INSERT INTO AlbumSong (album_id,song_id,format_id) VALUES(75,1047,2);
INSERT INTO Song (song_name,artist_id,duration) VALUES ("The Lightning I",7,"00:03:01");
INSERT INTO AlbumSong (album_id,song_id,format_id) VALUES(75,1048,1);
INSERT INTO AlbumSong (album_id,song_id,format_id) VALUES(75,1048,2);
INSERT INTO Song (song_name,artist_id,duration) VALUES ("The Lightning II",7,"00:02:34");
INSERT INTO AlbumSong (album_id,song_id,format_id) VALUES(75,1049,1);
INSERT INTO AlbumSong (album_id,song_id,format_id) VALUES(75,1049,2);
INSERT INTO Song (song_name,artist_id,duration) VALUES ("Unconditional I (Lookout Kid)",7,"00:04:33");
INSERT INTO AlbumSong (album_id,song_id,format_id) VALUES(75,1050,1);
INSERT INTO AlbumSong (album_id,song_id,format_id) VALUES(75,1050,2);
INSERT INTO Song (song_name,artist_id,duration) VALUES ("Unconditional II (Race and Religion) (feat. Peter Gabriel)",7,"00:04:20");
INSERT INTO AlbumSong (album_id,song_id,format_id) VALUES(75,1051,1);
INSERT INTO AlbumSong (album_id,song_id,format_id) VALUES(75,1051,2);
INSERT INTO Song (song_name,artist_id,duration) VALUES ("WE",7,"00:03:51");
INSERT INTO AlbumSong (album_id,song_id,format_id) VALUES(75,1052,1);
INSERT INTO AlbumSong (album_id,song_id,format_id) VALUES(75,1052,2);
INSERT INTO Album(album_id,album_name,artist_id,art_id,release_date) VALUES (75,"WE",7,75,"2022-05-06");
INSERT INTO AlbumArt(path) VALUES ("/var/www/album_art/arcade_fire_her_(original_score).jpg");
INSERT INTO Song (song_name,artist_id,duration) VALUES ("Sleepwalker",7,"00:03:14");
INSERT INTO AlbumSong (album_id,song_id,format_id) VALUES(76,1053,1);
INSERT INTO AlbumSong (album_id,song_id,format_id) VALUES(76,1053,2);
INSERT INTO Song (song_name,artist_id,duration) VALUES ("Milk & Honey #1",7,"00:01:27");
INSERT INTO AlbumSong (album_id,song_id,format_id) VALUES(76,1054,1);
INSERT INTO AlbumSong (album_id,song_id,format_id) VALUES(76,1054,2);
INSERT INTO Song (song_name,artist_id,duration) VALUES ("Loneliness #3 (Night Talking)",7,"00:03:25");
INSERT INTO AlbumSong (album_id,song_id,format_id) VALUES(76,1055,1);
INSERT INTO AlbumSong (album_id,song_id,format_id) VALUES(76,1055,2);
INSERT INTO Song (song_name,artist_id,duration) VALUES ("Divorce Papers",7,"00:03:14");
INSERT INTO AlbumSong (album_id,song_id,format_id) VALUES(76,1056,1);
INSERT INTO AlbumSong (album_id,song_id,format_id) VALUES(76,1056,2);
INSERT INTO Song (song_name,artist_id,duration) VALUES ("Morning Talk / Supersymmetry",7,"00:04:13");
INSERT INTO AlbumSong (album_id,song_id,format_id) VALUES(76,1057,1);
INSERT INTO AlbumSong (album_id,song_id,format_id) VALUES(76,1057,2);
INSERT INTO Song (song_name,artist_id,duration) VALUES ("Some Other Place",7,"00:03:38");
INSERT INTO AlbumSong (album_id,song_id,format_id) VALUES(76,1058,1);
INSERT INTO AlbumSong (album_id,song_id,format_id) VALUES(76,1058,2);
INSERT INTO Song (song_name,artist_id,duration) VALUES ("Song on the Beach",7,"00:03:35");
INSERT INTO AlbumSong (album_id,song_id,format_id) VALUES(76,1059,1);
INSERT INTO AlbumSong (album_id,song_id,format_id) VALUES(76,1059,2);
INSERT INTO Song (song_name,artist_id,duration) VALUES ("Loneliness #4 (Other People's Letters)",7,"00:00:59");
INSERT INTO AlbumSong (album_id,song_id,format_id) VALUES(76,1060,1);
INSERT INTO AlbumSong (album_id,song_id,format_id) VALUES(76,1060,2);
INSERT INTO Song (song_name,artist_id,duration) VALUES ("Owl",7,"00:02:20");
INSERT INTO AlbumSong (album_id,song_id,format_id) VALUES(76,1061,1);
INSERT INTO AlbumSong (album_id,song_id,format_id) VALUES(76,1061,2);
INSERT INTO Song (song_name,artist_id,duration) VALUES ("Photograph",7,"00:02:25");
INSERT INTO AlbumSong (album_id,song_id,format_id) VALUES(76,1062,1);
INSERT INTO AlbumSong (album_id,song_id,format_id) VALUES(76,1062,2);
INSERT INTO Song (song_name,artist_id,duration) VALUES ("Milk & Honey #2",7,"00:03:19");
INSERT INTO AlbumSong (album_id,song_id,format_id) VALUES(76,1063,1);
INSERT INTO AlbumSong (album_id,song_id,format_id) VALUES(76,1063,2);
INSERT INTO Song (song_name,artist_id,duration) VALUES ("We're All Leaving",7,"00:02:31");
INSERT INTO AlbumSong (album_id,song_id,format_id) VALUES(76,1064,1);
INSERT INTO AlbumSong (album_id,song_id,format_id) VALUES(76,1064,2);
INSERT INTO Song (song_name,artist_id,duration) VALUES ("Dimensions",7,"00:05:39");
INSERT INTO AlbumSong (album_id,song_id,format_id) VALUES(76,1065,1);
INSERT INTO AlbumSong (album_id,song_id,format_id) VALUES(76,1065,2);
INSERT INTO Album(album_id,album_name,artist_id,art_id,release_date) VALUES (76,"Her (Original Score)",7,76,"2021-03-19");
INSERT INTO AlbumArt(path) VALUES ("/var/www/album_art/arcade_fire_everything_now.jpg");
INSERT INTO Song (song_name,artist_id,duration) VALUES ("Everything_Now (continued)",7,"00:00:46");
INSERT INTO AlbumSong (album_id,song_id,format_id) VALUES(77,1066,1);
INSERT INTO AlbumSong (album_id,song_id,format_id) VALUES(77,1066,2);
INSERT INTO Song (song_name,artist_id,duration) VALUES ("Everything Now",7,"00:05:03");
INSERT INTO AlbumSong (album_id,song_id,format_id) VALUES(77,1067,1);
INSERT INTO AlbumSong (album_id,song_id,format_id) VALUES(77,1067,2);
INSERT INTO Song (song_name,artist_id,duration) VALUES ("Signs of Life",7,"00:04:36");
INSERT INTO AlbumSong (album_id,song_id,format_id) VALUES(77,1068,1);
INSERT INTO AlbumSong (album_id,song_id,format_id) VALUES(77,1068,2);
INSERT INTO Song (song_name,artist_id,duration) VALUES ("Creature Comfort",7,"00:04:43");
INSERT INTO AlbumSong (album_id,song_id,format_id) VALUES(77,1069,1);
INSERT INTO AlbumSong (album_id,song_id,format_id) VALUES(77,1069,2);
INSERT INTO Song (song_name,artist_id,duration) VALUES ("Peter Pan",7,"00:02:48");
INSERT INTO AlbumSong (album_id,song_id,format_id) VALUES(77,1070,1);
INSERT INTO AlbumSong (album_id,song_id,format_id) VALUES(77,1070,2);
INSERT INTO Song (song_name,artist_id,duration) VALUES ("Chemistry",7,"00:03:37");
INSERT INTO AlbumSong (album_id,song_id,format_id) VALUES(77,1071,1);
INSERT INTO AlbumSong (album_id,song_id,format_id) VALUES(77,1071,2);
INSERT INTO Song (song_name,artist_id,duration) VALUES ("Infinite Content",7,"00:01:37");
INSERT INTO AlbumSong (album_id,song_id,format_id) VALUES(77,1072,1);
INSERT INTO AlbumSong (album_id,song_id,format_id) VALUES(77,1072,2);
INSERT INTO Song (song_name,artist_id,duration) VALUES ("Infinite_Content",7,"00:01:41");
INSERT INTO AlbumSong (album_id,song_id,format_id) VALUES(77,1073,1);
INSERT INTO AlbumSong (album_id,song_id,format_id) VALUES(77,1073,2);
INSERT INTO Song (song_name,artist_id,duration) VALUES ("Electric Blue",7,"00:04:02");
INSERT INTO AlbumSong (album_id,song_id,format_id) VALUES(77,1074,1);
INSERT INTO AlbumSong (album_id,song_id,format_id) VALUES(77,1074,2);
INSERT INTO Song (song_name,artist_id,duration) VALUES ("Good God Damn",7,"00:03:34");
INSERT INTO AlbumSong (album_id,song_id,format_id) VALUES(77,1075,1);
INSERT INTO AlbumSong (album_id,song_id,format_id) VALUES(77,1075,2);
INSERT INTO Song (song_name,artist_id,duration) VALUES ("Put Your Money on Me",7,"00:05:53");
INSERT INTO AlbumSong (album_id,song_id,format_id) VALUES(77,1076,1);
INSERT INTO AlbumSong (album_id,song_id,format_id) VALUES(77,1076,2);
INSERT INTO Song (song_name,artist_id,duration) VALUES ("We Don't Deserve Love",7,"00:06:29");
INSERT INTO AlbumSong (album_id,song_id,format_id) VALUES(77,1077,1);
INSERT INTO AlbumSong (album_id,song_id,format_id) VALUES(77,1077,2);
INSERT INTO Song (song_name,artist_id,duration) VALUES ("Everything Now (continued)",7,"00:02:22");
INSERT INTO AlbumSong (album_id,song_id,format_id) VALUES(77,1078,1);
INSERT INTO AlbumSong (album_id,song_id,format_id) VALUES(77,1078,2);
INSERT INTO Album(album_id,album_name,artist_id,art_id,release_date) VALUES (77,"Everything Now",7,77,"2017-07-28");
INSERT INTO AlbumArt(path) VALUES ("/var/www/album_art/arcade_fire_reflektor_(deluxe).jpg");
INSERT INTO Song (song_name,artist_id,duration) VALUES ("Reflektor",7,"00:07:33");
INSERT INTO AlbumSong (album_id,song_id,format_id) VALUES(78,1079,1);
INSERT INTO AlbumSong (album_id,song_id,format_id) VALUES(78,1079,2);
INSERT INTO Song (song_name,artist_id,duration) VALUES ("We Exist",7,"00:05:43");
INSERT INTO AlbumSong (album_id,song_id,format_id) VALUES(78,1080,1);
INSERT INTO AlbumSong (album_id,song_id,format_id) VALUES(78,1080,2);
INSERT INTO Song (song_name,artist_id,duration) VALUES ("Flashbulb Eyes",7,"00:02:42");
INSERT INTO AlbumSong (album_id,song_id,format_id) VALUES(78,1081,1);
INSERT INTO AlbumSong (album_id,song_id,format_id) VALUES(78,1081,2);
INSERT INTO Song (song_name,artist_id,duration) VALUES ("Here Comes the Night Time",7,"00:06:30");
INSERT INTO AlbumSong (album_id,song_id,format_id) VALUES(78,1082,1);
INSERT INTO AlbumSong (album_id,song_id,format_id) VALUES(78,1082,2);
INSERT INTO Song (song_name,artist_id,duration) VALUES ("Normal Person",7,"00:04:22");
INSERT INTO AlbumSong (album_id,song_id,format_id) VALUES(78,1083,1);
INSERT INTO AlbumSong (album_id,song_id,format_id) VALUES(78,1083,2);
INSERT INTO Song (song_name,artist_id,duration) VALUES ("You Already Know",7,"00:03:59");
INSERT INTO AlbumSong (album_id,song_id,format_id) VALUES(78,1084,1);
INSERT INTO AlbumSong (album_id,song_id,format_id) VALUES(78,1084,2);
INSERT INTO Song (song_name,artist_id,duration) VALUES ("Joan of Arc",7,"00:05:24");
INSERT INTO AlbumSong (album_id,song_id,format_id) VALUES(78,1085,1);
INSERT INTO AlbumSong (album_id,song_id,format_id) VALUES(78,1085,2);
INSERT INTO Song (song_name,artist_id,duration) VALUES ("Here Comes the Night Time II",7,"00:02:51");
INSERT INTO AlbumSong (album_id,song_id,format_id) VALUES(78,1086,1);
INSERT INTO AlbumSong (album_id,song_id,format_id) VALUES(78,1086,2);
INSERT INTO Song (song_name,artist_id,duration) VALUES ("Awful Sound (Oh Eurydice)",7,"00:06:13");
INSERT INTO AlbumSong (album_id,song_id,format_id) VALUES(78,1087,1);
INSERT INTO AlbumSong (album_id,song_id,format_id) VALUES(78,1087,2);
INSERT INTO Song (song_name,artist_id,duration) VALUES ("It's Never Over (Hey Orpheus)",7,"00:06:42");
INSERT INTO AlbumSong (album_id,song_id,format_id) VALUES(78,1088,1);
INSERT INTO AlbumSong (album_id,song_id,format_id) VALUES(78,1088,2);
INSERT INTO Song (song_name,artist_id,duration) VALUES ("Porno",7,"00:06:02");
INSERT INTO AlbumSong (album_id,song_id,format_id) VALUES(78,1089,1);
INSERT INTO AlbumSong (album_id,song_id,format_id) VALUES(78,1089,2);
INSERT INTO Song (song_name,artist_id,duration) VALUES ("Afterlife",7,"00:05:52");
INSERT INTO AlbumSong (album_id,song_id,format_id) VALUES(78,1090,1);
INSERT INTO AlbumSong (album_id,song_id,format_id) VALUES(78,1090,2);
INSERT INTO Song (song_name,artist_id,duration) VALUES ("Supersymmetry",7,"00:11:16");
INSERT INTO AlbumSong (album_id,song_id,format_id) VALUES(78,1091,1);
INSERT INTO AlbumSong (album_id,song_id,format_id) VALUES(78,1091,2);
INSERT INTO Song (song_name,artist_id,duration) VALUES ("Apocrypha",7,"00:05:18");
INSERT INTO AlbumSong (album_id,song_id,format_id) VALUES(78,1092,1);
INSERT INTO AlbumSong (album_id,song_id,format_id) VALUES(78,1092,2);
INSERT INTO Song (song_name,artist_id,duration) VALUES ("Women of a Certain Age",7,"00:03:15");
INSERT INTO AlbumSong (album_id,song_id,format_id) VALUES(78,1093,1);
INSERT INTO AlbumSong (album_id,song_id,format_id) VALUES(78,1093,2);
INSERT INTO Song (song_name,artist_id,duration) VALUES ("Flashbulb Eyes - Dennis Bovell Remix",7,"00:02:49");
INSERT INTO AlbumSong (album_id,song_id,format_id) VALUES(78,1094,1);
INSERT INTO AlbumSong (album_id,song_id,format_id) VALUES(78,1094,2);
INSERT INTO Song (song_name,artist_id,duration) VALUES ("Soft Power",7,"00:05:42");
INSERT INTO AlbumSong (album_id,song_id,format_id) VALUES(78,1095,1);
INSERT INTO AlbumSong (album_id,song_id,format_id) VALUES(78,1095,2);
INSERT INTO Song (song_name,artist_id,duration) VALUES ("Get Right",7,"00:04:41");
INSERT INTO AlbumSong (album_id,song_id,format_id) VALUES(78,1096,1);
INSERT INTO AlbumSong (album_id,song_id,format_id) VALUES(78,1096,2);
INSERT INTO Song (song_name,artist_id,duration) VALUES ("Crucified Again",7,"00:05:02");
INSERT INTO AlbumSong (album_id,song_id,format_id) VALUES(78,1097,1);
INSERT INTO AlbumSong (album_id,song_id,format_id) VALUES(78,1097,2);
INSERT INTO Album(album_id,album_name,artist_id,art_id,release_date) VALUES (78,"Reflektor (Deluxe)",7,78,"2015-01-01");
INSERT INTO AlbumArt(path) VALUES ("/var/www/album_art/arcade_fire_reflektor.jpg");
INSERT INTO Song (song_name,artist_id,duration) VALUES ("Reflektor",7,"00:07:30");
INSERT INTO AlbumSong (album_id,song_id,format_id) VALUES(79,1098,1);
INSERT INTO AlbumSong (album_id,song_id,format_id) VALUES(79,1098,2);
INSERT INTO Song (song_name,artist_id,duration) VALUES ("We Exist",7,"00:05:44");
INSERT INTO AlbumSong (album_id,song_id,format_id) VALUES(79,1099,1);
INSERT INTO AlbumSong (album_id,song_id,format_id) VALUES(79,1099,2);
INSERT INTO Song (song_name,artist_id,duration) VALUES ("Flashbulb Eyes",7,"00:02:43");
INSERT INTO AlbumSong (album_id,song_id,format_id) VALUES(79,1100,1);
INSERT INTO AlbumSong (album_id,song_id,format_id) VALUES(79,1100,2);
INSERT INTO AlbumSong (album_id,song_id,format_id) VALUES(79,1082,1);
INSERT INTO AlbumSong (album_id,song_id,format_id) VALUES(79,1082,2);
INSERT INTO Song (song_name,artist_id,duration) VALUES ("Normal Person",7,"00:04:28");
INSERT INTO AlbumSong (album_id,song_id,format_id) VALUES(79,1101,1);
INSERT INTO AlbumSong (album_id,song_id,format_id) VALUES(79,1101,2);
INSERT INTO AlbumSong (album_id,song_id,format_id) VALUES(79,1084,1);
INSERT INTO AlbumSong (album_id,song_id,format_id) VALUES(79,1084,2);
INSERT INTO Song (song_name,artist_id,duration) VALUES ("Joan of Arc",7,"00:05:26");
INSERT INTO AlbumSong (album_id,song_id,format_id) VALUES(79,1102,1);
INSERT INTO AlbumSong (album_id,song_id,format_id) VALUES(79,1102,2);
INSERT INTO Song (song_name,artist_id,duration) VALUES ("Here Comes the Night Time II",7,"00:02:52");
INSERT INTO AlbumSong (album_id,song_id,format_id) VALUES(79,1103,1);
INSERT INTO AlbumSong (album_id,song_id,format_id) VALUES(79,1103,2);
INSERT INTO Song (song_name,artist_id,duration) VALUES ("Awful Sound (Oh Eurydice)",7,"00:06:12");
INSERT INTO AlbumSong (album_id,song_id,format_id) VALUES(79,1104,1);
INSERT INTO AlbumSong (album_id,song_id,format_id) VALUES(79,1104,2);
INSERT INTO Song (song_name,artist_id,duration) VALUES ("It's Never Over (Hey Orpheus)",7,"00:06:44");
INSERT INTO AlbumSong (album_id,song_id,format_id) VALUES(79,1105,1);
INSERT INTO AlbumSong (album_id,song_id,format_id) VALUES(79,1105,2);
INSERT INTO Song (song_name,artist_id,duration) VALUES ("Porno",7,"00:06:01");
INSERT INTO AlbumSong (album_id,song_id,format_id) VALUES(79,1106,1);
INSERT INTO AlbumSong (album_id,song_id,format_id) VALUES(79,1106,2);
INSERT INTO Song (song_name,artist_id,duration) VALUES ("Afterlife",7,"00:05:53");
INSERT INTO AlbumSong (album_id,song_id,format_id) VALUES(79,1107,1);
INSERT INTO AlbumSong (album_id,song_id,format_id) VALUES(79,1107,2);
INSERT INTO AlbumSong (album_id,song_id,format_id) VALUES(79,1091,1);
INSERT INTO AlbumSong (album_id,song_id,format_id) VALUES(79,1091,2);
INSERT INTO Album(album_id,album_name,artist_id,art_id,release_date) VALUES (79,"Reflektor",7,79,"2013-01-01");
INSERT INTO AlbumArt(path) VALUES ("/var/www/album_art/arcade_fire_the_suburbs.jpg");
INSERT INTO Song (song_name,artist_id,duration) VALUES ("The Suburbs",7,"00:05:15");
INSERT INTO AlbumSong (album_id,song_id,format_id) VALUES(80,1108,1);
INSERT INTO AlbumSong (album_id,song_id,format_id) VALUES(80,1108,2);
INSERT INTO Song (song_name,artist_id,duration) VALUES ("Ready to Start",7,"00:04:15");
INSERT INTO AlbumSong (album_id,song_id,format_id) VALUES(80,1109,1);
INSERT INTO AlbumSong (album_id,song_id,format_id) VALUES(80,1109,2);
INSERT INTO Song (song_name,artist_id,duration) VALUES ("Modern Man",7,"00:04:39");
INSERT INTO AlbumSong (album_id,song_id,format_id) VALUES(80,1110,1);
INSERT INTO AlbumSong (album_id,song_id,format_id) VALUES(80,1110,2);
INSERT INTO Song (song_name,artist_id,duration) VALUES ("Rococo",7,"00:03:56");
INSERT INTO AlbumSong (album_id,song_id,format_id) VALUES(80,1111,1);
INSERT INTO AlbumSong (album_id,song_id,format_id) VALUES(80,1111,2);
INSERT INTO Song (song_name,artist_id,duration) VALUES ("Empty Room",7,"00:02:51");
INSERT INTO AlbumSong (album_id,song_id,format_id) VALUES(80,1112,1);
INSERT INTO AlbumSong (album_id,song_id,format_id) VALUES(80,1112,2);
INSERT INTO Song (song_name,artist_id,duration) VALUES ("City with No Children",7,"00:03:11");
INSERT INTO AlbumSong (album_id,song_id,format_id) VALUES(80,1113,1);
INSERT INTO AlbumSong (album_id,song_id,format_id) VALUES(80,1113,2);
INSERT INTO Song (song_name,artist_id,duration) VALUES ("Half Light I",7,"00:04:13");
INSERT INTO AlbumSong (album_id,song_id,format_id) VALUES(80,1114,1);
INSERT INTO AlbumSong (album_id,song_id,format_id) VALUES(80,1114,2);
INSERT INTO Song (song_name,artist_id,duration) VALUES ("Half Light II (No Celebration)",7,"00:04:27");
INSERT INTO AlbumSong (album_id,song_id,format_id) VALUES(80,1115,1);
INSERT INTO AlbumSong (album_id,song_id,format_id) VALUES(80,1115,2);
INSERT INTO Song (song_name,artist_id,duration) VALUES ("Suburban War",7,"00:04:45");
INSERT INTO AlbumSong (album_id,song_id,format_id) VALUES(80,1116,1);
INSERT INTO AlbumSong (album_id,song_id,format_id) VALUES(80,1116,2);
INSERT INTO Song (song_name,artist_id,duration) VALUES ("Month of May",7,"00:03:50");
INSERT INTO AlbumSong (album_id,song_id,format_id) VALUES(80,1117,1);
INSERT INTO AlbumSong (album_id,song_id,format_id) VALUES(80,1117,2);
INSERT INTO Song (song_name,artist_id,duration) VALUES ("Wasted Hours",7,"00:03:20");
INSERT INTO AlbumSong (album_id,song_id,format_id) VALUES(80,1118,1);
INSERT INTO AlbumSong (album_id,song_id,format_id) VALUES(80,1118,2);
INSERT INTO Song (song_name,artist_id,duration) VALUES ("Deep Blue",7,"00:04:28");
INSERT INTO AlbumSong (album_id,song_id,format_id) VALUES(80,1119,1);
INSERT INTO AlbumSong (album_id,song_id,format_id) VALUES(80,1119,2);
INSERT INTO Song (song_name,artist_id,duration) VALUES ("We Used to Wait",7,"00:05:01");
INSERT INTO AlbumSong (album_id,song_id,format_id) VALUES(80,1120,1);
INSERT INTO AlbumSong (album_id,song_id,format_id) VALUES(80,1120,2);
INSERT INTO Song (song_name,artist_id,duration) VALUES ("Sprawl I (Flatland)",7,"00:02:54");
INSERT INTO AlbumSong (album_id,song_id,format_id) VALUES(80,1121,1);
INSERT INTO AlbumSong (album_id,song_id,format_id) VALUES(80,1121,2);
INSERT INTO Song (song_name,artist_id,duration) VALUES ("Sprawl II (Mountains Beyond Mountains)",7,"00:05:25");
INSERT INTO AlbumSong (album_id,song_id,format_id) VALUES(80,1122,1);
INSERT INTO AlbumSong (album_id,song_id,format_id) VALUES(80,1122,2);
INSERT INTO Song (song_name,artist_id,duration) VALUES ("The Suburbs (continued)",7,"00:01:27");
INSERT INTO AlbumSong (album_id,song_id,format_id) VALUES(80,1123,1);
INSERT INTO AlbumSong (album_id,song_id,format_id) VALUES(80,1123,2);
INSERT INTO Album(album_id,album_name,artist_id,art_id,release_date) VALUES (80,"The Suburbs",7,80,"2010-08-02");
INSERT INTO AlbumArt(path) VALUES ("/var/www/album_art/arcade_fire_the_suburbs_(deluxe).jpg");
INSERT INTO AlbumSong (album_id,song_id,format_id) VALUES(81,1108,1);
INSERT INTO AlbumSong (album_id,song_id,format_id) VALUES(81,1108,2);
INSERT INTO AlbumSong (album_id,song_id,format_id) VALUES(81,1109,1);
INSERT INTO AlbumSong (album_id,song_id,format_id) VALUES(81,1109,2);
INSERT INTO AlbumSong (album_id,song_id,format_id) VALUES(81,1110,1);
INSERT INTO AlbumSong (album_id,song_id,format_id) VALUES(81,1110,2);
INSERT INTO AlbumSong (album_id,song_id,format_id) VALUES(81,1111,1);
INSERT INTO AlbumSong (album_id,song_id,format_id) VALUES(81,1111,2);
INSERT INTO AlbumSong (album_id,song_id,format_id) VALUES(81,1112,1);
INSERT INTO AlbumSong (album_id,song_id,format_id) VALUES(81,1112,2);
INSERT INTO AlbumSong (album_id,song_id,format_id) VALUES(81,1113,1);
INSERT INTO AlbumSong (album_id,song_id,format_id) VALUES(81,1113,2);
INSERT INTO AlbumSong (album_id,song_id,format_id) VALUES(81,1114,1);
INSERT INTO AlbumSong (album_id,song_id,format_id) VALUES(81,1114,2);
INSERT INTO AlbumSong (album_id,song_id,format_id) VALUES(81,1115,1);
INSERT INTO AlbumSong (album_id,song_id,format_id) VALUES(81,1115,2);
INSERT INTO AlbumSong (album_id,song_id,format_id) VALUES(81,1116,1);
INSERT INTO AlbumSong (album_id,song_id,format_id) VALUES(81,1116,2);
INSERT INTO AlbumSong (album_id,song_id,format_id) VALUES(81,1117,1);
INSERT INTO AlbumSong (album_id,song_id,format_id) VALUES(81,1117,2);
INSERT INTO Song (song_name,artist_id,duration) VALUES ("Wasted Hours (A Life We Can Live)",7,"00:04:25");
INSERT INTO AlbumSong (album_id,song_id,format_id) VALUES(81,1124,1);
INSERT INTO AlbumSong (album_id,song_id,format_id) VALUES(81,1124,2);
INSERT INTO AlbumSong (album_id,song_id,format_id) VALUES(81,1119,1);
INSERT INTO AlbumSong (album_id,song_id,format_id) VALUES(81,1119,2);
INSERT INTO AlbumSong (album_id,song_id,format_id) VALUES(81,1120,1);
INSERT INTO AlbumSong (album_id,song_id,format_id) VALUES(81,1120,2);
INSERT INTO AlbumSong (album_id,song_id,format_id) VALUES(81,1121,1);
INSERT INTO AlbumSong (album_id,song_id,format_id) VALUES(81,1121,2);
INSERT INTO AlbumSong (album_id,song_id,format_id) VALUES(81,1122,1);
INSERT INTO AlbumSong (album_id,song_id,format_id) VALUES(81,1122,2);
INSERT INTO Song (song_name,artist_id,duration) VALUES ("The Suburbs (continued)",7,"00:01:31");
INSERT INTO AlbumSong (album_id,song_id,format_id) VALUES(81,1125,1);
INSERT INTO AlbumSong (album_id,song_id,format_id) VALUES(81,1125,2);
INSERT INTO Song (song_name,artist_id,duration) VALUES ("Culture War",7,"00:05:23");
INSERT INTO AlbumSong (album_id,song_id,format_id) VALUES(81,1126,1);
INSERT INTO AlbumSong (album_id,song_id,format_id) VALUES(81,1126,2);
INSERT INTO Song (song_name,artist_id,duration) VALUES ("Speaking in Tongues (feat. David Byrne)",7,"00:03:52");
INSERT INTO AlbumSong (album_id,song_id,format_id) VALUES(81,1127,1);
INSERT INTO AlbumSong (album_id,song_id,format_id) VALUES(81,1127,2);
INSERT INTO Album(album_id,album_name,artist_id,art_id,release_date) VALUES (81,"The Suburbs (Deluxe)",7,81,"2010-07-01");
INSERT INTO AlbumArt(path) VALUES ("/var/www/album_art/arcade_fire_neon_bible.jpg");
INSERT INTO Song (song_name,artist_id,duration) VALUES ("Black Mirror",7,"00:04:13");
INSERT INTO AlbumSong (album_id,song_id,format_id) VALUES(82,1128,1);
INSERT INTO AlbumSong (album_id,song_id,format_id) VALUES(82,1128,2);
INSERT INTO Song (song_name,artist_id,duration) VALUES ("Keep the Car Running",7,"00:03:29");
INSERT INTO AlbumSong (album_id,song_id,format_id) VALUES(82,1129,1);
INSERT INTO AlbumSong (album_id,song_id,format_id) VALUES(82,1129,2);
INSERT INTO Song (song_name,artist_id,duration) VALUES ("Neon Bible",7,"00:02:16");
INSERT INTO AlbumSong (album_id,song_id,format_id) VALUES(82,1130,1);
INSERT INTO AlbumSong (album_id,song_id,format_id) VALUES(82,1130,2);
INSERT INTO Song (song_name,artist_id,duration) VALUES ("Intervention",7,"00:04:19");
INSERT INTO AlbumSong (album_id,song_id,format_id) VALUES(82,1131,1);
INSERT INTO AlbumSong (album_id,song_id,format_id) VALUES(82,1131,2);
INSERT INTO Song (song_name,artist_id,duration) VALUES ("Black Wave / Bad Vibrations",7,"00:03:57");
INSERT INTO AlbumSong (album_id,song_id,format_id) VALUES(82,1132,1);
INSERT INTO AlbumSong (album_id,song_id,format_id) VALUES(82,1132,2);
INSERT INTO Song (song_name,artist_id,duration) VALUES ("Ocean of Noise",7,"00:04:53");
INSERT INTO AlbumSong (album_id,song_id,format_id) VALUES(82,1133,1);
INSERT INTO AlbumSong (album_id,song_id,format_id) VALUES(82,1133,2);
INSERT INTO Song (song_name,artist_id,duration) VALUES ("The Well and the Lighthouse",7,"00:03:56");
INSERT INTO AlbumSong (album_id,song_id,format_id) VALUES(82,1134,1);
INSERT INTO AlbumSong (album_id,song_id,format_id) VALUES(82,1134,2);
INSERT INTO Song (song_name,artist_id,duration) VALUES ("(Antichrist Television Blues)",7,"00:05:10");
INSERT INTO AlbumSong (album_id,song_id,format_id) VALUES(82,1135,1);
INSERT INTO AlbumSong (album_id,song_id,format_id) VALUES(82,1135,2);
INSERT INTO Song (song_name,artist_id,duration) VALUES ("Windowsill",7,"00:04:16");
INSERT INTO AlbumSong (album_id,song_id,format_id) VALUES(82,1136,1);
INSERT INTO AlbumSong (album_id,song_id,format_id) VALUES(82,1136,2);
INSERT INTO Song (song_name,artist_id,duration) VALUES ("No Cars Go",7,"00:05:43");
INSERT INTO AlbumSong (album_id,song_id,format_id) VALUES(82,1137,1);
INSERT INTO AlbumSong (album_id,song_id,format_id) VALUES(82,1137,2);
INSERT INTO Song (song_name,artist_id,duration) VALUES ("My Body Is a Cage",7,"00:04:47");
INSERT INTO AlbumSong (album_id,song_id,format_id) VALUES(82,1138,1);
INSERT INTO AlbumSong (album_id,song_id,format_id) VALUES(82,1138,2);
INSERT INTO Album(album_id,album_name,artist_id,art_id,release_date) VALUES (82,"Neon Bible",7,82,"2007-01-01");
INSERT INTO AlbumArt(path) VALUES ("/var/www/album_art/arcade_fire_funeral.jpg");
INSERT INTO Song (song_name,artist_id,duration) VALUES ("Neighborhood #1 (Tunnels)",7,"00:04:48");
INSERT INTO AlbumSong (album_id,song_id,format_id) VALUES(83,1139,1);
INSERT INTO AlbumSong (album_id,song_id,format_id) VALUES(83,1139,2);
INSERT INTO Song (song_name,artist_id,duration) VALUES ("Neighborhood #2 (Laika)",7,"00:03:32");
INSERT INTO AlbumSong (album_id,song_id,format_id) VALUES(83,1140,1);
INSERT INTO AlbumSong (album_id,song_id,format_id) VALUES(83,1140,2);
INSERT INTO Song (song_name,artist_id,duration) VALUES ("Une Annee Sans Lumiere",7,"00:03:40");
INSERT INTO AlbumSong (album_id,song_id,format_id) VALUES(83,1141,1);
INSERT INTO AlbumSong (album_id,song_id,format_id) VALUES(83,1141,2);
INSERT INTO Song (song_name,artist_id,duration) VALUES ("Neighborhood #3 (Power Out)",7,"00:05:12");
INSERT INTO AlbumSong (album_id,song_id,format_id) VALUES(83,1142,1);
INSERT INTO AlbumSong (album_id,song_id,format_id) VALUES(83,1142,2);
INSERT INTO Song (song_name,artist_id,duration) VALUES ("Neighborhood #4 (7 Kettles)",7,"00:04:49");
INSERT INTO AlbumSong (album_id,song_id,format_id) VALUES(83,1143,1);
INSERT INTO AlbumSong (album_id,song_id,format_id) VALUES(83,1143,2);
INSERT INTO Song (song_name,artist_id,duration) VALUES ("Crown of Love",7,"00:04:42");
INSERT INTO AlbumSong (album_id,song_id,format_id) VALUES(83,1144,1);
INSERT INTO AlbumSong (album_id,song_id,format_id) VALUES(83,1144,2);
INSERT INTO Song (song_name,artist_id,duration) VALUES ("Wake Up",7,"00:05:35");
INSERT INTO AlbumSong (album_id,song_id,format_id) VALUES(83,1145,1);
INSERT INTO AlbumSong (album_id,song_id,format_id) VALUES(83,1145,2);
INSERT INTO Song (song_name,artist_id,duration) VALUES ("Haiti",7,"00:04:07");
INSERT INTO AlbumSong (album_id,song_id,format_id) VALUES(83,1146,1);
INSERT INTO AlbumSong (album_id,song_id,format_id) VALUES(83,1146,2);
INSERT INTO Song (song_name,artist_id,duration) VALUES ("Rebellion (Lies)",7,"00:05:10");
INSERT INTO AlbumSong (album_id,song_id,format_id) VALUES(83,1147,1);
INSERT INTO AlbumSong (album_id,song_id,format_id) VALUES(83,1147,2);
INSERT INTO Song (song_name,artist_id,duration) VALUES ("In the Backseat",7,"00:06:20");
INSERT INTO AlbumSong (album_id,song_id,format_id) VALUES(83,1148,1);
INSERT INTO AlbumSong (album_id,song_id,format_id) VALUES(83,1148,2);
INSERT INTO Album(album_id,album_name,artist_id,art_id,release_date) VALUES (83,"Funeral",7,83,"2004-06-16");
INSERT INTO Artist (artist_name,genre_id,description) VALUES ("Queens of the Stone Age",1,"");
INSERT INTO AlbumArt(path) VALUES ("/var/www/album_art/queens_of_the_stone_age_villains.jpg");
INSERT INTO Song (song_name,artist_id,duration) VALUES ("Feet Don't Fail Me",8,"00:05:41");
INSERT INTO AlbumSong (album_id,song_id,format_id) VALUES(84,1149,1);
INSERT INTO AlbumSong (album_id,song_id,format_id) VALUES(84,1149,2);
INSERT INTO Song (song_name,artist_id,duration) VALUES ("The Way You Used To Do",8,"00:04:34");
INSERT INTO AlbumSong (album_id,song_id,format_id) VALUES(84,1150,1);
INSERT INTO AlbumSong (album_id,song_id,format_id) VALUES(84,1150,2);
INSERT INTO Song (song_name,artist_id,duration) VALUES ("Domesticated Animals",8,"00:05:20");
INSERT INTO AlbumSong (album_id,song_id,format_id) VALUES(84,1151,1);
INSERT INTO AlbumSong (album_id,song_id,format_id) VALUES(84,1151,2);
INSERT INTO Song (song_name,artist_id,duration) VALUES ("Fortress",8,"00:05:27");
INSERT INTO AlbumSong (album_id,song_id,format_id) VALUES(84,1152,1);
INSERT INTO AlbumSong (album_id,song_id,format_id) VALUES(84,1152,2);
INSERT INTO Song (song_name,artist_id,duration) VALUES ("Head Like A Haunted House",8,"00:03:21");
INSERT INTO AlbumSong (album_id,song_id,format_id) VALUES(84,1153,1);
INSERT INTO AlbumSong (album_id,song_id,format_id) VALUES(84,1153,2);
INSERT INTO Song (song_name,artist_id,duration) VALUES ("Un-Reborn Again",8,"00:06:40");
INSERT INTO AlbumSong (album_id,song_id,format_id) VALUES(84,1154,1);
INSERT INTO AlbumSong (album_id,song_id,format_id) VALUES(84,1154,2);
INSERT INTO Song (song_name,artist_id,duration) VALUES ("Hideaway",8,"00:04:18");
INSERT INTO AlbumSong (album_id,song_id,format_id) VALUES(84,1155,1);
INSERT INTO AlbumSong (album_id,song_id,format_id) VALUES(84,1155,2);
INSERT INTO Song (song_name,artist_id,duration) VALUES ("The Evil Has Landed",8,"00:06:30");
INSERT INTO AlbumSong (album_id,song_id,format_id) VALUES(84,1156,1);
INSERT INTO AlbumSong (album_id,song_id,format_id) VALUES(84,1156,2);
INSERT INTO Song (song_name,artist_id,duration) VALUES ("Villains Of Circumstance",8,"00:06:09");
INSERT INTO AlbumSong (album_id,song_id,format_id) VALUES(84,1157,1);
INSERT INTO AlbumSong (album_id,song_id,format_id) VALUES(84,1157,2);
INSERT INTO Album(album_id,album_name,artist_id,art_id,release_date) VALUES (84,"Villains",8,84,"2017-08-25");
INSERT INTO AlbumArt(path) VALUES ("/var/www/album_art/queens_of_the_stone_age_...like_clockwork.jpg");
INSERT INTO Song (song_name,artist_id,duration) VALUES ("Keep Your Eyes Peeled",8,"00:05:04");
INSERT INTO AlbumSong (album_id,song_id,format_id) VALUES(85,1158,1);
INSERT INTO AlbumSong (album_id,song_id,format_id) VALUES(85,1158,2);
INSERT INTO Song (song_name,artist_id,duration) VALUES ("I Sat by the Ocean",8,"00:03:55");
INSERT INTO AlbumSong (album_id,song_id,format_id) VALUES(85,1159,1);
INSERT INTO AlbumSong (album_id,song_id,format_id) VALUES(85,1159,2);
INSERT INTO Song (song_name,artist_id,duration) VALUES ("The Vampyre of Time and Memory",8,"00:03:34");
INSERT INTO AlbumSong (album_id,song_id,format_id) VALUES(85,1160,1);
INSERT INTO AlbumSong (album_id,song_id,format_id) VALUES(85,1160,2);
INSERT INTO Song (song_name,artist_id,duration) VALUES ("If I Had a Tail",8,"00:04:55");
INSERT INTO AlbumSong (album_id,song_id,format_id) VALUES(85,1161,1);
INSERT INTO AlbumSong (album_id,song_id,format_id) VALUES(85,1161,2);
INSERT INTO Song (song_name,artist_id,duration) VALUES ("My God Is the Sun",8,"00:03:55");
INSERT INTO AlbumSong (album_id,song_id,format_id) VALUES(85,1162,1);
INSERT INTO AlbumSong (album_id,song_id,format_id) VALUES(85,1162,2);
INSERT INTO Song (song_name,artist_id,duration) VALUES ("Kalopsia",8,"00:04:38");
INSERT INTO AlbumSong (album_id,song_id,format_id) VALUES(85,1163,1);
INSERT INTO AlbumSong (album_id,song_id,format_id) VALUES(85,1163,2);
INSERT INTO Song (song_name,artist_id,duration) VALUES ("Fairweather Friends",8,"00:03:43");
INSERT INTO AlbumSong (album_id,song_id,format_id) VALUES(85,1164,1);
INSERT INTO AlbumSong (album_id,song_id,format_id) VALUES(85,1164,2);
INSERT INTO Song (song_name,artist_id,duration) VALUES ("Smooth Sailing",8,"00:04:51");
INSERT INTO AlbumSong (album_id,song_id,format_id) VALUES(85,1165,1);
INSERT INTO AlbumSong (album_id,song_id,format_id) VALUES(85,1165,2);
INSERT INTO Song (song_name,artist_id,duration) VALUES ("I Appear Missing",8,"00:06:00");
INSERT INTO AlbumSong (album_id,song_id,format_id) VALUES(85,1166,1);
INSERT INTO AlbumSong (album_id,song_id,format_id) VALUES(85,1166,2);
INSERT INTO Song (song_name,artist_id,duration) VALUES ("...Like Clockwork",8,"00:05:24");
INSERT INTO AlbumSong (album_id,song_id,format_id) VALUES(85,1167,1);
INSERT INTO AlbumSong (album_id,song_id,format_id) VALUES(85,1167,2);
INSERT INTO Album(album_id,album_name,artist_id,art_id,release_date) VALUES (85,"...Like Clockwork",8,85,"2013-06-03");
INSERT INTO AlbumArt(path) VALUES ("/var/www/album_art/queens_of_the_stone_age_rated_r_-_deluxe_edition.jpg");
INSERT INTO Song (song_name,artist_id,duration) VALUES ("Feel Good Hit Of The Summer",8,"00:02:43");
INSERT INTO AlbumSong (album_id,song_id,format_id) VALUES(86,1168,1);
INSERT INTO AlbumSong (album_id,song_id,format_id) VALUES(86,1168,2);
INSERT INTO Song (song_name,artist_id,duration) VALUES ("The Lost Art Of Keeping A Secret",8,"00:03:36");
INSERT INTO AlbumSong (album_id,song_id,format_id) VALUES(86,1169,1);
INSERT INTO AlbumSong (album_id,song_id,format_id) VALUES(86,1169,2);
INSERT INTO Song (song_name,artist_id,duration) VALUES ("Leg Of Lamb",8,"00:02:48");
INSERT INTO AlbumSong (album_id,song_id,format_id) VALUES(86,1170,1);
INSERT INTO AlbumSong (album_id,song_id,format_id) VALUES(86,1170,2);
INSERT INTO Song (song_name,artist_id,duration) VALUES ("Auto Pilot",8,"00:04:00");
INSERT INTO AlbumSong (album_id,song_id,format_id) VALUES(86,1171,1);
INSERT INTO AlbumSong (album_id,song_id,format_id) VALUES(86,1171,2);
INSERT INTO Song (song_name,artist_id,duration) VALUES ("Better Living Through Chemistry",8,"00:05:49");
INSERT INTO AlbumSong (album_id,song_id,format_id) VALUES(86,1172,1);
INSERT INTO AlbumSong (album_id,song_id,format_id) VALUES(86,1172,2);
INSERT INTO Song (song_name,artist_id,duration) VALUES ("Monsters In The Parasol",8,"00:03:27");
INSERT INTO AlbumSong (album_id,song_id,format_id) VALUES(86,1173,1);
INSERT INTO AlbumSong (album_id,song_id,format_id) VALUES(86,1173,2);
INSERT INTO Song (song_name,artist_id,duration) VALUES ("Quick And To The Pointless",8,"00:01:42");
INSERT INTO AlbumSong (album_id,song_id,format_id) VALUES(86,1174,1);
INSERT INTO AlbumSong (album_id,song_id,format_id) VALUES(86,1174,2);
INSERT INTO Song (song_name,artist_id,duration) VALUES ("In The Fade/Feel Good Hit Of The Summer (Reprise)",8,"00:04:25");
INSERT INTO AlbumSong (album_id,song_id,format_id) VALUES(86,1175,1);
INSERT INTO AlbumSong (album_id,song_id,format_id) VALUES(86,1175,2);
INSERT INTO Song (song_name,artist_id,duration) VALUES ("Tension Head",8,"00:02:52");
INSERT INTO AlbumSong (album_id,song_id,format_id) VALUES(86,1176,1);
INSERT INTO AlbumSong (album_id,song_id,format_id) VALUES(86,1176,2);
INSERT INTO Song (song_name,artist_id,duration) VALUES ("Lightning Song",8,"00:02:07");
INSERT INTO AlbumSong (album_id,song_id,format_id) VALUES(86,1177,1);
INSERT INTO AlbumSong (album_id,song_id,format_id) VALUES(86,1177,2);
INSERT INTO Song (song_name,artist_id,duration) VALUES ("I Think I Lost My Headache",8,"00:08:40");
INSERT INTO AlbumSong (album_id,song_id,format_id) VALUES(86,1178,1);
INSERT INTO AlbumSong (album_id,song_id,format_id) VALUES(86,1178,2);
INSERT INTO Song (song_name,artist_id,duration) VALUES ("Ode To Clarissa - Non-LP Version",8,"00:02:40");
INSERT INTO AlbumSong (album_id,song_id,format_id) VALUES(86,1179,1);
INSERT INTO AlbumSong (album_id,song_id,format_id) VALUES(86,1179,2);
INSERT INTO Song (song_name,artist_id,duration) VALUES ("You're So Vague - Non-Lp Version",8,"00:03:40");
INSERT INTO AlbumSong (album_id,song_id,format_id) VALUES(86,1180,1);
INSERT INTO AlbumSong (album_id,song_id,format_id) VALUES(86,1180,2);
INSERT INTO Song (song_name,artist_id,duration) VALUES ("Never Say Never - Non-Lp Version",8,"00:04:22");
INSERT INTO AlbumSong (album_id,song_id,format_id) VALUES(86,1181,1);
INSERT INTO AlbumSong (album_id,song_id,format_id) VALUES(86,1181,2);
INSERT INTO Song (song_name,artist_id,duration) VALUES ("Who'll Be The Next In Line - Non-Lp Version",8,"00:02:29");
INSERT INTO AlbumSong (album_id,song_id,format_id) VALUES(86,1182,1);
INSERT INTO AlbumSong (album_id,song_id,format_id) VALUES(86,1182,2);
INSERT INTO Song (song_name,artist_id,duration) VALUES ("Born To Hula - Non-LP Version",8,"00:05:53");
INSERT INTO AlbumSong (album_id,song_id,format_id) VALUES(86,1183,1);
INSERT INTO AlbumSong (album_id,song_id,format_id) VALUES(86,1183,2);
INSERT INTO Song (song_name,artist_id,duration) VALUES ("Monsters In The Parasol - Live in Seattle / 2000",8,"00:03:32");
INSERT INTO AlbumSong (album_id,song_id,format_id) VALUES(86,1184,1);
INSERT INTO AlbumSong (album_id,song_id,format_id) VALUES(86,1184,2);
INSERT INTO Song (song_name,artist_id,duration) VALUES ("Feel Good Hit Of The Summer - Live At Reading / 2000",8,"00:02:59");
INSERT INTO AlbumSong (album_id,song_id,format_id) VALUES(86,1185,1);
INSERT INTO AlbumSong (album_id,song_id,format_id) VALUES(86,1185,2);
INSERT INTO Song (song_name,artist_id,duration) VALUES ("Regular John - Live At Reading / 2000",8,"00:05:12");
INSERT INTO AlbumSong (album_id,song_id,format_id) VALUES(86,1186,1);
INSERT INTO AlbumSong (album_id,song_id,format_id) VALUES(86,1186,2);
INSERT INTO Song (song_name,artist_id,duration) VALUES ("Avon - Live At Reading / 2000",8,"00:03:23");
INSERT INTO AlbumSong (album_id,song_id,format_id) VALUES(86,1187,1);
INSERT INTO AlbumSong (album_id,song_id,format_id) VALUES(86,1187,2);
INSERT INTO Song (song_name,artist_id,duration) VALUES ("Quick And To The Pointless - Live At Reading / 2000",8,"00:02:34");
INSERT INTO AlbumSong (album_id,song_id,format_id) VALUES(86,1188,1);
INSERT INTO AlbumSong (album_id,song_id,format_id) VALUES(86,1188,2);
INSERT INTO Song (song_name,artist_id,duration) VALUES ("Better Living Through Chemistry - Live At Reading / 2000",8,"00:05:20");
INSERT INTO AlbumSong (album_id,song_id,format_id) VALUES(86,1189,1);
INSERT INTO AlbumSong (album_id,song_id,format_id) VALUES(86,1189,2);
INSERT INTO Song (song_name,artist_id,duration) VALUES ("Ode To Clarissa - Live At Reading / 2000",8,"00:02:52");
INSERT INTO AlbumSong (album_id,song_id,format_id) VALUES(86,1190,1);
INSERT INTO AlbumSong (album_id,song_id,format_id) VALUES(86,1190,2);
INSERT INTO Song (song_name,artist_id,duration) VALUES ("The Lost Art Of Keeping A Secret - Live At Reading / 2000",8,"00:03:33");
INSERT INTO AlbumSong (album_id,song_id,format_id) VALUES(86,1191,1);
INSERT INTO AlbumSong (album_id,song_id,format_id) VALUES(86,1191,2);
INSERT INTO Song (song_name,artist_id,duration) VALUES ("You Can't Quit Me, Baby - Live At Reading / 2000",8,"00:10:37");
INSERT INTO AlbumSong (album_id,song_id,format_id) VALUES(86,1192,1);
INSERT INTO AlbumSong (album_id,song_id,format_id) VALUES(86,1192,2);
INSERT INTO Song (song_name,artist_id,duration) VALUES ("Millionaire - Live At Reading / 2000",8,"00:04:38");
INSERT INTO AlbumSong (album_id,song_id,format_id) VALUES(86,1193,1);
INSERT INTO AlbumSong (album_id,song_id,format_id) VALUES(86,1193,2);
INSERT INTO Album(album_id,album_name,artist_id,art_id,release_date) VALUES (86,"Rated R - Deluxe Edition",8,86,"2010-01-01");
INSERT INTO AlbumArt(path) VALUES ("/var/www/album_art/queens_of_the_stone_age_era_vulgaris.jpg");
INSERT INTO Song (song_name,artist_id,duration) VALUES ("Turnin On The Screw",8,"00:05:20");
INSERT INTO AlbumSong (album_id,song_id,format_id) VALUES(87,1194,1);
INSERT INTO AlbumSong (album_id,song_id,format_id) VALUES(87,1194,2);
INSERT INTO Song (song_name,artist_id,duration) VALUES ("Sick, Sick, Sick",8,"00:03:34");
INSERT INTO AlbumSong (album_id,song_id,format_id) VALUES(87,1195,1);
INSERT INTO AlbumSong (album_id,song_id,format_id) VALUES(87,1195,2);
INSERT INTO Song (song_name,artist_id,duration) VALUES ("I'm Designer",8,"00:04:04");
INSERT INTO AlbumSong (album_id,song_id,format_id) VALUES(87,1196,1);
INSERT INTO AlbumSong (album_id,song_id,format_id) VALUES(87,1196,2);
INSERT INTO Song (song_name,artist_id,duration) VALUES ("Into The Hollow",8,"00:03:42");
INSERT INTO AlbumSong (album_id,song_id,format_id) VALUES(87,1197,1);
INSERT INTO AlbumSong (album_id,song_id,format_id) VALUES(87,1197,2);
INSERT INTO Song (song_name,artist_id,duration) VALUES ("Misfit Love",8,"00:05:39");
INSERT INTO AlbumSong (album_id,song_id,format_id) VALUES(87,1198,1);
INSERT INTO AlbumSong (album_id,song_id,format_id) VALUES(87,1198,2);
INSERT INTO Song (song_name,artist_id,duration) VALUES ("Battery Acid",8,"00:04:06");
INSERT INTO AlbumSong (album_id,song_id,format_id) VALUES(87,1199,1);
INSERT INTO AlbumSong (album_id,song_id,format_id) VALUES(87,1199,2);
INSERT INTO Song (song_name,artist_id,duration) VALUES ("Make It Wit Chu",8,"00:04:50");
INSERT INTO AlbumSong (album_id,song_id,format_id) VALUES(87,1200,1);
INSERT INTO AlbumSong (album_id,song_id,format_id) VALUES(87,1200,2);
INSERT INTO Song (song_name,artist_id,duration) VALUES ("3's & 7's",8,"00:03:34");
INSERT INTO AlbumSong (album_id,song_id,format_id) VALUES(87,1201,1);
INSERT INTO AlbumSong (album_id,song_id,format_id) VALUES(87,1201,2);
INSERT INTO Song (song_name,artist_id,duration) VALUES ("Suture Up Your Future",8,"00:04:37");
INSERT INTO AlbumSong (album_id,song_id,format_id) VALUES(87,1202,1);
INSERT INTO AlbumSong (album_id,song_id,format_id) VALUES(87,1202,2);
INSERT INTO Song (song_name,artist_id,duration) VALUES ("River In The Road",8,"00:03:19");
INSERT INTO AlbumSong (album_id,song_id,format_id) VALUES(87,1203,1);
INSERT INTO AlbumSong (album_id,song_id,format_id) VALUES(87,1203,2);
INSERT INTO Song (song_name,artist_id,duration) VALUES ("Run, Pig, Run",8,"00:04:39");
INSERT INTO AlbumSong (album_id,song_id,format_id) VALUES(87,1204,1);
INSERT INTO AlbumSong (album_id,song_id,format_id) VALUES(87,1204,2);
INSERT INTO Album(album_id,album_name,artist_id,art_id,release_date) VALUES (87,"Era Vulgaris",8,87,"2007-01-01");
INSERT INTO AlbumArt(path) VALUES ("/var/www/album_art/queens_of_the_stone_age_over_the_years_and_through_the_woods_(live_at_brixton_academy___2005).jpg");
INSERT INTO Song (song_name,artist_id,duration) VALUES ("Go With The Flow - Live At Brixton Academy / 2005",8,"00:02:58");
INSERT INTO AlbumSong (album_id,song_id,format_id) VALUES(88,1205,1);
INSERT INTO AlbumSong (album_id,song_id,format_id) VALUES(88,1205,2);
INSERT INTO Song (song_name,artist_id,duration) VALUES ("Regular John - Live At Brixton Academy / 2005",8,"00:05:24");
INSERT INTO AlbumSong (album_id,song_id,format_id) VALUES(88,1206,1);
INSERT INTO AlbumSong (album_id,song_id,format_id) VALUES(88,1206,2);
INSERT INTO Song (song_name,artist_id,duration) VALUES ("Monsters In The Parasol - Live At Brixton Academy / 2005",8,"00:04:39");
INSERT INTO AlbumSong (album_id,song_id,format_id) VALUES(88,1207,1);
INSERT INTO AlbumSong (album_id,song_id,format_id) VALUES(88,1207,2);
INSERT INTO Song (song_name,artist_id,duration) VALUES ("Tangled Up In Plaid - Live At Brixton Academy / 2005",8,"00:04:00");
INSERT INTO AlbumSong (album_id,song_id,format_id) VALUES(88,1208,1);
INSERT INTO AlbumSong (album_id,song_id,format_id) VALUES(88,1208,2);
INSERT INTO Song (song_name,artist_id,duration) VALUES ("Little Sister - Live At Brixton Academy / 2005",8,"00:02:51");
INSERT INTO AlbumSong (album_id,song_id,format_id) VALUES(88,1209,1);
INSERT INTO AlbumSong (album_id,song_id,format_id) VALUES(88,1209,2);
INSERT INTO Song (song_name,artist_id,duration) VALUES ("You Can't Quit Me, Baby - Live At Brixton Academy / 2005",8,"00:09:49");
INSERT INTO AlbumSong (album_id,song_id,format_id) VALUES(88,1210,1);
INSERT INTO AlbumSong (album_id,song_id,format_id) VALUES(88,1210,2);
INSERT INTO Song (song_name,artist_id,duration) VALUES ("I Wanna Make It Wit Chu - Live At Brixton Academy / 2005",8,"00:04:27");
INSERT INTO AlbumSong (album_id,song_id,format_id) VALUES(88,1211,1);
INSERT INTO AlbumSong (album_id,song_id,format_id) VALUES(88,1211,2);
INSERT INTO Song (song_name,artist_id,duration) VALUES ("Leg Of Lamb - Live At Brixton Academy / 2005",8,"00:03:34");
INSERT INTO AlbumSong (album_id,song_id,format_id) VALUES(88,1212,1);
INSERT INTO AlbumSong (album_id,song_id,format_id) VALUES(88,1212,2);
INSERT INTO Song (song_name,artist_id,duration) VALUES ("I Think I Lost My Headache - Live At Brixton Academy / 2005",8,"00:05:24");
INSERT INTO AlbumSong (album_id,song_id,format_id) VALUES(88,1213,1);
INSERT INTO AlbumSong (album_id,song_id,format_id) VALUES(88,1213,2);
INSERT INTO Song (song_name,artist_id,duration) VALUES ("Mexicola - Live At Brixton Academy / 2005",8,"00:05:09");
INSERT INTO AlbumSong (album_id,song_id,format_id) VALUES(88,1214,1);
INSERT INTO AlbumSong (album_id,song_id,format_id) VALUES(88,1214,2);
INSERT INTO Song (song_name,artist_id,duration) VALUES ("Burn The Witch - Live At Brixton Academy / 2005",8,"00:03:12");
INSERT INTO AlbumSong (album_id,song_id,format_id) VALUES(88,1215,1);
INSERT INTO AlbumSong (album_id,song_id,format_id) VALUES(88,1215,2);
INSERT INTO Song (song_name,artist_id,duration) VALUES ("Song For The Dead - Live At Brixton Academy / 2005",8,"00:07:47");
INSERT INTO AlbumSong (album_id,song_id,format_id) VALUES(88,1216,1);
INSERT INTO AlbumSong (album_id,song_id,format_id) VALUES(88,1216,2);
INSERT INTO Song (song_name,artist_id,duration) VALUES ("No One Knows - Live At Brixton Academy / 2005",8,"00:07:47");
INSERT INTO AlbumSong (album_id,song_id,format_id) VALUES(88,1217,1);
INSERT INTO AlbumSong (album_id,song_id,format_id) VALUES(88,1217,2);
INSERT INTO Song (song_name,artist_id,duration) VALUES ("Long Slow Goodbye - Live At Brixton Academy / 2005",8,"00:07:20");
INSERT INTO AlbumSong (album_id,song_id,format_id) VALUES(88,1218,1);
INSERT INTO AlbumSong (album_id,song_id,format_id) VALUES(88,1218,2);
INSERT INTO Album(album_id,album_name,artist_id,art_id,release_date) VALUES (88,"Over The Years And Through The Woods (Live At Brixton Academy / 2005)",8,88,"2005-11-22");
INSERT INTO AlbumArt(path) VALUES ("/var/www/album_art/queens_of_the_stone_age_lullabies_to_paralyze.jpg");
INSERT INTO Song (song_name,artist_id,duration) VALUES ("This Lullaby",8,"00:01:22");
INSERT INTO AlbumSong (album_id,song_id,format_id) VALUES(89,1219,1);
INSERT INTO AlbumSong (album_id,song_id,format_id) VALUES(89,1219,2);
INSERT INTO Song (song_name,artist_id,duration) VALUES ("Medication",8,"00:01:54");
INSERT INTO AlbumSong (album_id,song_id,format_id) VALUES(89,1220,1);
INSERT INTO AlbumSong (album_id,song_id,format_id) VALUES(89,1220,2);
INSERT INTO Song (song_name,artist_id,duration) VALUES ("Everybody Knows That You're Insane",8,"00:04:14");
INSERT INTO AlbumSong (album_id,song_id,format_id) VALUES(89,1221,1);
INSERT INTO AlbumSong (album_id,song_id,format_id) VALUES(89,1221,2);
INSERT INTO Song (song_name,artist_id,duration) VALUES ("Tangled Up In Plaid",8,"00:04:13");
INSERT INTO AlbumSong (album_id,song_id,format_id) VALUES(89,1222,1);
INSERT INTO AlbumSong (album_id,song_id,format_id) VALUES(89,1222,2);
INSERT INTO Song (song_name,artist_id,duration) VALUES ("Burn The Witch",8,"00:03:35");
INSERT INTO AlbumSong (album_id,song_id,format_id) VALUES(89,1223,1);
INSERT INTO AlbumSong (album_id,song_id,format_id) VALUES(89,1223,2);
INSERT INTO Song (song_name,artist_id,duration) VALUES ("In My Head",8,"00:04:01");
INSERT INTO AlbumSong (album_id,song_id,format_id) VALUES(89,1224,1);
INSERT INTO AlbumSong (album_id,song_id,format_id) VALUES(89,1224,2);
INSERT INTO Song (song_name,artist_id,duration) VALUES ("Little Sister",8,"00:02:54");
INSERT INTO AlbumSong (album_id,song_id,format_id) VALUES(89,1225,1);
INSERT INTO AlbumSong (album_id,song_id,format_id) VALUES(89,1225,2);
INSERT INTO Song (song_name,artist_id,duration) VALUES ("I Never Came",8,"00:04:48");
INSERT INTO AlbumSong (album_id,song_id,format_id) VALUES(89,1226,1);
INSERT INTO AlbumSong (album_id,song_id,format_id) VALUES(89,1226,2);
INSERT INTO Song (song_name,artist_id,duration) VALUES ("Someone's In The Wolf",8,"00:07:15");
INSERT INTO AlbumSong (album_id,song_id,format_id) VALUES(89,1227,1);
INSERT INTO AlbumSong (album_id,song_id,format_id) VALUES(89,1227,2);
INSERT INTO Song (song_name,artist_id,duration) VALUES ("The Blood Is Love",8,"00:06:37");
INSERT INTO AlbumSong (album_id,song_id,format_id) VALUES(89,1228,1);
INSERT INTO AlbumSong (album_id,song_id,format_id) VALUES(89,1228,2);
INSERT INTO Song (song_name,artist_id,duration) VALUES ("Skin On Skin",8,"00:03:42");
INSERT INTO AlbumSong (album_id,song_id,format_id) VALUES(89,1229,1);
INSERT INTO AlbumSong (album_id,song_id,format_id) VALUES(89,1229,2);
INSERT INTO Song (song_name,artist_id,duration) VALUES ("Broken Box",8,"00:03:02");
INSERT INTO AlbumSong (album_id,song_id,format_id) VALUES(89,1230,1);
INSERT INTO AlbumSong (album_id,song_id,format_id) VALUES(89,1230,2);
INSERT INTO Song (song_name,artist_id,duration) VALUES ("You Got A Killer Scene There, Man...",8,"00:04:56");
INSERT INTO AlbumSong (album_id,song_id,format_id) VALUES(89,1231,1);
INSERT INTO AlbumSong (album_id,song_id,format_id) VALUES(89,1231,2);
INSERT INTO Song (song_name,artist_id,duration) VALUES ("Long Slow Goodbye",8,"00:06:53");
INSERT INTO AlbumSong (album_id,song_id,format_id) VALUES(89,1232,1);
INSERT INTO AlbumSong (album_id,song_id,format_id) VALUES(89,1232,2);
INSERT INTO Album(album_id,album_name,artist_id,art_id,release_date) VALUES (89,"Lullabies To Paralyze",8,89,"2005-01-01");
INSERT INTO AlbumArt(path) VALUES ("/var/www/album_art/queens_of_the_stone_age_songs_for_the_deaf.jpg");
INSERT INTO Song (song_name,artist_id,duration) VALUES ("The Real Song For The Deaf",8,"00:01:31");
INSERT INTO AlbumSong (album_id,song_id,format_id) VALUES(90,1233,1);
INSERT INTO AlbumSong (album_id,song_id,format_id) VALUES(90,1233,2);
INSERT INTO Song (song_name,artist_id,duration) VALUES ("You Think I Ain't Worth A Dollar, But I Feel Like A Millionaire",8,"00:03:12");
INSERT INTO AlbumSong (album_id,song_id,format_id) VALUES(90,1234,1);
INSERT INTO AlbumSong (album_id,song_id,format_id) VALUES(90,1234,2);
INSERT INTO Song (song_name,artist_id,duration) VALUES ("No One Knows",8,"00:04:38");
INSERT INTO AlbumSong (album_id,song_id,format_id) VALUES(90,1235,1);
INSERT INTO AlbumSong (album_id,song_id,format_id) VALUES(90,1235,2);
INSERT INTO Song (song_name,artist_id,duration) VALUES ("First It Giveth",8,"00:03:18");
INSERT INTO AlbumSong (album_id,song_id,format_id) VALUES(90,1236,1);
INSERT INTO AlbumSong (album_id,song_id,format_id) VALUES(90,1236,2);
INSERT INTO Song (song_name,artist_id,duration) VALUES ("Song For The Dead",8,"00:05:52");
INSERT INTO AlbumSong (album_id,song_id,format_id) VALUES(90,1237,1);
INSERT INTO AlbumSong (album_id,song_id,format_id) VALUES(90,1237,2);
INSERT INTO Song (song_name,artist_id,duration) VALUES ("The Sky Is Fallin'",8,"00:06:15");
INSERT INTO AlbumSong (album_id,song_id,format_id) VALUES(90,1238,1);
INSERT INTO AlbumSong (album_id,song_id,format_id) VALUES(90,1238,2);
INSERT INTO Song (song_name,artist_id,duration) VALUES ("Six Shooter",8,"00:01:19");
INSERT INTO AlbumSong (album_id,song_id,format_id) VALUES(90,1239,1);
INSERT INTO AlbumSong (album_id,song_id,format_id) VALUES(90,1239,2);
INSERT INTO Song (song_name,artist_id,duration) VALUES ("Hanging Tree",8,"00:03:06");
INSERT INTO AlbumSong (album_id,song_id,format_id) VALUES(90,1240,1);
INSERT INTO AlbumSong (album_id,song_id,format_id) VALUES(90,1240,2);
INSERT INTO Song (song_name,artist_id,duration) VALUES ("Go With The Flow",8,"00:03:07");
INSERT INTO AlbumSong (album_id,song_id,format_id) VALUES(90,1241,1);
INSERT INTO AlbumSong (album_id,song_id,format_id) VALUES(90,1241,2);
INSERT INTO Song (song_name,artist_id,duration) VALUES ("Gonna Leave You",8,"00:02:50");
INSERT INTO AlbumSong (album_id,song_id,format_id) VALUES(90,1242,1);
INSERT INTO AlbumSong (album_id,song_id,format_id) VALUES(90,1242,2);
INSERT INTO Song (song_name,artist_id,duration) VALUES ("Do It Again",8,"00:04:04");
INSERT INTO AlbumSong (album_id,song_id,format_id) VALUES(90,1243,1);
INSERT INTO AlbumSong (album_id,song_id,format_id) VALUES(90,1243,2);
INSERT INTO Song (song_name,artist_id,duration) VALUES ("God Is In The Radio",8,"00:06:04");
INSERT INTO AlbumSong (album_id,song_id,format_id) VALUES(90,1244,1);
INSERT INTO AlbumSong (album_id,song_id,format_id) VALUES(90,1244,2);
INSERT INTO Song (song_name,artist_id,duration) VALUES ("Another Love Song",8,"00:03:15");
INSERT INTO AlbumSong (album_id,song_id,format_id) VALUES(90,1245,1);
INSERT INTO AlbumSong (album_id,song_id,format_id) VALUES(90,1245,2);
INSERT INTO Song (song_name,artist_id,duration) VALUES ("Song For The Deaf",8,"00:06:42");
INSERT INTO AlbumSong (album_id,song_id,format_id) VALUES(90,1246,1);
INSERT INTO AlbumSong (album_id,song_id,format_id) VALUES(90,1246,2);
INSERT INTO Song (song_name,artist_id,duration) VALUES ("Mosquito Song",8,"00:05:38");
INSERT INTO AlbumSong (album_id,song_id,format_id) VALUES(90,1247,1);
INSERT INTO AlbumSong (album_id,song_id,format_id) VALUES(90,1247,2);
INSERT INTO Album(album_id,album_name,artist_id,art_id,release_date) VALUES (90,"Songs For The Deaf",8,90,"2002-01-01");
INSERT INTO AlbumArt(path) VALUES ("/var/www/album_art/queens_of_the_stone_age_rated_r.jpg");
INSERT INTO AlbumSong (album_id,song_id,format_id) VALUES(91,1168,1);
INSERT INTO AlbumSong (album_id,song_id,format_id) VALUES(91,1168,2);
INSERT INTO AlbumSong (album_id,song_id,format_id) VALUES(91,1169,1);
INSERT INTO AlbumSong (album_id,song_id,format_id) VALUES(91,1169,2);
INSERT INTO AlbumSong (album_id,song_id,format_id) VALUES(91,1170,1);
INSERT INTO AlbumSong (album_id,song_id,format_id) VALUES(91,1170,2);
INSERT INTO Song (song_name,artist_id,duration) VALUES ("Auto Pilot",8,"00:04:01");
INSERT INTO AlbumSong (album_id,song_id,format_id) VALUES(91,1248,1);
INSERT INTO AlbumSong (album_id,song_id,format_id) VALUES(91,1248,2);
INSERT INTO AlbumSong (album_id,song_id,format_id) VALUES(91,1172,1);
INSERT INTO AlbumSong (album_id,song_id,format_id) VALUES(91,1172,2);
INSERT INTO AlbumSong (album_id,song_id,format_id) VALUES(91,1173,1);
INSERT INTO AlbumSong (album_id,song_id,format_id) VALUES(91,1173,2);
INSERT INTO AlbumSong (album_id,song_id,format_id) VALUES(91,1174,1);
INSERT INTO AlbumSong (album_id,song_id,format_id) VALUES(91,1174,2);
INSERT INTO Song (song_name,artist_id,duration) VALUES ("In The Fade",8,"00:03:50");
INSERT INTO AlbumSong (album_id,song_id,format_id) VALUES(91,1249,1);
INSERT INTO AlbumSong (album_id,song_id,format_id) VALUES(91,1249,2);
INSERT INTO Song (song_name,artist_id,duration) VALUES ("Feel Good Hit Of The Summer - (Reprise)",8,"00:00:34");
INSERT INTO AlbumSong (album_id,song_id,format_id) VALUES(91,1250,1);
INSERT INTO AlbumSong (album_id,song_id,format_id) VALUES(91,1250,2);
INSERT INTO AlbumSong (album_id,song_id,format_id) VALUES(91,1176,1);
INSERT INTO AlbumSong (album_id,song_id,format_id) VALUES(91,1176,2);
INSERT INTO AlbumSong (album_id,song_id,format_id) VALUES(91,1177,1);
INSERT INTO AlbumSong (album_id,song_id,format_id) VALUES(91,1177,2);
INSERT INTO AlbumSong (album_id,song_id,format_id) VALUES(91,1178,1);
INSERT INTO AlbumSong (album_id,song_id,format_id) VALUES(91,1178,2);
INSERT INTO Album(album_id,album_name,artist_id,art_id,release_date) VALUES (91,"Rated R",8,91,"2000-06-06");
INSERT INTO AlbumArt(path) VALUES ("/var/www/album_art/queens_of_the_stone_age_queens_of_the_stone_age_(1998_version).jpg");
INSERT INTO Song (song_name,artist_id,duration) VALUES ("Regular John",8,"00:04:37");
INSERT INTO AlbumSong (album_id,song_id,format_id) VALUES(92,1251,1);
INSERT INTO AlbumSong (album_id,song_id,format_id) VALUES(92,1251,2);
INSERT INTO Song (song_name,artist_id,duration) VALUES ("Avon",8,"00:03:25");
INSERT INTO AlbumSong (album_id,song_id,format_id) VALUES(92,1252,1);
INSERT INTO AlbumSong (album_id,song_id,format_id) VALUES(92,1252,2);
INSERT INTO Song (song_name,artist_id,duration) VALUES ("If Only",8,"00:03:22");
INSERT INTO AlbumSong (album_id,song_id,format_id) VALUES(92,1253,1);
INSERT INTO AlbumSong (album_id,song_id,format_id) VALUES(92,1253,2);
INSERT INTO Song (song_name,artist_id,duration) VALUES ("Walkin on the Sidewalks",8,"00:05:01");
INSERT INTO AlbumSong (album_id,song_id,format_id) VALUES(92,1254,1);
INSERT INTO AlbumSong (album_id,song_id,format_id) VALUES(92,1254,2);
INSERT INTO Song (song_name,artist_id,duration) VALUES ("You Would Know",8,"00:04:18");
INSERT INTO AlbumSong (album_id,song_id,format_id) VALUES(92,1255,1);
INSERT INTO AlbumSong (album_id,song_id,format_id) VALUES(92,1255,2);
INSERT INTO Song (song_name,artist_id,duration) VALUES ("How to Handle a Rope (A Lesson in the Lariat)",8,"00:03:31");
INSERT INTO AlbumSong (album_id,song_id,format_id) VALUES(92,1256,1);
INSERT INTO AlbumSong (album_id,song_id,format_id) VALUES(92,1256,2);
INSERT INTO Song (song_name,artist_id,duration) VALUES ("Mexicola",8,"00:04:55");
INSERT INTO AlbumSong (album_id,song_id,format_id) VALUES(92,1257,1);
INSERT INTO AlbumSong (album_id,song_id,format_id) VALUES(92,1257,2);
INSERT INTO Song (song_name,artist_id,duration) VALUES ("Hispanic Impressions",8,"00:02:46");
INSERT INTO AlbumSong (album_id,song_id,format_id) VALUES(92,1258,1);
INSERT INTO AlbumSong (album_id,song_id,format_id) VALUES(92,1258,2);
INSERT INTO Song (song_name,artist_id,duration) VALUES ("You Can't Quit Me Baby",8,"00:06:36");
INSERT INTO AlbumSong (album_id,song_id,format_id) VALUES(92,1259,1);
INSERT INTO AlbumSong (album_id,song_id,format_id) VALUES(92,1259,2);
INSERT INTO Song (song_name,artist_id,duration) VALUES ("Give the Mule What He Wants",8,"00:03:09");
INSERT INTO AlbumSong (album_id,song_id,format_id) VALUES(92,1260,1);
INSERT INTO AlbumSong (album_id,song_id,format_id) VALUES(92,1260,2);
INSERT INTO Song (song_name,artist_id,duration) VALUES ("I Was a Teenage Hand Model",8,"00:05:02");
INSERT INTO AlbumSong (album_id,song_id,format_id) VALUES(92,1261,1);
INSERT INTO AlbumSong (album_id,song_id,format_id) VALUES(92,1261,2);
INSERT INTO Album(album_id,album_name,artist_id,art_id,release_date) VALUES (92,"Queens of the Stone Age (1998 Version)",8,92,"1998-09-22");
INSERT INTO AlbumArt(path) VALUES ("/var/www/album_art/queens_of_the_stone_age_queens_of_the_stone_age.jpg");
INSERT INTO AlbumSong (album_id,song_id,format_id) VALUES(93,1251,1);
INSERT INTO AlbumSong (album_id,song_id,format_id) VALUES(93,1251,2);
INSERT INTO AlbumSong (album_id,song_id,format_id) VALUES(93,1252,1);
INSERT INTO AlbumSong (album_id,song_id,format_id) VALUES(93,1252,2);
INSERT INTO AlbumSong (album_id,song_id,format_id) VALUES(93,1253,1);
INSERT INTO AlbumSong (album_id,song_id,format_id) VALUES(93,1253,2);
INSERT INTO AlbumSong (album_id,song_id,format_id) VALUES(93,1254,1);
INSERT INTO AlbumSong (album_id,song_id,format_id) VALUES(93,1254,2);
INSERT INTO AlbumSong (album_id,song_id,format_id) VALUES(93,1255,1);
INSERT INTO AlbumSong (album_id,song_id,format_id) VALUES(93,1255,2);
INSERT INTO Song (song_name,artist_id,duration) VALUES ("The Bronze - Bonus Track",8,"00:03:45");
INSERT INTO AlbumSong (album_id,song_id,format_id) VALUES(93,1262,1);
INSERT INTO AlbumSong (album_id,song_id,format_id) VALUES(93,1262,2);
INSERT INTO AlbumSong (album_id,song_id,format_id) VALUES(93,1256,1);
INSERT INTO AlbumSong (album_id,song_id,format_id) VALUES(93,1256,2);
INSERT INTO AlbumSong (album_id,song_id,format_id) VALUES(93,1257,1);
INSERT INTO AlbumSong (album_id,song_id,format_id) VALUES(93,1257,2);
INSERT INTO AlbumSong (album_id,song_id,format_id) VALUES(93,1258,1);
INSERT INTO AlbumSong (album_id,song_id,format_id) VALUES(93,1258,2);
INSERT INTO AlbumSong (album_id,song_id,format_id) VALUES(93,1259,1);
INSERT INTO AlbumSong (album_id,song_id,format_id) VALUES(93,1259,2);
INSERT INTO Song (song_name,artist_id,duration) VALUES ("These Aren't the Droids You're Looking For",8,"00:03:07");
INSERT INTO AlbumSong (album_id,song_id,format_id) VALUES(93,1263,1);
INSERT INTO AlbumSong (album_id,song_id,format_id) VALUES(93,1263,2);
INSERT INTO AlbumSong (album_id,song_id,format_id) VALUES(93,1260,1);
INSERT INTO AlbumSong (album_id,song_id,format_id) VALUES(93,1260,2);
INSERT INTO Song (song_name,artist_id,duration) VALUES ("Spiders and Vinegaroons",8,"00:06:26");
INSERT INTO AlbumSong (album_id,song_id,format_id) VALUES(93,1264,1);
INSERT INTO AlbumSong (album_id,song_id,format_id) VALUES(93,1264,2);
INSERT INTO AlbumSong (album_id,song_id,format_id) VALUES(93,1261,1);
INSERT INTO AlbumSong (album_id,song_id,format_id) VALUES(93,1261,2);
INSERT INTO Album(album_id,album_name,artist_id,art_id,release_date) VALUES (93,"Queens of the Stone Age",8,93,"1998-09-22");
INSERT INTO Artist (artist_name,genre_id,description) VALUES ("Beck",1,"");
INSERT INTO AlbumArt(path) VALUES ("/var/www/album_art/beck_esquemas.jpg");
INSERT INTO Song (song_name,artist_id,duration) VALUES ("BUEN DIA",9,"00:02:38");
INSERT INTO AlbumSong (album_id,song_id,format_id) VALUES(94,1265,1);
INSERT INTO AlbumSong (album_id,song_id,format_id) VALUES(94,1265,2);
INSERT INTO Song (song_name,artist_id,duration) VALUES ("FULANITO",9,"00:02:38");
INSERT INTO AlbumSong (album_id,song_id,format_id) VALUES(94,1266,1);
INSERT INTO AlbumSong (album_id,song_id,format_id) VALUES(94,1266,2);
INSERT INTO Song (song_name,artist_id,duration) VALUES ("TAJIN",9,"00:02:54");
INSERT INTO AlbumSong (album_id,song_id,format_id) VALUES(94,1267,1);
INSERT INTO AlbumSong (album_id,song_id,format_id) VALUES(94,1267,2);
INSERT INTO Song (song_name,artist_id,duration) VALUES ("FLASHBACK (feat. ELENA ROSE)",9,"00:03:25");
INSERT INTO AlbumSong (album_id,song_id,format_id) VALUES(94,1268,1);
INSERT INTO AlbumSong (album_id,song_id,format_id) VALUES(94,1268,2);
INSERT INTO Song (song_name,artist_id,duration) VALUES ("BAILÉ CON MI EX",9,"00:02:41");
INSERT INTO AlbumSong (album_id,song_id,format_id) VALUES(94,1269,1);
INSERT INTO AlbumSong (album_id,song_id,format_id) VALUES(94,1269,2);
INSERT INTO Song (song_name,artist_id,duration) VALUES ("DOLORES",9,"00:03:19");
INSERT INTO AlbumSong (album_id,song_id,format_id) VALUES(94,1270,1);
INSERT INTO AlbumSong (album_id,song_id,format_id) VALUES(94,1270,2);
INSERT INTO Song (song_name,artist_id,duration) VALUES ("UNA MAS",9,"00:02:07");
INSERT INTO AlbumSong (album_id,song_id,format_id) VALUES(94,1271,1);
INSERT INTO AlbumSong (album_id,song_id,format_id) VALUES(94,1271,2);
INSERT INTO Song (song_name,artist_id,duration) VALUES ("BORRACHA",9,"00:02:37");
INSERT INTO AlbumSong (album_id,song_id,format_id) VALUES(94,1272,1);
INSERT INTO AlbumSong (album_id,song_id,format_id) VALUES(94,1272,2);
INSERT INTO Song (song_name,artist_id,duration) VALUES ("KILL BILL",9,"00:03:01");
INSERT INTO AlbumSong (album_id,song_id,format_id) VALUES(94,1273,1);
INSERT INTO AlbumSong (album_id,song_id,format_id) VALUES(94,1273,2);
INSERT INTO Song (song_name,artist_id,duration) VALUES ("QUE LE MUERDA",9,"00:02:40");
INSERT INTO AlbumSong (album_id,song_id,format_id) VALUES(94,1274,1);
INSERT INTO AlbumSong (album_id,song_id,format_id) VALUES(94,1274,2);
INSERT INTO Song (song_name,artist_id,duration) VALUES ("GUAPA",9,"00:03:19");
INSERT INTO AlbumSong (album_id,song_id,format_id) VALUES(94,1275,1);
INSERT INTO AlbumSong (album_id,song_id,format_id) VALUES(94,1275,2);
INSERT INTO Song (song_name,artist_id,duration) VALUES ("RAM PAM PAM",9,"00:03:22");
INSERT INTO AlbumSong (album_id,song_id,format_id) VALUES(94,1276,1);
INSERT INTO AlbumSong (album_id,song_id,format_id) VALUES(94,1276,2);
INSERT INTO Song (song_name,artist_id,duration) VALUES ("NO MIENTEN",9,"00:02:29");
INSERT INTO AlbumSong (album_id,song_id,format_id) VALUES(94,1277,1);
INSERT INTO AlbumSong (album_id,song_id,format_id) VALUES(94,1277,2);
INSERT INTO Song (song_name,artist_id,duration) VALUES ("MAMIII",9,"00:03:46");
INSERT INTO AlbumSong (album_id,song_id,format_id) VALUES(94,1278,1);
INSERT INTO AlbumSong (album_id,song_id,format_id) VALUES(94,1278,2);
INSERT INTO Album(album_id,album_name,artist_id,art_id,release_date) VALUES (94,"ESQUEMAS",9,94,"2022-05-13");
INSERT INTO AlbumArt(path) VALUES ("/var/www/album_art/beck_mala_santa.jpg");
INSERT INTO Song (song_name,artist_id,duration) VALUES ("MALA SANTA",9,"00:02:53");
INSERT INTO AlbumSong (album_id,song_id,format_id) VALUES(95,1279,1);
INSERT INTO AlbumSong (album_id,song_id,format_id) VALUES(95,1279,2);
INSERT INTO Song (song_name,artist_id,duration) VALUES ("DOLLAR",9,"00:03:24");
INSERT INTO AlbumSong (album_id,song_id,format_id) VALUES(95,1280,1);
INSERT INTO AlbumSong (album_id,song_id,format_id) VALUES(95,1280,2);
INSERT INTO Song (song_name,artist_id,duration) VALUES ("24/7",9,"00:02:45");
INSERT INTO AlbumSong (album_id,song_id,format_id) VALUES(95,1281,1);
INSERT INTO AlbumSong (album_id,song_id,format_id) VALUES(95,1281,2);
INSERT INTO Song (song_name,artist_id,duration) VALUES ("SI SI",9,"00:03:00");
INSERT INTO AlbumSong (album_id,song_id,format_id) VALUES(95,1282,1);
INSERT INTO AlbumSong (album_id,song_id,format_id) VALUES(95,1282,2);
INSERT INTO Song (song_name,artist_id,duration) VALUES ("VÁMONOS",9,"00:03:31");
INSERT INTO AlbumSong (album_id,song_id,format_id) VALUES(95,1283,1);
INSERT INTO AlbumSong (album_id,song_id,format_id) VALUES(95,1283,2);
INSERT INTO Song (song_name,artist_id,duration) VALUES ("MEJOR ASÍ",9,"00:02:53");
INSERT INTO AlbumSong (album_id,song_id,format_id) VALUES(95,1284,1);
INSERT INTO AlbumSong (album_id,song_id,format_id) VALUES(95,1284,2);
INSERT INTO Song (song_name,artist_id,duration) VALUES ("PELEAS",9,"00:03:27");
INSERT INTO AlbumSong (album_id,song_id,format_id) VALUES(95,1285,1);
INSERT INTO AlbumSong (album_id,song_id,format_id) VALUES(95,1285,2);
INSERT INTO Song (song_name,artist_id,duration) VALUES ("NO TE PERTENEZCO",9,"00:03:37");
INSERT INTO AlbumSong (album_id,song_id,format_id) VALUES(95,1286,1);
INSERT INTO AlbumSong (album_id,song_id,format_id) VALUES(95,1286,2);
INSERT INTO Song (song_name,artist_id,duration) VALUES ("EN MI CONTRA",9,"00:02:23");
INSERT INTO AlbumSong (album_id,song_id,format_id) VALUES(95,1287,1);
INSERT INTO AlbumSong (album_id,song_id,format_id) VALUES(95,1287,2);
INSERT INTO Song (song_name,artist_id,duration) VALUES ("ME ACOSTUMBRÉ",9,"00:03:36");
INSERT INTO AlbumSong (album_id,song_id,format_id) VALUES(95,1288,1);
INSERT INTO AlbumSong (album_id,song_id,format_id) VALUES(95,1288,2);
INSERT INTO Song (song_name,artist_id,duration) VALUES ("NI DE TI NI DE NADIE",9,"00:03:01");
INSERT INTO AlbumSong (album_id,song_id,format_id) VALUES(95,1289,1);
INSERT INTO AlbumSong (album_id,song_id,format_id) VALUES(95,1289,2);
INSERT INTO Song (song_name,artist_id,duration) VALUES ("SUBIENDO",9,"00:02:58");
INSERT INTO AlbumSong (album_id,song_id,format_id) VALUES(95,1290,1);
INSERT INTO AlbumSong (album_id,song_id,format_id) VALUES(95,1290,2);
INSERT INTO Song (song_name,artist_id,duration) VALUES ("TE SUPERÉ",9,"00:04:32");
INSERT INTO AlbumSong (album_id,song_id,format_id) VALUES(95,1291,1);
INSERT INTO AlbumSong (album_id,song_id,format_id) VALUES(95,1291,2);
INSERT INTO Song (song_name,artist_id,duration) VALUES ("Cuando Te Besé",9,"00:04:16");
INSERT INTO AlbumSong (album_id,song_id,format_id) VALUES(95,1292,1);
INSERT INTO AlbumSong (album_id,song_id,format_id) VALUES(95,1292,2);
INSERT INTO Song (song_name,artist_id,duration) VALUES ("Sin Pijama",9,"00:03:10");
INSERT INTO AlbumSong (album_id,song_id,format_id) VALUES(95,1293,1);
INSERT INTO AlbumSong (album_id,song_id,format_id) VALUES(95,1293,2);
INSERT INTO Song (song_name,artist_id,duration) VALUES ("Mayores",9,"00:03:23");
INSERT INTO AlbumSong (album_id,song_id,format_id) VALUES(95,1294,1);
INSERT INTO AlbumSong (album_id,song_id,format_id) VALUES(95,1294,2);
INSERT INTO Album(album_id,album_name,artist_id,art_id,release_date) VALUES (95,"MALA SANTA",9,95,"2019-10-18");
INSERT INTO Artist (artist_name,genre_id,description) VALUES ("Lana Del Ray",1,"");
INSERT INTO AlbumArt(path) VALUES ("/var/www/album_art/lana_del_ray_blue_banisters.jpg");
INSERT INTO Song (song_name,artist_id,duration) VALUES ("Text Book",10,"00:05:03");
INSERT INTO AlbumSong (album_id,song_id,format_id) VALUES(96,1295,1);
INSERT INTO AlbumSong (album_id,song_id,format_id) VALUES(96,1295,2);
INSERT INTO Song (song_name,artist_id,duration) VALUES ("Blue Banisters",10,"00:04:53");
INSERT INTO AlbumSong (album_id,song_id,format_id) VALUES(96,1296,1);
INSERT INTO AlbumSong (album_id,song_id,format_id) VALUES(96,1296,2);
INSERT INTO Song (song_name,artist_id,duration) VALUES ("Arcadia",10,"00:04:23");
INSERT INTO AlbumSong (album_id,song_id,format_id) VALUES(96,1297,1);
INSERT INTO AlbumSong (album_id,song_id,format_id) VALUES(96,1297,2);
INSERT INTO Song (song_name,artist_id,duration) VALUES ("Interlude - The Trio",10,"00:01:15");
INSERT INTO AlbumSong (album_id,song_id,format_id) VALUES(96,1298,1);
INSERT INTO AlbumSong (album_id,song_id,format_id) VALUES(96,1298,2);
INSERT INTO Song (song_name,artist_id,duration) VALUES ("Black Bathing Suit",10,"00:05:18");
INSERT INTO AlbumSong (album_id,song_id,format_id) VALUES(96,1299,1);
INSERT INTO AlbumSong (album_id,song_id,format_id) VALUES(96,1299,2);
INSERT INTO Song (song_name,artist_id,duration) VALUES ("If You Lie Down With Me",10,"00:04:25");
INSERT INTO AlbumSong (album_id,song_id,format_id) VALUES(96,1300,1);
INSERT INTO AlbumSong (album_id,song_id,format_id) VALUES(96,1300,2);
INSERT INTO Song (song_name,artist_id,duration) VALUES ("Beautiful",10,"00:03:35");
INSERT INTO AlbumSong (album_id,song_id,format_id) VALUES(96,1301,1);
INSERT INTO AlbumSong (album_id,song_id,format_id) VALUES(96,1301,2);
INSERT INTO Song (song_name,artist_id,duration) VALUES ("Violets for Roses",10,"00:04:15");
INSERT INTO AlbumSong (album_id,song_id,format_id) VALUES(96,1302,1);
INSERT INTO AlbumSong (album_id,song_id,format_id) VALUES(96,1302,2);
INSERT INTO Song (song_name,artist_id,duration) VALUES ("Dealer",10,"00:04:34");
INSERT INTO AlbumSong (album_id,song_id,format_id) VALUES(96,1303,1);
INSERT INTO AlbumSong (album_id,song_id,format_id) VALUES(96,1303,2);
INSERT INTO Song (song_name,artist_id,duration) VALUES ("Thunder",10,"00:04:19");
INSERT INTO AlbumSong (album_id,song_id,format_id) VALUES(96,1304,1);
INSERT INTO AlbumSong (album_id,song_id,format_id) VALUES(96,1304,2);
INSERT INTO Song (song_name,artist_id,duration) VALUES ("Wildflower Wildfire",10,"00:04:47");
INSERT INTO AlbumSong (album_id,song_id,format_id) VALUES(96,1305,1);
INSERT INTO AlbumSong (album_id,song_id,format_id) VALUES(96,1305,2);
INSERT INTO Song (song_name,artist_id,duration) VALUES ("Nectar Of The Gods",10,"00:04:19");
INSERT INTO AlbumSong (album_id,song_id,format_id) VALUES(96,1306,1);
INSERT INTO AlbumSong (album_id,song_id,format_id) VALUES(96,1306,2);
INSERT INTO Song (song_name,artist_id,duration) VALUES ("Living Legend",10,"00:04:01");
INSERT INTO AlbumSong (album_id,song_id,format_id) VALUES(96,1307,1);
INSERT INTO AlbumSong (album_id,song_id,format_id) VALUES(96,1307,2);
INSERT INTO Song (song_name,artist_id,duration) VALUES ("Cherry Blossom",10,"00:03:17");
INSERT INTO AlbumSong (album_id,song_id,format_id) VALUES(96,1308,1);
INSERT INTO AlbumSong (album_id,song_id,format_id) VALUES(96,1308,2);
INSERT INTO Song (song_name,artist_id,duration) VALUES ("Sweet Carolina",10,"00:03:21");
INSERT INTO AlbumSong (album_id,song_id,format_id) VALUES(96,1309,1);
INSERT INTO AlbumSong (album_id,song_id,format_id) VALUES(96,1309,2);
INSERT INTO Album(album_id,album_name,artist_id,art_id,release_date) VALUES (96,"Blue Banisters",10,96,"2021-10-22");
INSERT INTO AlbumArt(path) VALUES ("/var/www/album_art/lana_del_ray_chemtrails_over_the_country_club.jpg");
INSERT INTO Song (song_name,artist_id,duration) VALUES ("White Dress",10,"00:05:33");
INSERT INTO AlbumSong (album_id,song_id,format_id) VALUES(97,1310,1);
INSERT INTO AlbumSong (album_id,song_id,format_id) VALUES(97,1310,2);
INSERT INTO Song (song_name,artist_id,duration) VALUES ("Chemtrails Over The Country Club",10,"00:04:31");
INSERT INTO AlbumSong (album_id,song_id,format_id) VALUES(97,1311,1);
INSERT INTO AlbumSong (album_id,song_id,format_id) VALUES(97,1311,2);
INSERT INTO Song (song_name,artist_id,duration) VALUES ("Tulsa Jesus Freak",10,"00:03:35");
INSERT INTO AlbumSong (album_id,song_id,format_id) VALUES(97,1312,1);
INSERT INTO AlbumSong (album_id,song_id,format_id) VALUES(97,1312,2);
INSERT INTO Song (song_name,artist_id,duration) VALUES ("Let Me Love You Like A Woman",10,"00:03:20");
INSERT INTO AlbumSong (album_id,song_id,format_id) VALUES(97,1313,1);
INSERT INTO AlbumSong (album_id,song_id,format_id) VALUES(97,1313,2);
INSERT INTO Song (song_name,artist_id,duration) VALUES ("Wild At Heart",10,"00:04:06");
INSERT INTO AlbumSong (album_id,song_id,format_id) VALUES(97,1314,1);
INSERT INTO AlbumSong (album_id,song_id,format_id) VALUES(97,1314,2);
INSERT INTO Song (song_name,artist_id,duration) VALUES ("Dark But Just A Game",10,"00:03:55");
INSERT INTO AlbumSong (album_id,song_id,format_id) VALUES(97,1315,1);
INSERT INTO AlbumSong (album_id,song_id,format_id) VALUES(97,1315,2);
INSERT INTO Song (song_name,artist_id,duration) VALUES ("Not All Who Wander Are Lost",10,"00:04:05");
INSERT INTO AlbumSong (album_id,song_id,format_id) VALUES(97,1316,1);
INSERT INTO AlbumSong (album_id,song_id,format_id) VALUES(97,1316,2);
INSERT INTO Song (song_name,artist_id,duration) VALUES ("Yosemite",10,"00:05:06");
INSERT INTO AlbumSong (album_id,song_id,format_id) VALUES(97,1317,1);
INSERT INTO AlbumSong (album_id,song_id,format_id) VALUES(97,1317,2);
INSERT INTO Song (song_name,artist_id,duration) VALUES ("Breaking Up Slowly",10,"00:02:57");
INSERT INTO AlbumSong (album_id,song_id,format_id) VALUES(97,1318,1);
INSERT INTO AlbumSong (album_id,song_id,format_id) VALUES(97,1318,2);
INSERT INTO Song (song_name,artist_id,duration) VALUES ("Dance Till We Die",10,"00:04:03");
INSERT INTO AlbumSong (album_id,song_id,format_id) VALUES(97,1319,1);
INSERT INTO AlbumSong (album_id,song_id,format_id) VALUES(97,1319,2);
INSERT INTO Song (song_name,artist_id,duration) VALUES ("For Free",10,"00:04:11");
INSERT INTO AlbumSong (album_id,song_id,format_id) VALUES(97,1320,1);
INSERT INTO AlbumSong (album_id,song_id,format_id) VALUES(97,1320,2);
INSERT INTO Album(album_id,album_name,artist_id,art_id,release_date) VALUES (97,"Chemtrails Over The Country Club",10,97,"2021-03-19");
INSERT INTO AlbumArt(path) VALUES ("/var/www/album_art/lana_del_ray_norman_fucking_rockwell!.jpg");
INSERT INTO Song (song_name,artist_id,duration) VALUES ("Norman fucking Rockwell",10,"00:04:08");
INSERT INTO AlbumSong (album_id,song_id,format_id) VALUES(98,1321,1);
INSERT INTO AlbumSong (album_id,song_id,format_id) VALUES(98,1321,2);
INSERT INTO Song (song_name,artist_id,duration) VALUES ("Mariners Apartment Complex",10,"00:04:07");
INSERT INTO AlbumSong (album_id,song_id,format_id) VALUES(98,1322,1);
INSERT INTO AlbumSong (album_id,song_id,format_id) VALUES(98,1322,2);
INSERT INTO Song (song_name,artist_id,duration) VALUES ("Venice Bitch",10,"00:09:37");
INSERT INTO AlbumSong (album_id,song_id,format_id) VALUES(98,1323,1);
INSERT INTO AlbumSong (album_id,song_id,format_id) VALUES(98,1323,2);
INSERT INTO Song (song_name,artist_id,duration) VALUES ("Fuck it I love you",10,"00:03:38");
INSERT INTO AlbumSong (album_id,song_id,format_id) VALUES(98,1324,1);
INSERT INTO AlbumSong (album_id,song_id,format_id) VALUES(98,1324,2);
INSERT INTO Song (song_name,artist_id,duration) VALUES ("Doin' Time",10,"00:03:22");
INSERT INTO AlbumSong (album_id,song_id,format_id) VALUES(98,1325,1);
INSERT INTO AlbumSong (album_id,song_id,format_id) VALUES(98,1325,2);
INSERT INTO Song (song_name,artist_id,duration) VALUES ("Love song",10,"00:03:49");
INSERT INTO AlbumSong (album_id,song_id,format_id) VALUES(98,1326,1);
INSERT INTO AlbumSong (album_id,song_id,format_id) VALUES(98,1326,2);
INSERT INTO Song (song_name,artist_id,duration) VALUES ("Cinnamon Girl",10,"00:05:00");
INSERT INTO AlbumSong (album_id,song_id,format_id) VALUES(98,1327,1);
INSERT INTO AlbumSong (album_id,song_id,format_id) VALUES(98,1327,2);
INSERT INTO Song (song_name,artist_id,duration) VALUES ("How to disappear",10,"00:03:48");
INSERT INTO AlbumSong (album_id,song_id,format_id) VALUES(98,1328,1);
INSERT INTO AlbumSong (album_id,song_id,format_id) VALUES(98,1328,2);
INSERT INTO Song (song_name,artist_id,duration) VALUES ("California",10,"00:05:05");
INSERT INTO AlbumSong (album_id,song_id,format_id) VALUES(98,1329,1);
INSERT INTO AlbumSong (album_id,song_id,format_id) VALUES(98,1329,2);
INSERT INTO Song (song_name,artist_id,duration) VALUES ("The Next Best American Record",10,"00:05:49");
INSERT INTO AlbumSong (album_id,song_id,format_id) VALUES(98,1330,1);
INSERT INTO AlbumSong (album_id,song_id,format_id) VALUES(98,1330,2);
INSERT INTO Song (song_name,artist_id,duration) VALUES ("The greatest",10,"00:05:00");
INSERT INTO AlbumSong (album_id,song_id,format_id) VALUES(98,1331,1);
INSERT INTO AlbumSong (album_id,song_id,format_id) VALUES(98,1331,2);
INSERT INTO Song (song_name,artist_id,duration) VALUES ("Bartender",10,"00:04:23");
INSERT INTO AlbumSong (album_id,song_id,format_id) VALUES(98,1332,1);
INSERT INTO AlbumSong (album_id,song_id,format_id) VALUES(98,1332,2);
INSERT INTO Song (song_name,artist_id,duration) VALUES ("Happiness is a butterfly",10,"00:04:32");
INSERT INTO AlbumSong (album_id,song_id,format_id) VALUES(98,1333,1);
INSERT INTO AlbumSong (album_id,song_id,format_id) VALUES(98,1333,2);
INSERT INTO Song (song_name,artist_id,duration) VALUES ("hope is a dangerous thing for a woman like me to have - but I have it",10,"00:05:24");
INSERT INTO AlbumSong (album_id,song_id,format_id) VALUES(98,1334,1);
INSERT INTO AlbumSong (album_id,song_id,format_id) VALUES(98,1334,2);
INSERT INTO Album(album_id,album_name,artist_id,art_id,release_date) VALUES (98,"Norman Fucking Rockwell!",10,98,"2019-08-30");
INSERT INTO AlbumArt(path) VALUES ("/var/www/album_art/lana_del_ray_lust_for_life.jpg");
INSERT INTO Song (song_name,artist_id,duration) VALUES ("Love",10,"00:04:32");
INSERT INTO AlbumSong (album_id,song_id,format_id) VALUES(99,1335,1);
INSERT INTO AlbumSong (album_id,song_id,format_id) VALUES(99,1335,2);
INSERT INTO Song (song_name,artist_id,duration) VALUES ("Lust For Life (with The Weeknd)",10,"00:04:24");
INSERT INTO AlbumSong (album_id,song_id,format_id) VALUES(99,1336,1);
INSERT INTO AlbumSong (album_id,song_id,format_id) VALUES(99,1336,2);
INSERT INTO Song (song_name,artist_id,duration) VALUES ("13 Beaches",10,"00:04:55");
INSERT INTO AlbumSong (album_id,song_id,format_id) VALUES(99,1337,1);
INSERT INTO AlbumSong (album_id,song_id,format_id) VALUES(99,1337,2);
INSERT INTO Song (song_name,artist_id,duration) VALUES ("Cherry",10,"00:03:00");
INSERT INTO AlbumSong (album_id,song_id,format_id) VALUES(99,1338,1);
INSERT INTO AlbumSong (album_id,song_id,format_id) VALUES(99,1338,2);
INSERT INTO Song (song_name,artist_id,duration) VALUES ("White Mustang",10,"00:02:44");
INSERT INTO AlbumSong (album_id,song_id,format_id) VALUES(99,1339,1);
INSERT INTO AlbumSong (album_id,song_id,format_id) VALUES(99,1339,2);
INSERT INTO Song (song_name,artist_id,duration) VALUES ("Summer Bummer (feat. A$AP Rocky & Playboi Carti)",10,"00:04:20");
INSERT INTO AlbumSong (album_id,song_id,format_id) VALUES(99,1340,1);
INSERT INTO AlbumSong (album_id,song_id,format_id) VALUES(99,1340,2);
INSERT INTO Song (song_name,artist_id,duration) VALUES ("Groupie Love (feat. A$AP Rocky)",10,"00:04:24");
INSERT INTO AlbumSong (album_id,song_id,format_id) VALUES(99,1341,1);
INSERT INTO AlbumSong (album_id,song_id,format_id) VALUES(99,1341,2);
INSERT INTO Song (song_name,artist_id,duration) VALUES ("In My Feelings",10,"00:03:58");
INSERT INTO AlbumSong (album_id,song_id,format_id) VALUES(99,1342,1);
INSERT INTO AlbumSong (album_id,song_id,format_id) VALUES(99,1342,2);
INSERT INTO Song (song_name,artist_id,duration) VALUES ("Coachella - Woodstock In My Mind",10,"00:04:18");
INSERT INTO AlbumSong (album_id,song_id,format_id) VALUES(99,1343,1);
INSERT INTO AlbumSong (album_id,song_id,format_id) VALUES(99,1343,2);
INSERT INTO Song (song_name,artist_id,duration) VALUES ("God Bless America - And All The Beautiful Women In It",10,"00:04:36");
INSERT INTO AlbumSong (album_id,song_id,format_id) VALUES(99,1344,1);
INSERT INTO AlbumSong (album_id,song_id,format_id) VALUES(99,1344,2);
INSERT INTO Song (song_name,artist_id,duration) VALUES ("When The World Was At War We Kept Dancing",10,"00:04:35");
INSERT INTO AlbumSong (album_id,song_id,format_id) VALUES(99,1345,1);
INSERT INTO AlbumSong (album_id,song_id,format_id) VALUES(99,1345,2);
INSERT INTO Song (song_name,artist_id,duration) VALUES ("Beautiful People Beautiful Problems (feat. Stevie Nicks)",10,"00:04:13");
INSERT INTO AlbumSong (album_id,song_id,format_id) VALUES(99,1346,1);
INSERT INTO AlbumSong (album_id,song_id,format_id) VALUES(99,1346,2);
INSERT INTO Song (song_name,artist_id,duration) VALUES ("Tomorrow Never Came (feat. Sean Ono Lennon)",10,"00:05:07");
INSERT INTO AlbumSong (album_id,song_id,format_id) VALUES(99,1347,1);
INSERT INTO AlbumSong (album_id,song_id,format_id) VALUES(99,1347,2);
INSERT INTO Song (song_name,artist_id,duration) VALUES ("Heroin",10,"00:05:55");
INSERT INTO AlbumSong (album_id,song_id,format_id) VALUES(99,1348,1);
INSERT INTO AlbumSong (album_id,song_id,format_id) VALUES(99,1348,2);
INSERT INTO Song (song_name,artist_id,duration) VALUES ("Change",10,"00:05:21");
INSERT INTO AlbumSong (album_id,song_id,format_id) VALUES(99,1349,1);
INSERT INTO AlbumSong (album_id,song_id,format_id) VALUES(99,1349,2);
INSERT INTO Song (song_name,artist_id,duration) VALUES ("Get Free",10,"00:05:34");
INSERT INTO AlbumSong (album_id,song_id,format_id) VALUES(99,1350,1);
INSERT INTO AlbumSong (album_id,song_id,format_id) VALUES(99,1350,2);
INSERT INTO Album(album_id,album_name,artist_id,art_id,release_date) VALUES (99,"Lust For Life",10,99,"2017-07-21");
INSERT INTO AlbumArt(path) VALUES ("/var/www/album_art/lana_del_ray_honeymoon.jpg");
INSERT INTO Song (song_name,artist_id,duration) VALUES ("Honeymoon",10,"00:05:50");
INSERT INTO AlbumSong (album_id,song_id,format_id) VALUES(100,1351,1);
INSERT INTO AlbumSong (album_id,song_id,format_id) VALUES(100,1351,2);
INSERT INTO Song (song_name,artist_id,duration) VALUES ("Music To Watch Boys To",10,"00:04:50");
INSERT INTO AlbumSong (album_id,song_id,format_id) VALUES(100,1352,1);
INSERT INTO AlbumSong (album_id,song_id,format_id) VALUES(100,1352,2);
INSERT INTO Song (song_name,artist_id,duration) VALUES ("Terrence Loves You",10,"00:04:50");
INSERT INTO AlbumSong (album_id,song_id,format_id) VALUES(100,1353,1);
INSERT INTO AlbumSong (album_id,song_id,format_id) VALUES(100,1353,2);
INSERT INTO Song (song_name,artist_id,duration) VALUES ("God Knows I Tried",10,"00:04:40");
INSERT INTO AlbumSong (album_id,song_id,format_id) VALUES(100,1354,1);
INSERT INTO AlbumSong (album_id,song_id,format_id) VALUES(100,1354,2);
INSERT INTO Song (song_name,artist_id,duration) VALUES ("High By The Beach",10,"00:04:17");
INSERT INTO AlbumSong (album_id,song_id,format_id) VALUES(100,1355,1);
INSERT INTO AlbumSong (album_id,song_id,format_id) VALUES(100,1355,2);
INSERT INTO Song (song_name,artist_id,duration) VALUES ("Freak",10,"00:04:55");
INSERT INTO AlbumSong (album_id,song_id,format_id) VALUES(100,1356,1);
INSERT INTO AlbumSong (album_id,song_id,format_id) VALUES(100,1356,2);
INSERT INTO Song (song_name,artist_id,duration) VALUES ("Art Deco",10,"00:04:55");
INSERT INTO AlbumSong (album_id,song_id,format_id) VALUES(100,1357,1);
INSERT INTO AlbumSong (album_id,song_id,format_id) VALUES(100,1357,2);
INSERT INTO Song (song_name,artist_id,duration) VALUES ("Burnt Norton - Interlude",10,"00:01:21");
INSERT INTO AlbumSong (album_id,song_id,format_id) VALUES(100,1358,1);
INSERT INTO AlbumSong (album_id,song_id,format_id) VALUES(100,1358,2);
INSERT INTO Song (song_name,artist_id,duration) VALUES ("Religion",10,"00:05:23");
INSERT INTO AlbumSong (album_id,song_id,format_id) VALUES(100,1359,1);
INSERT INTO AlbumSong (album_id,song_id,format_id) VALUES(100,1359,2);
INSERT INTO Song (song_name,artist_id,duration) VALUES ("Salvatore",10,"00:04:41");
INSERT INTO AlbumSong (album_id,song_id,format_id) VALUES(100,1360,1);
INSERT INTO AlbumSong (album_id,song_id,format_id) VALUES(100,1360,2);
INSERT INTO Song (song_name,artist_id,duration) VALUES ("The Blackest Day",10,"00:06:05");
INSERT INTO AlbumSong (album_id,song_id,format_id) VALUES(100,1361,1);
INSERT INTO AlbumSong (album_id,song_id,format_id) VALUES(100,1361,2);
INSERT INTO Song (song_name,artist_id,duration) VALUES ("24",10,"00:04:55");
INSERT INTO AlbumSong (album_id,song_id,format_id) VALUES(100,1362,1);
INSERT INTO AlbumSong (album_id,song_id,format_id) VALUES(100,1362,2);
INSERT INTO Song (song_name,artist_id,duration) VALUES ("Swan Song",10,"00:05:23");
INSERT INTO AlbumSong (album_id,song_id,format_id) VALUES(100,1363,1);
INSERT INTO AlbumSong (album_id,song_id,format_id) VALUES(100,1363,2);
INSERT INTO Song (song_name,artist_id,duration) VALUES ("Don't Let Me Be Misunderstood",10,"00:03:01");
INSERT INTO AlbumSong (album_id,song_id,format_id) VALUES(100,1364,1);
INSERT INTO AlbumSong (album_id,song_id,format_id) VALUES(100,1364,2);
INSERT INTO Album(album_id,album_name,artist_id,art_id,release_date) VALUES (100,"Honeymoon",10,100,"2015-09-18");
INSERT INTO AlbumArt(path) VALUES ("/var/www/album_art/lana_del_ray_ultraviolence_(deluxe).jpg");
INSERT INTO Song (song_name,artist_id,duration) VALUES ("Cruel World",10,"00:06:39");
INSERT INTO AlbumSong (album_id,song_id,format_id) VALUES(101,1365,1);
INSERT INTO AlbumSong (album_id,song_id,format_id) VALUES(101,1365,2);
INSERT INTO Song (song_name,artist_id,duration) VALUES ("Ultraviolence",10,"00:04:11");
INSERT INTO AlbumSong (album_id,song_id,format_id) VALUES(101,1366,1);
INSERT INTO AlbumSong (album_id,song_id,format_id) VALUES(101,1366,2);
INSERT INTO Song (song_name,artist_id,duration) VALUES ("Shades Of Cool",10,"00:05:42");
INSERT INTO AlbumSong (album_id,song_id,format_id) VALUES(101,1367,1);
INSERT INTO AlbumSong (album_id,song_id,format_id) VALUES(101,1367,2);
INSERT INTO Song (song_name,artist_id,duration) VALUES ("Brooklyn Baby",10,"00:05:51");
INSERT INTO AlbumSong (album_id,song_id,format_id) VALUES(101,1368,1);
INSERT INTO AlbumSong (album_id,song_id,format_id) VALUES(101,1368,2);
INSERT INTO Song (song_name,artist_id,duration) VALUES ("West Coast",10,"00:04:16");
INSERT INTO AlbumSong (album_id,song_id,format_id) VALUES(101,1369,1);
INSERT INTO AlbumSong (album_id,song_id,format_id) VALUES(101,1369,2);
INSERT INTO Song (song_name,artist_id,duration) VALUES ("Sad Girl",10,"00:05:17");
INSERT INTO AlbumSong (album_id,song_id,format_id) VALUES(101,1370,1);
INSERT INTO AlbumSong (album_id,song_id,format_id) VALUES(101,1370,2);
INSERT INTO Song (song_name,artist_id,duration) VALUES ("Pretty When You Cry",10,"00:03:54");
INSERT INTO AlbumSong (album_id,song_id,format_id) VALUES(101,1371,1);
INSERT INTO AlbumSong (album_id,song_id,format_id) VALUES(101,1371,2);
INSERT INTO Song (song_name,artist_id,duration) VALUES ("Money Power Glory",10,"00:04:30");
INSERT INTO AlbumSong (album_id,song_id,format_id) VALUES(101,1372,1);
INSERT INTO AlbumSong (album_id,song_id,format_id) VALUES(101,1372,2);
INSERT INTO Song (song_name,artist_id,duration) VALUES ("Fucked My Way Up To The Top",10,"00:03:32");
INSERT INTO AlbumSong (album_id,song_id,format_id) VALUES(101,1373,1);
INSERT INTO AlbumSong (album_id,song_id,format_id) VALUES(101,1373,2);
INSERT INTO Song (song_name,artist_id,duration) VALUES ("Old Money",10,"00:04:31");
INSERT INTO AlbumSong (album_id,song_id,format_id) VALUES(101,1374,1);
INSERT INTO AlbumSong (album_id,song_id,format_id) VALUES(101,1374,2);
INSERT INTO Song (song_name,artist_id,duration) VALUES ("The Other Woman",10,"00:03:01");
INSERT INTO AlbumSong (album_id,song_id,format_id) VALUES(101,1375,1);
INSERT INTO AlbumSong (album_id,song_id,format_id) VALUES(101,1375,2);
INSERT INTO Song (song_name,artist_id,duration) VALUES ("Black Beauty",10,"00:05:14");
INSERT INTO AlbumSong (album_id,song_id,format_id) VALUES(101,1376,1);
INSERT INTO AlbumSong (album_id,song_id,format_id) VALUES(101,1376,2);
INSERT INTO Song (song_name,artist_id,duration) VALUES ("Guns And Roses",10,"00:04:30");
INSERT INTO AlbumSong (album_id,song_id,format_id) VALUES(101,1377,1);
INSERT INTO AlbumSong (album_id,song_id,format_id) VALUES(101,1377,2);
INSERT INTO Song (song_name,artist_id,duration) VALUES ("Florida Kilos",10,"00:04:16");
INSERT INTO AlbumSong (album_id,song_id,format_id) VALUES(101,1378,1);
INSERT INTO AlbumSong (album_id,song_id,format_id) VALUES(101,1378,2);
INSERT INTO Album(album_id,album_name,artist_id,art_id,release_date) VALUES (101,"Ultraviolence (Deluxe)",10,101,"2014-01-01");
INSERT INTO AlbumArt(path) VALUES ("/var/www/album_art/lana_del_ray_ultraviolence.jpg");
INSERT INTO AlbumSong (album_id,song_id,format_id) VALUES(102,1365,1);
INSERT INTO AlbumSong (album_id,song_id,format_id) VALUES(102,1365,2);
INSERT INTO AlbumSong (album_id,song_id,format_id) VALUES(102,1366,1);
INSERT INTO AlbumSong (album_id,song_id,format_id) VALUES(102,1366,2);
INSERT INTO AlbumSong (album_id,song_id,format_id) VALUES(102,1367,1);
INSERT INTO AlbumSong (album_id,song_id,format_id) VALUES(102,1367,2);
INSERT INTO AlbumSong (album_id,song_id,format_id) VALUES(102,1368,1);
INSERT INTO AlbumSong (album_id,song_id,format_id) VALUES(102,1368,2);
INSERT INTO AlbumSong (album_id,song_id,format_id) VALUES(102,1369,1);
INSERT INTO AlbumSong (album_id,song_id,format_id) VALUES(102,1369,2);
INSERT INTO AlbumSong (album_id,song_id,format_id) VALUES(102,1370,1);
INSERT INTO AlbumSong (album_id,song_id,format_id) VALUES(102,1370,2);
INSERT INTO AlbumSong (album_id,song_id,format_id) VALUES(102,1371,1);
INSERT INTO AlbumSong (album_id,song_id,format_id) VALUES(102,1371,2);
INSERT INTO AlbumSong (album_id,song_id,format_id) VALUES(102,1372,1);
INSERT INTO AlbumSong (album_id,song_id,format_id) VALUES(102,1372,2);
INSERT INTO AlbumSong (album_id,song_id,format_id) VALUES(102,1373,1);
INSERT INTO AlbumSong (album_id,song_id,format_id) VALUES(102,1373,2);
INSERT INTO AlbumSong (album_id,song_id,format_id) VALUES(102,1374,1);
INSERT INTO AlbumSong (album_id,song_id,format_id) VALUES(102,1374,2);
INSERT INTO AlbumSong (album_id,song_id,format_id) VALUES(102,1375,1);
INSERT INTO AlbumSong (album_id,song_id,format_id) VALUES(102,1375,2);
INSERT INTO Album(album_id,album_name,artist_id,art_id,release_date) VALUES (102,"Ultraviolence",10,102,"2014-01-01");
INSERT INTO AlbumArt(path) VALUES ("/var/www/album_art/lana_del_ray_born_to_die_-_the_paradise_edition.jpg");
INSERT INTO Song (song_name,artist_id,duration) VALUES ("Born To Die",10,"00:04:45");
INSERT INTO AlbumSong (album_id,song_id,format_id) VALUES(103,1379,1);
INSERT INTO AlbumSong (album_id,song_id,format_id) VALUES(103,1379,2);
INSERT INTO Song (song_name,artist_id,duration) VALUES ("Off To The Races",10,"00:04:59");
INSERT INTO AlbumSong (album_id,song_id,format_id) VALUES(103,1380,1);
INSERT INTO AlbumSong (album_id,song_id,format_id) VALUES(103,1380,2);
INSERT INTO Song (song_name,artist_id,duration) VALUES ("Blue Jeans",10,"00:03:29");
INSERT INTO AlbumSong (album_id,song_id,format_id) VALUES(103,1381,1);
INSERT INTO AlbumSong (album_id,song_id,format_id) VALUES(103,1381,2);
INSERT INTO Song (song_name,artist_id,duration) VALUES ("Video Games",10,"00:04:41");
INSERT INTO AlbumSong (album_id,song_id,format_id) VALUES(103,1382,1);
INSERT INTO AlbumSong (album_id,song_id,format_id) VALUES(103,1382,2);
INSERT INTO Song (song_name,artist_id,duration) VALUES ("Diet Mountain Dew",10,"00:03:42");
INSERT INTO AlbumSong (album_id,song_id,format_id) VALUES(103,1383,1);
INSERT INTO AlbumSong (album_id,song_id,format_id) VALUES(103,1383,2);
INSERT INTO Song (song_name,artist_id,duration) VALUES ("National Anthem",10,"00:03:50");
INSERT INTO AlbumSong (album_id,song_id,format_id) VALUES(103,1384,1);
INSERT INTO AlbumSong (album_id,song_id,format_id) VALUES(103,1384,2);
INSERT INTO Song (song_name,artist_id,duration) VALUES ("Dark Paradise",10,"00:04:03");
INSERT INTO AlbumSong (album_id,song_id,format_id) VALUES(103,1385,1);
INSERT INTO AlbumSong (album_id,song_id,format_id) VALUES(103,1385,2);
INSERT INTO Song (song_name,artist_id,duration) VALUES ("Radio",10,"00:03:34");
INSERT INTO AlbumSong (album_id,song_id,format_id) VALUES(103,1386,1);
INSERT INTO AlbumSong (album_id,song_id,format_id) VALUES(103,1386,2);
INSERT INTO Song (song_name,artist_id,duration) VALUES ("Carmen",10,"00:04:08");
INSERT INTO AlbumSong (album_id,song_id,format_id) VALUES(103,1387,1);
INSERT INTO AlbumSong (album_id,song_id,format_id) VALUES(103,1387,2);
INSERT INTO Song (song_name,artist_id,duration) VALUES ("Million Dollar Man",10,"00:03:51");
INSERT INTO AlbumSong (album_id,song_id,format_id) VALUES(103,1388,1);
INSERT INTO AlbumSong (album_id,song_id,format_id) VALUES(103,1388,2);
INSERT INTO Song (song_name,artist_id,duration) VALUES ("Summertime Sadness",10,"00:04:25");
INSERT INTO AlbumSong (album_id,song_id,format_id) VALUES(103,1389,1);
INSERT INTO AlbumSong (album_id,song_id,format_id) VALUES(103,1389,2);
INSERT INTO Song (song_name,artist_id,duration) VALUES ("This Is What Makes Us Girls",10,"00:03:58");
INSERT INTO AlbumSong (album_id,song_id,format_id) VALUES(103,1390,1);
INSERT INTO AlbumSong (album_id,song_id,format_id) VALUES(103,1390,2);
INSERT INTO Song (song_name,artist_id,duration) VALUES ("Without You",10,"00:03:49");
INSERT INTO AlbumSong (album_id,song_id,format_id) VALUES(103,1391,1);
INSERT INTO AlbumSong (album_id,song_id,format_id) VALUES(103,1391,2);
INSERT INTO Song (song_name,artist_id,duration) VALUES ("Lolita",10,"00:03:40");
INSERT INTO AlbumSong (album_id,song_id,format_id) VALUES(103,1392,1);
INSERT INTO AlbumSong (album_id,song_id,format_id) VALUES(103,1392,2);
INSERT INTO Song (song_name,artist_id,duration) VALUES ("Lucky Ones",10,"00:03:45");
INSERT INTO AlbumSong (album_id,song_id,format_id) VALUES(103,1393,1);
INSERT INTO AlbumSong (album_id,song_id,format_id) VALUES(103,1393,2);
INSERT INTO Song (song_name,artist_id,duration) VALUES ("Ride",10,"00:04:49");
INSERT INTO AlbumSong (album_id,song_id,format_id) VALUES(103,1394,1);
INSERT INTO AlbumSong (album_id,song_id,format_id) VALUES(103,1394,2);
INSERT INTO Song (song_name,artist_id,duration) VALUES ("American",10,"00:04:08");
INSERT INTO AlbumSong (album_id,song_id,format_id) VALUES(103,1395,1);
INSERT INTO AlbumSong (album_id,song_id,format_id) VALUES(103,1395,2);
INSERT INTO Song (song_name,artist_id,duration) VALUES ("Cola",10,"00:04:20");
INSERT INTO AlbumSong (album_id,song_id,format_id) VALUES(103,1396,1);
INSERT INTO AlbumSong (album_id,song_id,format_id) VALUES(103,1396,2);
INSERT INTO Song (song_name,artist_id,duration) VALUES ("Body Electric",10,"00:03:53");
INSERT INTO AlbumSong (album_id,song_id,format_id) VALUES(103,1397,1);
INSERT INTO AlbumSong (album_id,song_id,format_id) VALUES(103,1397,2);
INSERT INTO Song (song_name,artist_id,duration) VALUES ("Blue Velvet",10,"00:02:38");
INSERT INTO AlbumSong (album_id,song_id,format_id) VALUES(103,1398,1);
INSERT INTO AlbumSong (album_id,song_id,format_id) VALUES(103,1398,2);
INSERT INTO Song (song_name,artist_id,duration) VALUES ("Gods & Monsters",10,"00:03:57");
INSERT INTO AlbumSong (album_id,song_id,format_id) VALUES(103,1399,1);
INSERT INTO AlbumSong (album_id,song_id,format_id) VALUES(103,1399,2);
INSERT INTO Song (song_name,artist_id,duration) VALUES ("Yayo",10,"00:05:21");
INSERT INTO AlbumSong (album_id,song_id,format_id) VALUES(103,1400,1);
INSERT INTO AlbumSong (album_id,song_id,format_id) VALUES(103,1400,2);
INSERT INTO Song (song_name,artist_id,duration) VALUES ("Bel Air",10,"00:03:57");
INSERT INTO AlbumSong (album_id,song_id,format_id) VALUES(103,1401,1);
INSERT INTO AlbumSong (album_id,song_id,format_id) VALUES(103,1401,2);
INSERT INTO Album(album_id,album_name,artist_id,art_id,release_date) VALUES (103,"Born To Die - The Paradise Edition",10,103,"2012-11-12");
INSERT INTO AlbumArt(path) VALUES ("/var/www/album_art/lana_del_ray_paradise.jpg");
INSERT INTO AlbumSong (album_id,song_id,format_id) VALUES(104,1394,1);
INSERT INTO AlbumSong (album_id,song_id,format_id) VALUES(104,1394,2);
INSERT INTO AlbumSong (album_id,song_id,format_id) VALUES(104,1395,1);
INSERT INTO AlbumSong (album_id,song_id,format_id) VALUES(104,1395,2);
INSERT INTO AlbumSong (album_id,song_id,format_id) VALUES(104,1396,1);
INSERT INTO AlbumSong (album_id,song_id,format_id) VALUES(104,1396,2);
INSERT INTO AlbumSong (album_id,song_id,format_id) VALUES(104,1397,1);
INSERT INTO AlbumSong (album_id,song_id,format_id) VALUES(104,1397,2);
INSERT INTO AlbumSong (album_id,song_id,format_id) VALUES(104,1398,1);
INSERT INTO AlbumSong (album_id,song_id,format_id) VALUES(104,1398,2);
INSERT INTO AlbumSong (album_id,song_id,format_id) VALUES(104,1399,1);
INSERT INTO AlbumSong (album_id,song_id,format_id) VALUES(104,1399,2);
INSERT INTO AlbumSong (album_id,song_id,format_id) VALUES(104,1400,1);
INSERT INTO AlbumSong (album_id,song_id,format_id) VALUES(104,1400,2);
INSERT INTO AlbumSong (album_id,song_id,format_id) VALUES(104,1401,1);
INSERT INTO AlbumSong (album_id,song_id,format_id) VALUES(104,1401,2);
INSERT INTO Album(album_id,album_name,artist_id,art_id,release_date) VALUES (104,"Paradise",10,104,"2012-11-09");
INSERT INTO AlbumArt(path) VALUES ("/var/www/album_art/lana_del_ray_born_to_die.jpg");
INSERT INTO Song (song_name,artist_id,duration) VALUES ("Born To Die",10,"00:04:46");
INSERT INTO AlbumSong (album_id,song_id,format_id) VALUES(105,1402,1);
INSERT INTO AlbumSong (album_id,song_id,format_id) VALUES(105,1402,2);
INSERT INTO AlbumSong (album_id,song_id,format_id) VALUES(105,1380,1);
INSERT INTO AlbumSong (album_id,song_id,format_id) VALUES(105,1380,2);
INSERT INTO AlbumSong (album_id,song_id,format_id) VALUES(105,1381,1);
INSERT INTO AlbumSong (album_id,song_id,format_id) VALUES(105,1381,2);
INSERT INTO AlbumSong (album_id,song_id,format_id) VALUES(105,1382,1);
INSERT INTO AlbumSong (album_id,song_id,format_id) VALUES(105,1382,2);
INSERT INTO AlbumSong (album_id,song_id,format_id) VALUES(105,1383,1);
INSERT INTO AlbumSong (album_id,song_id,format_id) VALUES(105,1383,2);
INSERT INTO AlbumSong (album_id,song_id,format_id) VALUES(105,1384,1);
INSERT INTO AlbumSong (album_id,song_id,format_id) VALUES(105,1384,2);
INSERT INTO AlbumSong (album_id,song_id,format_id) VALUES(105,1385,1);
INSERT INTO AlbumSong (album_id,song_id,format_id) VALUES(105,1385,2);
INSERT INTO AlbumSong (album_id,song_id,format_id) VALUES(105,1386,1);
INSERT INTO AlbumSong (album_id,song_id,format_id) VALUES(105,1386,2);
INSERT INTO AlbumSong (album_id,song_id,format_id) VALUES(105,1387,1);
INSERT INTO AlbumSong (album_id,song_id,format_id) VALUES(105,1387,2);
INSERT INTO Song (song_name,artist_id,duration) VALUES ("Million Dollar Man",10,"00:03:50");
INSERT INTO AlbumSong (album_id,song_id,format_id) VALUES(105,1403,1);
INSERT INTO AlbumSong (album_id,song_id,format_id) VALUES(105,1403,2);
INSERT INTO Song (song_name,artist_id,duration) VALUES ("Summertime Sadness",10,"00:04:24");
INSERT INTO AlbumSong (album_id,song_id,format_id) VALUES(105,1404,1);
INSERT INTO AlbumSong (album_id,song_id,format_id) VALUES(105,1404,2);
INSERT INTO AlbumSong (album_id,song_id,format_id) VALUES(105,1390,1);
INSERT INTO AlbumSong (album_id,song_id,format_id) VALUES(105,1390,2);
INSERT INTO Song (song_name,artist_id,duration) VALUES ("Born To Die - Woodkid & The Shoes Remix",10,"00:04:01");
INSERT INTO AlbumSong (album_id,song_id,format_id) VALUES(105,1405,1);
INSERT INTO AlbumSong (album_id,song_id,format_id) VALUES(105,1405,2);
INSERT INTO Album(album_id,album_name,artist_id,art_id,release_date) VALUES (105,"Born To Die",10,105,"2012-01-30");
INSERT INTO AlbumArt(path) VALUES ("/var/www/album_art/lana_del_ray_born_to_die_(bonus_track_version).jpg");
INSERT INTO AlbumSong (album_id,song_id,format_id) VALUES(106,1402,1);
INSERT INTO AlbumSong (album_id,song_id,format_id) VALUES(106,1402,2);
INSERT INTO AlbumSong (album_id,song_id,format_id) VALUES(106,1380,1);
INSERT INTO AlbumSong (album_id,song_id,format_id) VALUES(106,1380,2);
INSERT INTO AlbumSong (album_id,song_id,format_id) VALUES(106,1381,1);
INSERT INTO AlbumSong (album_id,song_id,format_id) VALUES(106,1381,2);
INSERT INTO AlbumSong (album_id,song_id,format_id) VALUES(106,1382,1);
INSERT INTO AlbumSong (album_id,song_id,format_id) VALUES(106,1382,2);
INSERT INTO AlbumSong (album_id,song_id,format_id) VALUES(106,1383,1);
INSERT INTO AlbumSong (album_id,song_id,format_id) VALUES(106,1383,2);
INSERT INTO AlbumSong (album_id,song_id,format_id) VALUES(106,1384,1);
INSERT INTO AlbumSong (album_id,song_id,format_id) VALUES(106,1384,2);
INSERT INTO AlbumSong (album_id,song_id,format_id) VALUES(106,1385,1);
INSERT INTO AlbumSong (album_id,song_id,format_id) VALUES(106,1385,2);
INSERT INTO AlbumSong (album_id,song_id,format_id) VALUES(106,1386,1);
INSERT INTO AlbumSong (album_id,song_id,format_id) VALUES(106,1386,2);
INSERT INTO AlbumSong (album_id,song_id,format_id) VALUES(106,1387,1);
INSERT INTO AlbumSong (album_id,song_id,format_id) VALUES(106,1387,2);
INSERT INTO AlbumSong (album_id,song_id,format_id) VALUES(106,1403,1);
INSERT INTO AlbumSong (album_id,song_id,format_id) VALUES(106,1403,2);
INSERT INTO AlbumSong (album_id,song_id,format_id) VALUES(106,1404,1);
INSERT INTO AlbumSong (album_id,song_id,format_id) VALUES(106,1404,2);
INSERT INTO AlbumSong (album_id,song_id,format_id) VALUES(106,1390,1);
INSERT INTO AlbumSong (album_id,song_id,format_id) VALUES(106,1390,2);
INSERT INTO Song (song_name,artist_id,duration) VALUES ("Without You",10,"00:03:48");
INSERT INTO AlbumSong (album_id,song_id,format_id) VALUES(106,1406,1);
INSERT INTO AlbumSong (album_id,song_id,format_id) VALUES(106,1406,2);
INSERT INTO Song (song_name,artist_id,duration) VALUES ("Lolita",10,"00:03:39");
INSERT INTO AlbumSong (album_id,song_id,format_id) VALUES(106,1407,1);
INSERT INTO AlbumSong (album_id,song_id,format_id) VALUES(106,1407,2);
INSERT INTO Song (song_name,artist_id,duration) VALUES ("Lucky Ones",10,"00:03:47");
INSERT INTO AlbumSong (album_id,song_id,format_id) VALUES(106,1408,1);
INSERT INTO AlbumSong (album_id,song_id,format_id) VALUES(106,1408,2);
INSERT INTO Album(album_id,album_name,artist_id,art_id,release_date) VALUES (106,"Born To Die (Bonus Track Version)",10,106,"2012-01-30");
INSERT INTO AlbumArt(path) VALUES ("/var/www/album_art/lana_del_ray_born_to_die_–_paradise_edition_(special_version).jpg");
INSERT INTO AlbumSong (album_id,song_id,format_id) VALUES(107,1402,1);
INSERT INTO AlbumSong (album_id,song_id,format_id) VALUES(107,1402,2);
INSERT INTO AlbumSong (album_id,song_id,format_id) VALUES(107,1380,1);
INSERT INTO AlbumSong (album_id,song_id,format_id) VALUES(107,1380,2);
INSERT INTO Song (song_name,artist_id,duration) VALUES ("Blue Jeans - Remastered 2011",10,"00:03:29");
INSERT INTO AlbumSong (album_id,song_id,format_id) VALUES(107,1409,1);
INSERT INTO AlbumSong (album_id,song_id,format_id) VALUES(107,1409,2);
INSERT INTO AlbumSong (album_id,song_id,format_id) VALUES(107,1382,1);
INSERT INTO AlbumSong (album_id,song_id,format_id) VALUES(107,1382,2);
INSERT INTO AlbumSong (album_id,song_id,format_id) VALUES(107,1383,1);
INSERT INTO AlbumSong (album_id,song_id,format_id) VALUES(107,1383,2);
INSERT INTO AlbumSong (album_id,song_id,format_id) VALUES(107,1384,1);
INSERT INTO AlbumSong (album_id,song_id,format_id) VALUES(107,1384,2);
INSERT INTO AlbumSong (album_id,song_id,format_id) VALUES(107,1385,1);
INSERT INTO AlbumSong (album_id,song_id,format_id) VALUES(107,1385,2);
INSERT INTO AlbumSong (album_id,song_id,format_id) VALUES(107,1386,1);
INSERT INTO AlbumSong (album_id,song_id,format_id) VALUES(107,1386,2);
INSERT INTO AlbumSong (album_id,song_id,format_id) VALUES(107,1387,1);
INSERT INTO AlbumSong (album_id,song_id,format_id) VALUES(107,1387,2);
INSERT INTO AlbumSong (album_id,song_id,format_id) VALUES(107,1403,1);
INSERT INTO AlbumSong (album_id,song_id,format_id) VALUES(107,1403,2);
INSERT INTO AlbumSong (album_id,song_id,format_id) VALUES(107,1404,1);
INSERT INTO AlbumSong (album_id,song_id,format_id) VALUES(107,1404,2);
INSERT INTO AlbumSong (album_id,song_id,format_id) VALUES(107,1390,1);
INSERT INTO AlbumSong (album_id,song_id,format_id) VALUES(107,1390,2);
INSERT INTO AlbumSong (album_id,song_id,format_id) VALUES(107,1406,1);
INSERT INTO AlbumSong (album_id,song_id,format_id) VALUES(107,1406,2);
INSERT INTO AlbumSong (album_id,song_id,format_id) VALUES(107,1407,1);
INSERT INTO AlbumSong (album_id,song_id,format_id) VALUES(107,1407,2);
INSERT INTO AlbumSong (album_id,song_id,format_id) VALUES(107,1408,1);
INSERT INTO AlbumSong (album_id,song_id,format_id) VALUES(107,1408,2);
INSERT INTO AlbumSong (album_id,song_id,format_id) VALUES(107,1394,1);
INSERT INTO AlbumSong (album_id,song_id,format_id) VALUES(107,1394,2);
INSERT INTO AlbumSong (album_id,song_id,format_id) VALUES(107,1395,1);
INSERT INTO AlbumSong (album_id,song_id,format_id) VALUES(107,1395,2);
INSERT INTO AlbumSong (album_id,song_id,format_id) VALUES(107,1396,1);
INSERT INTO AlbumSong (album_id,song_id,format_id) VALUES(107,1396,2);
INSERT INTO AlbumSong (album_id,song_id,format_id) VALUES(107,1397,1);
INSERT INTO AlbumSong (album_id,song_id,format_id) VALUES(107,1397,2);
INSERT INTO AlbumSong (album_id,song_id,format_id) VALUES(107,1398,1);
INSERT INTO AlbumSong (album_id,song_id,format_id) VALUES(107,1398,2);
INSERT INTO AlbumSong (album_id,song_id,format_id) VALUES(107,1399,1);
INSERT INTO AlbumSong (album_id,song_id,format_id) VALUES(107,1399,2);
INSERT INTO AlbumSong (album_id,song_id,format_id) VALUES(107,1400,1);
INSERT INTO AlbumSong (album_id,song_id,format_id) VALUES(107,1400,2);
INSERT INTO AlbumSong (album_id,song_id,format_id) VALUES(107,1401,1);
INSERT INTO AlbumSong (album_id,song_id,format_id) VALUES(107,1401,2);
INSERT INTO Song (song_name,artist_id,duration) VALUES ("Burning Desire",10,"00:03:51");
INSERT INTO AlbumSong (album_id,song_id,format_id) VALUES(107,1410,1);
INSERT INTO AlbumSong (album_id,song_id,format_id) VALUES(107,1410,2);
INSERT INTO Album(album_id,album_name,artist_id,art_id,release_date) VALUES (107,"Born To Die – Paradise Edition (Special Version)",10,107,"2012-01-01");
INSERT INTO Genre (genre_name,subgenre_name) VALUES ("Rock","Grunge");
INSERT INTO Artist (artist_name,genre_id,description) VALUES ("Nirvana",2,"");
INSERT INTO AlbumArt(path) VALUES ("/var/www/album_art/nirvana_nevermind_(30th_anniversary_super_deluxe).jpg");
INSERT INTO Song (song_name,artist_id,duration) VALUES ("Smells Like Teen Spirit - Remastered 2021",11,"00:05:00");
INSERT INTO AlbumSong (album_id,song_id,format_id) VALUES(108,1411,1);
INSERT INTO AlbumSong (album_id,song_id,format_id) VALUES(108,1411,2);
INSERT INTO Song (song_name,artist_id,duration) VALUES ("In Bloom - Remastered 2021",11,"00:04:14");
INSERT INTO AlbumSong (album_id,song_id,format_id) VALUES(108,1412,1);
INSERT INTO AlbumSong (album_id,song_id,format_id) VALUES(108,1412,2);
INSERT INTO Song (song_name,artist_id,duration) VALUES ("Come As You Are - Remastered 2021",11,"00:03:38");
INSERT INTO AlbumSong (album_id,song_id,format_id) VALUES(108,1413,1);
INSERT INTO AlbumSong (album_id,song_id,format_id) VALUES(108,1413,2);
INSERT INTO Song (song_name,artist_id,duration) VALUES ("Breed - Remastered 2021",11,"00:03:03");
INSERT INTO AlbumSong (album_id,song_id,format_id) VALUES(108,1414,1);
INSERT INTO AlbumSong (album_id,song_id,format_id) VALUES(108,1414,2);
INSERT INTO Song (song_name,artist_id,duration) VALUES ("Lithium - Remastered 2021",11,"00:04:16");
INSERT INTO AlbumSong (album_id,song_id,format_id) VALUES(108,1415,1);
INSERT INTO AlbumSong (album_id,song_id,format_id) VALUES(108,1415,2);
INSERT INTO Song (song_name,artist_id,duration) VALUES ("Polly - Remastered 2021",11,"00:02:54");
INSERT INTO AlbumSong (album_id,song_id,format_id) VALUES(108,1416,1);
INSERT INTO AlbumSong (album_id,song_id,format_id) VALUES(108,1416,2);
INSERT INTO Song (song_name,artist_id,duration) VALUES ("Territorial Pissings - Remastered 2021",11,"00:02:23");
INSERT INTO AlbumSong (album_id,song_id,format_id) VALUES(108,1417,1);
INSERT INTO AlbumSong (album_id,song_id,format_id) VALUES(108,1417,2);
INSERT INTO Song (song_name,artist_id,duration) VALUES ("Drain You - Remastered 2021",11,"00:03:43");
INSERT INTO AlbumSong (album_id,song_id,format_id) VALUES(108,1418,1);
INSERT INTO AlbumSong (album_id,song_id,format_id) VALUES(108,1418,2);
INSERT INTO Song (song_name,artist_id,duration) VALUES ("Lounge Act - Remastered 2021",11,"00:02:36");
INSERT INTO AlbumSong (album_id,song_id,format_id) VALUES(108,1419,1);
INSERT INTO AlbumSong (album_id,song_id,format_id) VALUES(108,1419,2);
INSERT INTO Song (song_name,artist_id,duration) VALUES ("Stay Away - Remastered 2021",11,"00:03:31");
INSERT INTO AlbumSong (album_id,song_id,format_id) VALUES(108,1420,1);
INSERT INTO AlbumSong (album_id,song_id,format_id) VALUES(108,1420,2);
INSERT INTO Song (song_name,artist_id,duration) VALUES ("On A Plain - Remastered 2021",11,"00:03:14");
INSERT INTO AlbumSong (album_id,song_id,format_id) VALUES(108,1421,1);
INSERT INTO AlbumSong (album_id,song_id,format_id) VALUES(108,1421,2);
INSERT INTO Song (song_name,artist_id,duration) VALUES ("Something In The Way - Remastered 2021",11,"00:03:52");
INSERT INTO AlbumSong (album_id,song_id,format_id) VALUES(108,1422,1);
INSERT INTO AlbumSong (album_id,song_id,format_id) VALUES(108,1422,2);
INSERT INTO Song (song_name,artist_id,duration) VALUES ("Endless, Nameless - Remastered 2021",11,"00:06:43");
INSERT INTO AlbumSong (album_id,song_id,format_id) VALUES(108,1423,1);
INSERT INTO AlbumSong (album_id,song_id,format_id) VALUES(108,1423,2);
INSERT INTO Song (song_name,artist_id,duration) VALUES ("Drain You - Live In Amsterdam, Netherlands/1991",11,"00:04:06");
INSERT INTO AlbumSong (album_id,song_id,format_id) VALUES(108,1424,1);
INSERT INTO AlbumSong (album_id,song_id,format_id) VALUES(108,1424,2);
INSERT INTO Song (song_name,artist_id,duration) VALUES ("Aneurysm - Live In Amsterdam, Netherlands/1991",11,"00:04:19");
INSERT INTO AlbumSong (album_id,song_id,format_id) VALUES(108,1425,1);
INSERT INTO AlbumSong (album_id,song_id,format_id) VALUES(108,1425,2);
INSERT INTO Song (song_name,artist_id,duration) VALUES ("School - Live In Amsterdam, Netherlands/1991",11,"00:02:43");
INSERT INTO AlbumSong (album_id,song_id,format_id) VALUES(108,1426,1);
INSERT INTO AlbumSong (album_id,song_id,format_id) VALUES(108,1426,2);
INSERT INTO Song (song_name,artist_id,duration) VALUES ("Floyd The Barber - Live In Amsterdam, Netherlands/1991",11,"00:02:58");
INSERT INTO AlbumSong (album_id,song_id,format_id) VALUES(108,1427,1);
INSERT INTO AlbumSong (album_id,song_id,format_id) VALUES(108,1427,2);
INSERT INTO Song (song_name,artist_id,duration) VALUES ("Smells Like Teen Spirit - Live In Amsterdam, Netherlands/1991",11,"00:04:49");
INSERT INTO AlbumSong (album_id,song_id,format_id) VALUES(108,1428,1);
INSERT INTO AlbumSong (album_id,song_id,format_id) VALUES(108,1428,2);
INSERT INTO Song (song_name,artist_id,duration) VALUES ("About A Girl - Live In Amsterdam, Netherlands/1991",11,"00:02:46");
INSERT INTO AlbumSong (album_id,song_id,format_id) VALUES(108,1429,1);
INSERT INTO AlbumSong (album_id,song_id,format_id) VALUES(108,1429,2);
INSERT INTO Song (song_name,artist_id,duration) VALUES ("Polly - Live In Amsterdam, Netherlands/1991",11,"00:02:49");
INSERT INTO AlbumSong (album_id,song_id,format_id) VALUES(108,1430,1);
INSERT INTO AlbumSong (album_id,song_id,format_id) VALUES(108,1430,2);
INSERT INTO Song (song_name,artist_id,duration) VALUES ("Lithium - Live In Amsterdam, Netherlands/1991",11,"00:04:13");
INSERT INTO AlbumSong (album_id,song_id,format_id) VALUES(108,1431,1);
INSERT INTO AlbumSong (album_id,song_id,format_id) VALUES(108,1431,2);
INSERT INTO Song (song_name,artist_id,duration) VALUES ("Sliver - Live In Amsterdam, Netherlands/1991",11,"00:02:13");
INSERT INTO AlbumSong (album_id,song_id,format_id) VALUES(108,1432,1);
INSERT INTO AlbumSong (album_id,song_id,format_id) VALUES(108,1432,2);
INSERT INTO Song (song_name,artist_id,duration) VALUES ("Breed - Live In Amsterdam, Netherlands/1991",11,"00:03:39");
INSERT INTO AlbumSong (album_id,song_id,format_id) VALUES(108,1433,1);
INSERT INTO AlbumSong (album_id,song_id,format_id) VALUES(108,1433,2);
INSERT INTO Song (song_name,artist_id,duration) VALUES ("Come As You Are - Live In Amsterdam, Netherlands/1991",11,"00:05:31");
INSERT INTO AlbumSong (album_id,song_id,format_id) VALUES(108,1434,1);
INSERT INTO AlbumSong (album_id,song_id,format_id) VALUES(108,1434,2);
INSERT INTO Song (song_name,artist_id,duration) VALUES ("Been A Son - Live In Amsterdam, Netherlands/1991",11,"00:02:05");
INSERT INTO AlbumSong (album_id,song_id,format_id) VALUES(108,1435,1);
INSERT INTO AlbumSong (album_id,song_id,format_id) VALUES(108,1435,2);
INSERT INTO Song (song_name,artist_id,duration) VALUES ("Negative Creep - Live In Amsterdam, Netherlands/1991",11,"00:02:39");
INSERT INTO AlbumSong (album_id,song_id,format_id) VALUES(108,1436,1);
INSERT INTO AlbumSong (album_id,song_id,format_id) VALUES(108,1436,2);
INSERT INTO Song (song_name,artist_id,duration) VALUES ("On A Plain - Live In Amsterdam, Netherlands/1991",11,"00:03:07");
INSERT INTO AlbumSong (album_id,song_id,format_id) VALUES(108,1437,1);
INSERT INTO AlbumSong (album_id,song_id,format_id) VALUES(108,1437,2);
INSERT INTO Song (song_name,artist_id,duration) VALUES ("Blew - Live In Amsterdam, Netherlands/1991",11,"00:03:33");
INSERT INTO AlbumSong (album_id,song_id,format_id) VALUES(108,1438,1);
INSERT INTO AlbumSong (album_id,song_id,format_id) VALUES(108,1438,2);
INSERT INTO Song (song_name,artist_id,duration) VALUES ("Love Buzz - Live In Amsterdam, Netherlands/1991",11,"00:03:27");
INSERT INTO AlbumSong (album_id,song_id,format_id) VALUES(108,1439,1);
INSERT INTO AlbumSong (album_id,song_id,format_id) VALUES(108,1439,2);
INSERT INTO Song (song_name,artist_id,duration) VALUES ("Territorial Pissings - Live In Amsterdam, Netherlands/1991",11,"00:04:07");
INSERT INTO AlbumSong (album_id,song_id,format_id) VALUES(108,1440,1);
INSERT INTO AlbumSong (album_id,song_id,format_id) VALUES(108,1440,2);
INSERT INTO Song (song_name,artist_id,duration) VALUES ("Drain You - Live In Del Mar, California/1991",11,"00:03:59");
INSERT INTO AlbumSong (album_id,song_id,format_id) VALUES(108,1441,1);
INSERT INTO AlbumSong (album_id,song_id,format_id) VALUES(108,1441,2);
INSERT INTO Song (song_name,artist_id,duration) VALUES ("Aneurysm - Live In Del Mar, California/1991",11,"00:04:22");
INSERT INTO AlbumSong (album_id,song_id,format_id) VALUES(108,1442,1);
INSERT INTO AlbumSong (album_id,song_id,format_id) VALUES(108,1442,2);
INSERT INTO Song (song_name,artist_id,duration) VALUES ("School - Live In Del Mar, California/1991",11,"00:02:30");
INSERT INTO AlbumSong (album_id,song_id,format_id) VALUES(108,1443,1);
INSERT INTO AlbumSong (album_id,song_id,format_id) VALUES(108,1443,2);
INSERT INTO Song (song_name,artist_id,duration) VALUES ("Floyd The Barber - Live In Del Mar, California/1991",11,"00:02:29");
INSERT INTO AlbumSong (album_id,song_id,format_id) VALUES(108,1444,1);
INSERT INTO AlbumSong (album_id,song_id,format_id) VALUES(108,1444,2);
INSERT INTO Song (song_name,artist_id,duration) VALUES ("Smells Like Teen Spirit - Live In Del Mar, California/1991",11,"00:04:49");
INSERT INTO AlbumSong (album_id,song_id,format_id) VALUES(108,1445,1);
INSERT INTO AlbumSong (album_id,song_id,format_id) VALUES(108,1445,2);
INSERT INTO Song (song_name,artist_id,duration) VALUES ("About A Girl - Live In Del Mar, California/1991",11,"00:02:57");
INSERT INTO AlbumSong (album_id,song_id,format_id) VALUES(108,1446,1);
INSERT INTO AlbumSong (album_id,song_id,format_id) VALUES(108,1446,2);
INSERT INTO Song (song_name,artist_id,duration) VALUES ("Polly - Live In Del Mar, California/1991",11,"00:02:49");
INSERT INTO AlbumSong (album_id,song_id,format_id) VALUES(108,1447,1);
INSERT INTO AlbumSong (album_id,song_id,format_id) VALUES(108,1447,2);
INSERT INTO Song (song_name,artist_id,duration) VALUES ("Sliver - Live In Del Mar, California/1991",11,"00:01:56");
INSERT INTO AlbumSong (album_id,song_id,format_id) VALUES(108,1448,1);
INSERT INTO AlbumSong (album_id,song_id,format_id) VALUES(108,1448,2);
INSERT INTO Song (song_name,artist_id,duration) VALUES ("Breed - Live In Del Mar, California/1991",11,"00:03:10");
INSERT INTO AlbumSong (album_id,song_id,format_id) VALUES(108,1449,1);
INSERT INTO AlbumSong (album_id,song_id,format_id) VALUES(108,1449,2);
INSERT INTO Song (song_name,artist_id,duration) VALUES ("Come As You Are - Live In Del Mar, California/1991",11,"00:03:35");
INSERT INTO AlbumSong (album_id,song_id,format_id) VALUES(108,1450,1);
INSERT INTO AlbumSong (album_id,song_id,format_id) VALUES(108,1450,2);
INSERT INTO Song (song_name,artist_id,duration) VALUES ("Lithium - Live In Del Mar, California/1991",11,"00:04:38");
INSERT INTO AlbumSong (album_id,song_id,format_id) VALUES(108,1451,1);
INSERT INTO AlbumSong (album_id,song_id,format_id) VALUES(108,1451,2);
INSERT INTO Song (song_name,artist_id,duration) VALUES ("Territorial Pissings - Live In Del Mar, California/1991",11,"00:04:13");
INSERT INTO AlbumSong (album_id,song_id,format_id) VALUES(108,1452,1);
INSERT INTO AlbumSong (album_id,song_id,format_id) VALUES(108,1452,2);
INSERT INTO Song (song_name,artist_id,duration) VALUES ("Aneurysm - Live In Melbourne, Australia For Triple J/1992",11,"00:04:59");
INSERT INTO AlbumSong (album_id,song_id,format_id) VALUES(108,1453,1);
INSERT INTO AlbumSong (album_id,song_id,format_id) VALUES(108,1453,2);
INSERT INTO Song (song_name,artist_id,duration) VALUES ("Drain You - Live In Melbourne, Australia For Triple J/1992",11,"00:03:46");
INSERT INTO AlbumSong (album_id,song_id,format_id) VALUES(108,1454,1);
INSERT INTO AlbumSong (album_id,song_id,format_id) VALUES(108,1454,2);
INSERT INTO Song (song_name,artist_id,duration) VALUES ("School - Live In Melbourne, Australia For Triple J/1992",11,"00:02:46");
INSERT INTO AlbumSong (album_id,song_id,format_id) VALUES(108,1455,1);
INSERT INTO AlbumSong (album_id,song_id,format_id) VALUES(108,1455,2);
INSERT INTO Song (song_name,artist_id,duration) VALUES ("Sliver - Live In Melbourne, Australia For Triple J/1992",11,"00:02:04");
INSERT INTO AlbumSong (album_id,song_id,format_id) VALUES(108,1456,1);
INSERT INTO AlbumSong (album_id,song_id,format_id) VALUES(108,1456,2);
INSERT INTO Song (song_name,artist_id,duration) VALUES ("About A Girl - Live In Melbourne, Australia For Triple J/1992",11,"00:02:54");
INSERT INTO AlbumSong (album_id,song_id,format_id) VALUES(108,1457,1);
INSERT INTO AlbumSong (album_id,song_id,format_id) VALUES(108,1457,2);
INSERT INTO Song (song_name,artist_id,duration) VALUES ("Come As You Are - Live In Melbourne, Australia For Triple J/1992",11,"00:03:36");
INSERT INTO AlbumSong (album_id,song_id,format_id) VALUES(108,1458,1);
INSERT INTO AlbumSong (album_id,song_id,format_id) VALUES(108,1458,2);
INSERT INTO Song (song_name,artist_id,duration) VALUES ("Lithium - Live In Melbourne, Australia For Triple J/1992",11,"00:04:47");
INSERT INTO AlbumSong (album_id,song_id,format_id) VALUES(108,1459,1);
INSERT INTO AlbumSong (album_id,song_id,format_id) VALUES(108,1459,2);
INSERT INTO Song (song_name,artist_id,duration) VALUES ("Breed - Live In Melbourne, Australia For Triple J/1992",11,"00:03:11");
INSERT INTO AlbumSong (album_id,song_id,format_id) VALUES(108,1460,1);
INSERT INTO AlbumSong (album_id,song_id,format_id) VALUES(108,1460,2);
INSERT INTO Album(album_id,album_name,artist_id,art_id,release_date) VALUES (108,"Nevermind (30th Anniversary Super Deluxe)",11,108,"2021-11-12");
INSERT INTO AlbumArt(path) VALUES ("/var/www/album_art/nirvana_mtv_unplugged_in_new_york_(25th_anniversary).jpg");
INSERT INTO Song (song_name,artist_id,duration) VALUES ("About A Girl - Live Version",11,"00:03:37");
INSERT INTO AlbumSong (album_id,song_id,format_id) VALUES(109,1461,1);
INSERT INTO AlbumSong (album_id,song_id,format_id) VALUES(109,1461,2);
INSERT INTO Song (song_name,artist_id,duration) VALUES ("Come As You Are - Live Version",11,"00:04:13");
INSERT INTO AlbumSong (album_id,song_id,format_id) VALUES(109,1462,1);
INSERT INTO AlbumSong (album_id,song_id,format_id) VALUES(109,1462,2);
INSERT INTO Song (song_name,artist_id,duration) VALUES ("Jesus Doesn't Want Me For A Sunbeam - Live Version",11,"00:04:37");
INSERT INTO AlbumSong (album_id,song_id,format_id) VALUES(109,1463,1);
INSERT INTO AlbumSong (album_id,song_id,format_id) VALUES(109,1463,2);
INSERT INTO Song (song_name,artist_id,duration) VALUES ("The Man Who Sold The World - Live Version",11,"00:04:21");
INSERT INTO AlbumSong (album_id,song_id,format_id) VALUES(109,1464,1);
INSERT INTO AlbumSong (album_id,song_id,format_id) VALUES(109,1464,2);
INSERT INTO Song (song_name,artist_id,duration) VALUES ("Pennyroyal Tea - Live Version",11,"00:03:40");
INSERT INTO AlbumSong (album_id,song_id,format_id) VALUES(109,1465,1);
INSERT INTO AlbumSong (album_id,song_id,format_id) VALUES(109,1465,2);
INSERT INTO Song (song_name,artist_id,duration) VALUES ("Dumb - Live Version",11,"00:02:53");
INSERT INTO AlbumSong (album_id,song_id,format_id) VALUES(109,1466,1);
INSERT INTO AlbumSong (album_id,song_id,format_id) VALUES(109,1466,2);
INSERT INTO Song (song_name,artist_id,duration) VALUES ("Polly - Live Version",11,"00:03:16");
INSERT INTO AlbumSong (album_id,song_id,format_id) VALUES(109,1467,1);
INSERT INTO AlbumSong (album_id,song_id,format_id) VALUES(109,1467,2);
INSERT INTO Song (song_name,artist_id,duration) VALUES ("On A Plain - Live Version",11,"00:03:44");
INSERT INTO AlbumSong (album_id,song_id,format_id) VALUES(109,1468,1);
INSERT INTO AlbumSong (album_id,song_id,format_id) VALUES(109,1468,2);
INSERT INTO Song (song_name,artist_id,duration) VALUES ("Something In The Way - Live Version",11,"00:04:01");
INSERT INTO AlbumSong (album_id,song_id,format_id) VALUES(109,1469,1);
INSERT INTO AlbumSong (album_id,song_id,format_id) VALUES(109,1469,2);
INSERT INTO Song (song_name,artist_id,duration) VALUES ("Plateau - Live Version",11,"00:03:38");
INSERT INTO AlbumSong (album_id,song_id,format_id) VALUES(109,1470,1);
INSERT INTO AlbumSong (album_id,song_id,format_id) VALUES(109,1470,2);
INSERT INTO Song (song_name,artist_id,duration) VALUES ("Oh Me - Live Version",11,"00:03:26");
INSERT INTO AlbumSong (album_id,song_id,format_id) VALUES(109,1471,1);
INSERT INTO AlbumSong (album_id,song_id,format_id) VALUES(109,1471,2);
INSERT INTO Song (song_name,artist_id,duration) VALUES ("Lake Of Fire - Live Version",11,"00:02:56");
INSERT INTO AlbumSong (album_id,song_id,format_id) VALUES(109,1472,1);
INSERT INTO AlbumSong (album_id,song_id,format_id) VALUES(109,1472,2);
INSERT INTO Song (song_name,artist_id,duration) VALUES ("All Apologies - Live Version",11,"00:04:23");
INSERT INTO AlbumSong (album_id,song_id,format_id) VALUES(109,1473,1);
INSERT INTO AlbumSong (album_id,song_id,format_id) VALUES(109,1473,2);
INSERT INTO Song (song_name,artist_id,duration) VALUES ("Where Did You Sleep Last Night - Live Version",11,"00:05:06");
INSERT INTO AlbumSong (album_id,song_id,format_id) VALUES(109,1474,1);
INSERT INTO AlbumSong (album_id,song_id,format_id) VALUES(109,1474,2);
INSERT INTO Song (song_name,artist_id,duration) VALUES ("Come As You Are - Rehearsal",11,"00:04:45");
INSERT INTO AlbumSong (album_id,song_id,format_id) VALUES(109,1475,1);
INSERT INTO AlbumSong (album_id,song_id,format_id) VALUES(109,1475,2);
INSERT INTO Song (song_name,artist_id,duration) VALUES ("Polly - Rehearsal",11,"00:04:05");
INSERT INTO AlbumSong (album_id,song_id,format_id) VALUES(109,1476,1);
INSERT INTO AlbumSong (album_id,song_id,format_id) VALUES(109,1476,2);
INSERT INTO Song (song_name,artist_id,duration) VALUES ("Plateau - Rehearsal",11,"00:04:40");
INSERT INTO AlbumSong (album_id,song_id,format_id) VALUES(109,1477,1);
INSERT INTO AlbumSong (album_id,song_id,format_id) VALUES(109,1477,2);
INSERT INTO Song (song_name,artist_id,duration) VALUES ("Pennyroyal Tea - Rehearsal",11,"00:04:29");
INSERT INTO AlbumSong (album_id,song_id,format_id) VALUES(109,1478,1);
INSERT INTO AlbumSong (album_id,song_id,format_id) VALUES(109,1478,2);
INSERT INTO Song (song_name,artist_id,duration) VALUES ("The Man Who Sold The World - Rehearsal",11,"00:04:38");
INSERT INTO AlbumSong (album_id,song_id,format_id) VALUES(109,1479,1);
INSERT INTO AlbumSong (album_id,song_id,format_id) VALUES(109,1479,2);
INSERT INTO Album(album_id,album_name,artist_id,art_id,release_date) VALUES (109,"MTV Unplugged In New York (25th Anniversary)",11,109,"2019-11-01");
INSERT INTO AlbumArt(path) VALUES ("/var/www/album_art/nirvana_live_and_loud.jpg");
INSERT INTO Song (song_name,artist_id,duration) VALUES ("Radio Friendly Unit Shifter - Live & Loud",11,"00:04:30");
INSERT INTO AlbumSong (album_id,song_id,format_id) VALUES(110,1480,1);
INSERT INTO AlbumSong (album_id,song_id,format_id) VALUES(110,1480,2);
INSERT INTO Song (song_name,artist_id,duration) VALUES ("Drain You - Live & Loud",11,"00:03:42");
INSERT INTO AlbumSong (album_id,song_id,format_id) VALUES(110,1481,1);
INSERT INTO AlbumSong (album_id,song_id,format_id) VALUES(110,1481,2);
INSERT INTO Song (song_name,artist_id,duration) VALUES ("Breed - Live & Loud",11,"00:03:13");
INSERT INTO AlbumSong (album_id,song_id,format_id) VALUES(110,1482,1);
INSERT INTO AlbumSong (album_id,song_id,format_id) VALUES(110,1482,2);
INSERT INTO Song (song_name,artist_id,duration) VALUES ("Serve The Servants - Live & Loud",11,"00:03:23");
INSERT INTO AlbumSong (album_id,song_id,format_id) VALUES(110,1483,1);
INSERT INTO AlbumSong (album_id,song_id,format_id) VALUES(110,1483,2);
INSERT INTO Song (song_name,artist_id,duration) VALUES ("Rape Me - Live & Loud",11,"00:02:39");
INSERT INTO AlbumSong (album_id,song_id,format_id) VALUES(110,1484,1);
INSERT INTO AlbumSong (album_id,song_id,format_id) VALUES(110,1484,2);
INSERT INTO Song (song_name,artist_id,duration) VALUES ("Sliver - Live & Loud",11,"00:02:05");
INSERT INTO AlbumSong (album_id,song_id,format_id) VALUES(110,1485,1);
INSERT INTO AlbumSong (album_id,song_id,format_id) VALUES(110,1485,2);
INSERT INTO Song (song_name,artist_id,duration) VALUES ("Pennyroyal Tea - Live & Loud",11,"00:03:41");
INSERT INTO AlbumSong (album_id,song_id,format_id) VALUES(110,1486,1);
INSERT INTO AlbumSong (album_id,song_id,format_id) VALUES(110,1486,2);
INSERT INTO Song (song_name,artist_id,duration) VALUES ("Scentless Apprentice - Live & Loud",11,"00:03:53");
INSERT INTO AlbumSong (album_id,song_id,format_id) VALUES(110,1487,1);
INSERT INTO AlbumSong (album_id,song_id,format_id) VALUES(110,1487,2);
INSERT INTO Song (song_name,artist_id,duration) VALUES ("All Apologies - Live & Loud",11,"00:03:38");
INSERT INTO AlbumSong (album_id,song_id,format_id) VALUES(110,1488,1);
INSERT INTO AlbumSong (album_id,song_id,format_id) VALUES(110,1488,2);
INSERT INTO Song (song_name,artist_id,duration) VALUES ("Heart Shaped Box - Live & Loud",11,"00:04:29");
INSERT INTO AlbumSong (album_id,song_id,format_id) VALUES(110,1489,1);
INSERT INTO AlbumSong (album_id,song_id,format_id) VALUES(110,1489,2);
INSERT INTO Song (song_name,artist_id,duration) VALUES ("Blew - Live & Loud",11,"00:03:36");
INSERT INTO AlbumSong (album_id,song_id,format_id) VALUES(110,1490,1);
INSERT INTO AlbumSong (album_id,song_id,format_id) VALUES(110,1490,2);
INSERT INTO Song (song_name,artist_id,duration) VALUES ("The Man Who Sold The World - Live & Loud",11,"00:04:34");
INSERT INTO AlbumSong (album_id,song_id,format_id) VALUES(110,1491,1);
INSERT INTO AlbumSong (album_id,song_id,format_id) VALUES(110,1491,2);
INSERT INTO Song (song_name,artist_id,duration) VALUES ("School - Live & Loud",11,"00:02:40");
INSERT INTO AlbumSong (album_id,song_id,format_id) VALUES(110,1492,1);
INSERT INTO AlbumSong (album_id,song_id,format_id) VALUES(110,1492,2);
INSERT INTO Song (song_name,artist_id,duration) VALUES ("Come As You Are - Live & Loud",11,"00:03:41");
INSERT INTO AlbumSong (album_id,song_id,format_id) VALUES(110,1493,1);
INSERT INTO AlbumSong (album_id,song_id,format_id) VALUES(110,1493,2);
INSERT INTO Song (song_name,artist_id,duration) VALUES ("Lithium - Live & Loud",11,"00:04:20");
INSERT INTO AlbumSong (album_id,song_id,format_id) VALUES(110,1494,1);
INSERT INTO AlbumSong (album_id,song_id,format_id) VALUES(110,1494,2);
INSERT INTO Song (song_name,artist_id,duration) VALUES ("About A Girl - Live & Loud",11,"00:02:48");
INSERT INTO AlbumSong (album_id,song_id,format_id) VALUES(110,1495,1);
INSERT INTO AlbumSong (album_id,song_id,format_id) VALUES(110,1495,2);
INSERT INTO Song (song_name,artist_id,duration) VALUES ("Endless, Nameless - Live & Loud",11,"00:13:28");
INSERT INTO AlbumSong (album_id,song_id,format_id) VALUES(110,1496,1);
INSERT INTO AlbumSong (album_id,song_id,format_id) VALUES(110,1496,2);
INSERT INTO Album(album_id,album_name,artist_id,art_id,release_date) VALUES (110,"Live And Loud",11,110,"2019-07-26");
INSERT INTO AlbumArt(path) VALUES ("/var/www/album_art/nirvana_live_at_the_paramount.jpg");
INSERT INTO Song (song_name,artist_id,duration) VALUES ("Jesus Doesn't Want Me For A Sunbeam - Live At The Paramount/1991",11,"00:03:29");
INSERT INTO AlbumSong (album_id,song_id,format_id) VALUES(111,1497,1);
INSERT INTO AlbumSong (album_id,song_id,format_id) VALUES(111,1497,2);
INSERT INTO Song (song_name,artist_id,duration) VALUES ("Aneurysm - Live At The Paramount/1991",11,"00:04:49");
INSERT INTO AlbumSong (album_id,song_id,format_id) VALUES(111,1498,1);
INSERT INTO AlbumSong (album_id,song_id,format_id) VALUES(111,1498,2);
INSERT INTO Song (song_name,artist_id,duration) VALUES ("Drain You - Live At The Paramount/1991",11,"00:03:46");
INSERT INTO AlbumSong (album_id,song_id,format_id) VALUES(111,1499,1);
INSERT INTO AlbumSong (album_id,song_id,format_id) VALUES(111,1499,2);
INSERT INTO Song (song_name,artist_id,duration) VALUES ("School - Live At The Paramount/1991",11,"00:02:51");
INSERT INTO AlbumSong (album_id,song_id,format_id) VALUES(111,1500,1);
INSERT INTO AlbumSong (album_id,song_id,format_id) VALUES(111,1500,2);
INSERT INTO Song (song_name,artist_id,duration) VALUES ("Floyd The Barber - Live At The Paramount/1991",11,"00:02:27");
INSERT INTO AlbumSong (album_id,song_id,format_id) VALUES(111,1501,1);
INSERT INTO AlbumSong (album_id,song_id,format_id) VALUES(111,1501,2);
INSERT INTO Song (song_name,artist_id,duration) VALUES ("Smells Like Teen Spirit - Live At The Paramount/1991",11,"00:04:45");
INSERT INTO AlbumSong (album_id,song_id,format_id) VALUES(111,1502,1);
INSERT INTO AlbumSong (album_id,song_id,format_id) VALUES(111,1502,2);
INSERT INTO Song (song_name,artist_id,duration) VALUES ("About A Girl - Live At The Paramount/1991",11,"00:03:13");
INSERT INTO AlbumSong (album_id,song_id,format_id) VALUES(111,1503,1);
INSERT INTO AlbumSong (album_id,song_id,format_id) VALUES(111,1503,2);
INSERT INTO Song (song_name,artist_id,duration) VALUES ("Polly - Live At The Paramount/1991",11,"00:03:03");
INSERT INTO AlbumSong (album_id,song_id,format_id) VALUES(111,1504,1);
INSERT INTO AlbumSong (album_id,song_id,format_id) VALUES(111,1504,2);
INSERT INTO Song (song_name,artist_id,duration) VALUES ("Breed - Live At The Paramount/1991",11,"00:03:10");
INSERT INTO AlbumSong (album_id,song_id,format_id) VALUES(111,1505,1);
INSERT INTO AlbumSong (album_id,song_id,format_id) VALUES(111,1505,2);
INSERT INTO Song (song_name,artist_id,duration) VALUES ("Sliver - Live At The Paramount/1991",11,"00:02:11");
INSERT INTO AlbumSong (album_id,song_id,format_id) VALUES(111,1506,1);
INSERT INTO AlbumSong (album_id,song_id,format_id) VALUES(111,1506,2);
INSERT INTO Song (song_name,artist_id,duration) VALUES ("Love Buzz - Live At The Paramount/1991",11,"00:03:34");
INSERT INTO AlbumSong (album_id,song_id,format_id) VALUES(111,1507,1);
INSERT INTO AlbumSong (album_id,song_id,format_id) VALUES(111,1507,2);
INSERT INTO Song (song_name,artist_id,duration) VALUES ("Lithium - Live At The Paramount/1991",11,"00:04:38");
INSERT INTO AlbumSong (album_id,song_id,format_id) VALUES(111,1508,1);
INSERT INTO AlbumSong (album_id,song_id,format_id) VALUES(111,1508,2);
INSERT INTO Song (song_name,artist_id,duration) VALUES ("Been A Son - Live At The Paramount/1991",11,"00:02:15");
INSERT INTO AlbumSong (album_id,song_id,format_id) VALUES(111,1509,1);
INSERT INTO AlbumSong (album_id,song_id,format_id) VALUES(111,1509,2);
INSERT INTO Song (song_name,artist_id,duration) VALUES ("Negative Creep - Live At The Paramount/1991",11,"00:02:43");
INSERT INTO AlbumSong (album_id,song_id,format_id) VALUES(111,1510,1);
INSERT INTO AlbumSong (album_id,song_id,format_id) VALUES(111,1510,2);
INSERT INTO Song (song_name,artist_id,duration) VALUES ("On A Plain - Live At The Paramount/1991",11,"00:03:04");
INSERT INTO AlbumSong (album_id,song_id,format_id) VALUES(111,1511,1);
INSERT INTO AlbumSong (album_id,song_id,format_id) VALUES(111,1511,2);
INSERT INTO Song (song_name,artist_id,duration) VALUES ("Blew - Live At The Paramount/1991",11,"00:04:09");
INSERT INTO AlbumSong (album_id,song_id,format_id) VALUES(111,1512,1);
INSERT INTO AlbumSong (album_id,song_id,format_id) VALUES(111,1512,2);
INSERT INTO Song (song_name,artist_id,duration) VALUES ("Rape Me - Live At The Paramount/1991",11,"00:02:59");
INSERT INTO AlbumSong (album_id,song_id,format_id) VALUES(111,1513,1);
INSERT INTO AlbumSong (album_id,song_id,format_id) VALUES(111,1513,2);
INSERT INTO Song (song_name,artist_id,duration) VALUES ("Territorial Pissings - Live At The Paramount/1991",11,"00:02:55");
INSERT INTO AlbumSong (album_id,song_id,format_id) VALUES(111,1514,1);
INSERT INTO AlbumSong (album_id,song_id,format_id) VALUES(111,1514,2);
INSERT INTO Song (song_name,artist_id,duration) VALUES ("Endless, Nameless - Live At The Paramount/1991",11,"00:06:24");
INSERT INTO AlbumSong (album_id,song_id,format_id) VALUES(111,1515,1);
INSERT INTO AlbumSong (album_id,song_id,format_id) VALUES(111,1515,2);
INSERT INTO Album(album_id,album_name,artist_id,art_id,release_date) VALUES (111,"Live At The Paramount",11,111,"2019-04-12");
INSERT INTO AlbumArt(path) VALUES ("/var/www/album_art/nirvana_live_at_reading.jpg");
INSERT INTO Song (song_name,artist_id,duration) VALUES ("Breed - 1992/Live at Reading",11,"00:03:12");
INSERT INTO AlbumSong (album_id,song_id,format_id) VALUES(112,1516,1);
INSERT INTO AlbumSong (album_id,song_id,format_id) VALUES(112,1516,2);
INSERT INTO Song (song_name,artist_id,duration) VALUES ("Drain You - 1992/Live at Reading",11,"00:03:38");
INSERT INTO AlbumSong (album_id,song_id,format_id) VALUES(112,1517,1);
INSERT INTO AlbumSong (album_id,song_id,format_id) VALUES(112,1517,2);
INSERT INTO Song (song_name,artist_id,duration) VALUES ("Aneurysm - 1992/Live at Reading",11,"00:04:35");
INSERT INTO AlbumSong (album_id,song_id,format_id) VALUES(112,1518,1);
INSERT INTO AlbumSong (album_id,song_id,format_id) VALUES(112,1518,2);
INSERT INTO Song (song_name,artist_id,duration) VALUES ("School - 1992/Live at Reading",11,"00:02:43");
INSERT INTO AlbumSong (album_id,song_id,format_id) VALUES(112,1519,1);
INSERT INTO AlbumSong (album_id,song_id,format_id) VALUES(112,1519,2);
INSERT INTO Song (song_name,artist_id,duration) VALUES ("Sliver - 1992/Live at Reading",11,"00:02:06");
INSERT INTO AlbumSong (album_id,song_id,format_id) VALUES(112,1520,1);
INSERT INTO AlbumSong (album_id,song_id,format_id) VALUES(112,1520,2);
INSERT INTO Song (song_name,artist_id,duration) VALUES ("In Bloom - 1992/Live at Reading",11,"00:04:36");
INSERT INTO AlbumSong (album_id,song_id,format_id) VALUES(112,1521,1);
INSERT INTO AlbumSong (album_id,song_id,format_id) VALUES(112,1521,2);
INSERT INTO Song (song_name,artist_id,duration) VALUES ("Come As You Are - 1992/Live at Reading",11,"00:03:36");
INSERT INTO AlbumSong (album_id,song_id,format_id) VALUES(112,1522,1);
INSERT INTO AlbumSong (album_id,song_id,format_id) VALUES(112,1522,2);
INSERT INTO Song (song_name,artist_id,duration) VALUES ("Lithium - 1992/Live at Reading",11,"00:04:21");
INSERT INTO AlbumSong (album_id,song_id,format_id) VALUES(112,1523,1);
INSERT INTO AlbumSong (album_id,song_id,format_id) VALUES(112,1523,2);
INSERT INTO Song (song_name,artist_id,duration) VALUES ("About A Girl - 1992/Live at Reading",11,"00:02:51");
INSERT INTO AlbumSong (album_id,song_id,format_id) VALUES(112,1524,1);
INSERT INTO AlbumSong (album_id,song_id,format_id) VALUES(112,1524,2);
INSERT INTO Song (song_name,artist_id,duration) VALUES ("Tourette's - 1992/Live at Reading",11,"00:01:50");
INSERT INTO AlbumSong (album_id,song_id,format_id) VALUES(112,1525,1);
INSERT INTO AlbumSong (album_id,song_id,format_id) VALUES(112,1525,2);
INSERT INTO Song (song_name,artist_id,duration) VALUES ("Polly - 1992/Live at Reading",11,"00:02:48");
INSERT INTO AlbumSong (album_id,song_id,format_id) VALUES(112,1526,1);
INSERT INTO AlbumSong (album_id,song_id,format_id) VALUES(112,1526,2);
INSERT INTO Song (song_name,artist_id,duration) VALUES ("Lounge Act - 1992/Live at Reading",11,"00:02:36");
INSERT INTO AlbumSong (album_id,song_id,format_id) VALUES(112,1527,1);
INSERT INTO AlbumSong (album_id,song_id,format_id) VALUES(112,1527,2);
INSERT INTO Song (song_name,artist_id,duration) VALUES ("Smells Like Teen Spirit - 1992/Live at Reading",11,"00:04:45");
INSERT INTO AlbumSong (album_id,song_id,format_id) VALUES(112,1528,1);
INSERT INTO AlbumSong (album_id,song_id,format_id) VALUES(112,1528,2);
INSERT INTO Song (song_name,artist_id,duration) VALUES ("On A Plain - 1992/Live at Reading",11,"00:03:00");
INSERT INTO AlbumSong (album_id,song_id,format_id) VALUES(112,1529,1);
INSERT INTO AlbumSong (album_id,song_id,format_id) VALUES(112,1529,2);
INSERT INTO Song (song_name,artist_id,duration) VALUES ("Negative Creep - 1992/Live at Reading",11,"00:02:52");
INSERT INTO AlbumSong (album_id,song_id,format_id) VALUES(112,1530,1);
INSERT INTO AlbumSong (album_id,song_id,format_id) VALUES(112,1530,2);
INSERT INTO Song (song_name,artist_id,duration) VALUES ("Been A Son - 1992/Live at Reading",11,"00:02:13");
INSERT INTO AlbumSong (album_id,song_id,format_id) VALUES(112,1531,1);
INSERT INTO AlbumSong (album_id,song_id,format_id) VALUES(112,1531,2);
INSERT INTO Song (song_name,artist_id,duration) VALUES ("All Apologies - 1992/Live at Reading",11,"00:03:09");
INSERT INTO AlbumSong (album_id,song_id,format_id) VALUES(112,1532,1);
INSERT INTO AlbumSong (album_id,song_id,format_id) VALUES(112,1532,2);
INSERT INTO Song (song_name,artist_id,duration) VALUES ("Blew - 1992/Live at Reading",11,"00:03:19");
INSERT INTO AlbumSong (album_id,song_id,format_id) VALUES(112,1533,1);
INSERT INTO AlbumSong (album_id,song_id,format_id) VALUES(112,1533,2);
INSERT INTO Song (song_name,artist_id,duration) VALUES ("Dumb - 1992/Live at Reading",11,"00:02:32");
INSERT INTO AlbumSong (album_id,song_id,format_id) VALUES(112,1534,1);
INSERT INTO AlbumSong (album_id,song_id,format_id) VALUES(112,1534,2);
INSERT INTO Song (song_name,artist_id,duration) VALUES ("Stay Away - 1992/Live at Reading",11,"00:03:32");
INSERT INTO AlbumSong (album_id,song_id,format_id) VALUES(112,1535,1);
INSERT INTO AlbumSong (album_id,song_id,format_id) VALUES(112,1535,2);
INSERT INTO Song (song_name,artist_id,duration) VALUES ("Spank Thru - 1992/Live at Reading",11,"00:03:06");
INSERT INTO AlbumSong (album_id,song_id,format_id) VALUES(112,1536,1);
INSERT INTO AlbumSong (album_id,song_id,format_id) VALUES(112,1536,2);
INSERT INTO Song (song_name,artist_id,duration) VALUES ("The Money Will Roll Right In - 1992/Live at Reading",11,"00:02:16");
INSERT INTO AlbumSong (album_id,song_id,format_id) VALUES(112,1537,1);
INSERT INTO AlbumSong (album_id,song_id,format_id) VALUES(112,1537,2);
INSERT INTO Song (song_name,artist_id,duration) VALUES ("D-7 - 1992/Live at Reading",11,"00:03:43");
INSERT INTO AlbumSong (album_id,song_id,format_id) VALUES(112,1538,1);
INSERT INTO AlbumSong (album_id,song_id,format_id) VALUES(112,1538,2);
INSERT INTO Song (song_name,artist_id,duration) VALUES ("Territorial Pissings - 1992/Live at Reading",11,"00:04:29");
INSERT INTO AlbumSong (album_id,song_id,format_id) VALUES(112,1539,1);
INSERT INTO AlbumSong (album_id,song_id,format_id) VALUES(112,1539,2);
INSERT INTO Album(album_id,album_name,artist_id,art_id,release_date) VALUES (112,"Live at Reading",11,112,"2009-01-01");
INSERT INTO AlbumArt(path) VALUES ("/var/www/album_art/nirvana_nirvana.jpg");
INSERT INTO Song (song_name,artist_id,duration) VALUES ("You Know You're Right",11,"00:03:37");
INSERT INTO AlbumSong (album_id,song_id,format_id) VALUES(113,1540,1);
INSERT INTO AlbumSong (album_id,song_id,format_id) VALUES(113,1540,2);
INSERT INTO Song (song_name,artist_id,duration) VALUES ("About A Girl",11,"00:02:46");
INSERT INTO AlbumSong (album_id,song_id,format_id) VALUES(113,1541,1);
INSERT INTO AlbumSong (album_id,song_id,format_id) VALUES(113,1541,2);
INSERT INTO Song (song_name,artist_id,duration) VALUES ("Been A Son - Blew EP Version",11,"00:02:20");
INSERT INTO AlbumSong (album_id,song_id,format_id) VALUES(113,1542,1);
INSERT INTO AlbumSong (album_id,song_id,format_id) VALUES(113,1542,2);
INSERT INTO Song (song_name,artist_id,duration) VALUES ("Sliver",11,"00:02:11");
INSERT INTO AlbumSong (album_id,song_id,format_id) VALUES(113,1543,1);
INSERT INTO AlbumSong (album_id,song_id,format_id) VALUES(113,1543,2);
INSERT INTO Song (song_name,artist_id,duration) VALUES ("Smells Like Teen Spirit",11,"00:05:01");
INSERT INTO AlbumSong (album_id,song_id,format_id) VALUES(113,1544,1);
INSERT INTO AlbumSong (album_id,song_id,format_id) VALUES(113,1544,2);
INSERT INTO Song (song_name,artist_id,duration) VALUES ("Come As You Are",11,"00:03:39");
INSERT INTO AlbumSong (album_id,song_id,format_id) VALUES(113,1545,1);
INSERT INTO AlbumSong (album_id,song_id,format_id) VALUES(113,1545,2);
INSERT INTO Song (song_name,artist_id,duration) VALUES ("Lithium",11,"00:04:15");
INSERT INTO AlbumSong (album_id,song_id,format_id) VALUES(113,1546,1);
INSERT INTO AlbumSong (album_id,song_id,format_id) VALUES(113,1546,2);
INSERT INTO Song (song_name,artist_id,duration) VALUES ("In Bloom",11,"00:04:13");
INSERT INTO AlbumSong (album_id,song_id,format_id) VALUES(113,1547,1);
INSERT INTO AlbumSong (album_id,song_id,format_id) VALUES(113,1547,2);
INSERT INTO Song (song_name,artist_id,duration) VALUES ("Heart-Shaped Box",11,"00:04:39");
INSERT INTO AlbumSong (album_id,song_id,format_id) VALUES(113,1548,1);
INSERT INTO AlbumSong (album_id,song_id,format_id) VALUES(113,1548,2);
INSERT INTO Song (song_name,artist_id,duration) VALUES ("Pennyroyal Tea - Single Mix",11,"00:03:35");
INSERT INTO AlbumSong (album_id,song_id,format_id) VALUES(113,1549,1);
INSERT INTO AlbumSong (album_id,song_id,format_id) VALUES(113,1549,2);
INSERT INTO Song (song_name,artist_id,duration) VALUES ("Rape Me",11,"00:02:49");
INSERT INTO AlbumSong (album_id,song_id,format_id) VALUES(113,1550,1);
INSERT INTO AlbumSong (album_id,song_id,format_id) VALUES(113,1550,2);
INSERT INTO Song (song_name,artist_id,duration) VALUES ("Dumb",11,"00:02:29");
INSERT INTO AlbumSong (album_id,song_id,format_id) VALUES(113,1551,1);
INSERT INTO AlbumSong (album_id,song_id,format_id) VALUES(113,1551,2);
INSERT INTO Song (song_name,artist_id,duration) VALUES ("All Apologies - Live Version",11,"00:03:45");
INSERT INTO AlbumSong (album_id,song_id,format_id) VALUES(113,1552,1);
INSERT INTO AlbumSong (album_id,song_id,format_id) VALUES(113,1552,2);
INSERT INTO Song (song_name,artist_id,duration) VALUES ("The Man Who Sold The World - Live Version",11,"00:03:47");
INSERT INTO AlbumSong (album_id,song_id,format_id) VALUES(113,1553,1);
INSERT INTO AlbumSong (album_id,song_id,format_id) VALUES(113,1553,2);
INSERT INTO Album(album_id,album_name,artist_id,art_id,release_date) VALUES (113,"Nirvana",11,113,"2002-10-29");
INSERT INTO AlbumArt(path) VALUES ("/var/www/album_art/nirvana_from_the_muddy_banks_of_the_wishkah_(live).jpg");
INSERT INTO Song (song_name,artist_id,duration) VALUES ("Intro - Live At London Astoria, UK, December 3, 1989",11,"00:00:52");
INSERT INTO AlbumSong (album_id,song_id,format_id) VALUES(114,1554,1);
INSERT INTO AlbumSong (album_id,song_id,format_id) VALUES(114,1554,2);
INSERT INTO Song (song_name,artist_id,duration) VALUES ("School - Live In Amsterdam, Netherlands/1991",11,"00:02:40");
INSERT INTO AlbumSong (album_id,song_id,format_id) VALUES(114,1555,1);
INSERT INTO AlbumSong (album_id,song_id,format_id) VALUES(114,1555,2);
INSERT INTO Song (song_name,artist_id,duration) VALUES ("Drain You - Live At Del Mar Fairgrounds, CA., December 28, 1991",11,"00:03:34");
INSERT INTO AlbumSong (album_id,song_id,format_id) VALUES(114,1556,1);
INSERT INTO AlbumSong (album_id,song_id,format_id) VALUES(114,1556,2);
INSERT INTO Song (song_name,artist_id,duration) VALUES ("Aneurysm - Live In Del Mar, California/1991",11,"00:04:31");
INSERT INTO AlbumSong (album_id,song_id,format_id) VALUES(114,1557,1);
INSERT INTO AlbumSong (album_id,song_id,format_id) VALUES(114,1557,2);
INSERT INTO Song (song_name,artist_id,duration) VALUES ("Smells Like Teen Spirit - Live In Del Mar, California/1991",11,"00:04:47");
INSERT INTO AlbumSong (album_id,song_id,format_id) VALUES(114,1558,1);
INSERT INTO AlbumSong (album_id,song_id,format_id) VALUES(114,1558,2);
INSERT INTO Song (song_name,artist_id,duration) VALUES ("Been A Son - Live In Amsterdam, Netherlands/1991",11,"00:02:07");
INSERT INTO AlbumSong (album_id,song_id,format_id) VALUES(114,1559,1);
INSERT INTO AlbumSong (album_id,song_id,format_id) VALUES(114,1559,2);
INSERT INTO Song (song_name,artist_id,duration) VALUES ("Lithium - Live In Amsterdam, Netherlands/1991",11,"00:04:10");
INSERT INTO AlbumSong (album_id,song_id,format_id) VALUES(114,1560,1);
INSERT INTO AlbumSong (album_id,song_id,format_id) VALUES(114,1560,2);
INSERT INTO Song (song_name,artist_id,duration) VALUES ("Sliver - Live In Springfield, MA., November 10, 1993",11,"00:01:55");
INSERT INTO AlbumSong (album_id,song_id,format_id) VALUES(114,1561,1);
INSERT INTO AlbumSong (album_id,song_id,format_id) VALUES(114,1561,2);
INSERT INTO Song (song_name,artist_id,duration) VALUES ("Spank Thru - Live In Rome, Italy, November 19, 1991",11,"00:03:10");
INSERT INTO AlbumSong (album_id,song_id,format_id) VALUES(114,1562,1);
INSERT INTO AlbumSong (album_id,song_id,format_id) VALUES(114,1562,2);
INSERT INTO Song (song_name,artist_id,duration) VALUES ("Scentless Apprentice - Live In Seattle, WA., December 13, 1993",11,"00:03:31");
INSERT INTO AlbumSong (album_id,song_id,format_id) VALUES(114,1563,1);
INSERT INTO AlbumSong (album_id,song_id,format_id) VALUES(114,1563,2);
INSERT INTO Song (song_name,artist_id,duration) VALUES ("Heart-Shaped Box - Live In Los Angeles, CA, December 30, 1993",11,"00:04:41");
INSERT INTO AlbumSong (album_id,song_id,format_id) VALUES(114,1564,1);
INSERT INTO AlbumSong (album_id,song_id,format_id) VALUES(114,1564,2);
INSERT INTO Song (song_name,artist_id,duration) VALUES ("Milk It - Live In Seattle, WA., January 5, 1994",11,"00:03:45");
INSERT INTO AlbumSong (album_id,song_id,format_id) VALUES(114,1565,1);
INSERT INTO AlbumSong (album_id,song_id,format_id) VALUES(114,1565,2);
INSERT INTO Song (song_name,artist_id,duration) VALUES ("Negative Creep - Live In Seattle, WA., October 31, 1991",11,"00:02:43");
INSERT INTO AlbumSong (album_id,song_id,format_id) VALUES(114,1566,1);
INSERT INTO AlbumSong (album_id,song_id,format_id) VALUES(114,1566,2);
INSERT INTO Song (song_name,artist_id,duration) VALUES ("Polly - Live At London Astoria, UK, December 3, 1989",11,"00:02:30");
INSERT INTO AlbumSong (album_id,song_id,format_id) VALUES(114,1567,1);
INSERT INTO AlbumSong (album_id,song_id,format_id) VALUES(114,1567,2);
INSERT INTO Song (song_name,artist_id,duration) VALUES ("Breed - Live At London Astoria, UK, December 3, 1989",11,"00:03:28");
INSERT INTO AlbumSong (album_id,song_id,format_id) VALUES(114,1568,1);
INSERT INTO AlbumSong (album_id,song_id,format_id) VALUES(114,1568,2);
INSERT INTO Song (song_name,artist_id,duration) VALUES ("Tourette's - Live At Reading Festival, UK, August 30, 1992",11,"00:01:55");
INSERT INTO AlbumSong (album_id,song_id,format_id) VALUES(114,1569,1);
INSERT INTO AlbumSong (album_id,song_id,format_id) VALUES(114,1569,2);
INSERT INTO Song (song_name,artist_id,duration) VALUES ("Blew - Live In Amsterdam, Netherlands/1991",11,"00:03:36");
INSERT INTO AlbumSong (album_id,song_id,format_id) VALUES(114,1570,1);
INSERT INTO AlbumSong (album_id,song_id,format_id) VALUES(114,1570,2);
INSERT INTO Album(album_id,album_name,artist_id,art_id,release_date) VALUES (114,"From The Muddy Banks Of The Wishkah (Live)",11,114,"1996-10-01");
INSERT INTO AlbumArt(path) VALUES ("/var/www/album_art/nirvana_mtv_unplugged_in_new_york.jpg");
INSERT INTO Song (song_name,artist_id,duration) VALUES ("About A Girl",11,"00:03:38");
INSERT INTO AlbumSong (album_id,song_id,format_id) VALUES(115,1571,1);
INSERT INTO AlbumSong (album_id,song_id,format_id) VALUES(115,1571,2);
INSERT INTO Song (song_name,artist_id,duration) VALUES ("Come As You Are",11,"00:04:13");
INSERT INTO AlbumSong (album_id,song_id,format_id) VALUES(115,1572,1);
INSERT INTO AlbumSong (album_id,song_id,format_id) VALUES(115,1572,2);
INSERT INTO Song (song_name,artist_id,duration) VALUES ("Jesus Doesn't Want Me For A Sunbeam",11,"00:04:37");
INSERT INTO AlbumSong (album_id,song_id,format_id) VALUES(115,1573,1);
INSERT INTO AlbumSong (album_id,song_id,format_id) VALUES(115,1573,2);
INSERT INTO Song (song_name,artist_id,duration) VALUES ("The Man Who Sold The World",11,"00:04:21");
INSERT INTO AlbumSong (album_id,song_id,format_id) VALUES(115,1574,1);
INSERT INTO AlbumSong (album_id,song_id,format_id) VALUES(115,1574,2);
INSERT INTO Song (song_name,artist_id,duration) VALUES ("Pennyroyal Tea",11,"00:03:40");
INSERT INTO AlbumSong (album_id,song_id,format_id) VALUES(115,1575,1);
INSERT INTO AlbumSong (album_id,song_id,format_id) VALUES(115,1575,2);
INSERT INTO Song (song_name,artist_id,duration) VALUES ("Dumb",11,"00:02:52");
INSERT INTO AlbumSong (album_id,song_id,format_id) VALUES(115,1576,1);
INSERT INTO AlbumSong (album_id,song_id,format_id) VALUES(115,1576,2);
INSERT INTO Song (song_name,artist_id,duration) VALUES ("Polly",11,"00:03:16");
INSERT INTO AlbumSong (album_id,song_id,format_id) VALUES(115,1577,1);
INSERT INTO AlbumSong (album_id,song_id,format_id) VALUES(115,1577,2);
INSERT INTO Song (song_name,artist_id,duration) VALUES ("On A Plain",11,"00:03:44");
INSERT INTO AlbumSong (album_id,song_id,format_id) VALUES(115,1578,1);
INSERT INTO AlbumSong (album_id,song_id,format_id) VALUES(115,1578,2);
INSERT INTO Song (song_name,artist_id,duration) VALUES ("Something In The Way",11,"00:04:01");
INSERT INTO AlbumSong (album_id,song_id,format_id) VALUES(115,1579,1);
INSERT INTO AlbumSong (album_id,song_id,format_id) VALUES(115,1579,2);
INSERT INTO Song (song_name,artist_id,duration) VALUES ("Plateau",11,"00:03:38");
INSERT INTO AlbumSong (album_id,song_id,format_id) VALUES(115,1580,1);
INSERT INTO AlbumSong (album_id,song_id,format_id) VALUES(115,1580,2);
INSERT INTO Song (song_name,artist_id,duration) VALUES ("Oh Me",11,"00:03:26");
INSERT INTO AlbumSong (album_id,song_id,format_id) VALUES(115,1581,1);
INSERT INTO AlbumSong (album_id,song_id,format_id) VALUES(115,1581,2);
INSERT INTO Song (song_name,artist_id,duration) VALUES ("Lake Of Fire",11,"00:02:55");
INSERT INTO AlbumSong (album_id,song_id,format_id) VALUES(115,1582,1);
INSERT INTO AlbumSong (album_id,song_id,format_id) VALUES(115,1582,2);
INSERT INTO Song (song_name,artist_id,duration) VALUES ("All Apologies",11,"00:04:23");
INSERT INTO AlbumSong (album_id,song_id,format_id) VALUES(115,1583,1);
INSERT INTO AlbumSong (album_id,song_id,format_id) VALUES(115,1583,2);
INSERT INTO Song (song_name,artist_id,duration) VALUES ("Where Did You Sleep Last Night",11,"00:05:06");
INSERT INTO AlbumSong (album_id,song_id,format_id) VALUES(115,1584,1);
INSERT INTO AlbumSong (album_id,song_id,format_id) VALUES(115,1584,2);
INSERT INTO Album(album_id,album_name,artist_id,art_id,release_date) VALUES (115,"MTV Unplugged In New York",11,115,"1994-11-01");
INSERT INTO AlbumArt(path) VALUES ("/var/www/album_art/nirvana_in_utero_-_20th_anniversary_remaster.jpg");
INSERT INTO Song (song_name,artist_id,duration) VALUES ("Serve The Servants",11,"00:03:37");
INSERT INTO AlbumSong (album_id,song_id,format_id) VALUES(116,1585,1);
INSERT INTO AlbumSong (album_id,song_id,format_id) VALUES(116,1585,2);
INSERT INTO Song (song_name,artist_id,duration) VALUES ("Scentless Apprentice",11,"00:03:48");
INSERT INTO AlbumSong (album_id,song_id,format_id) VALUES(116,1586,1);
INSERT INTO AlbumSong (album_id,song_id,format_id) VALUES(116,1586,2);
INSERT INTO Song (song_name,artist_id,duration) VALUES ("Heart-Shaped Box",11,"00:04:41");
INSERT INTO AlbumSong (album_id,song_id,format_id) VALUES(116,1587,1);
INSERT INTO AlbumSong (album_id,song_id,format_id) VALUES(116,1587,2);
INSERT INTO Song (song_name,artist_id,duration) VALUES ("Rape Me",11,"00:02:50");
INSERT INTO AlbumSong (album_id,song_id,format_id) VALUES(116,1588,1);
INSERT INTO AlbumSong (album_id,song_id,format_id) VALUES(116,1588,2);
INSERT INTO Song (song_name,artist_id,duration) VALUES ("Frances Farmer Will Have Her Revenge On Seattle",11,"00:04:10");
INSERT INTO AlbumSong (album_id,song_id,format_id) VALUES(116,1589,1);
INSERT INTO AlbumSong (album_id,song_id,format_id) VALUES(116,1589,2);
INSERT INTO Song (song_name,artist_id,duration) VALUES ("Dumb",11,"00:02:31");
INSERT INTO AlbumSong (album_id,song_id,format_id) VALUES(116,1590,1);
INSERT INTO AlbumSong (album_id,song_id,format_id) VALUES(116,1590,2);
INSERT INTO Song (song_name,artist_id,duration) VALUES ("Very Ape",11,"00:01:55");
INSERT INTO AlbumSong (album_id,song_id,format_id) VALUES(116,1591,1);
INSERT INTO AlbumSong (album_id,song_id,format_id) VALUES(116,1591,2);
INSERT INTO Song (song_name,artist_id,duration) VALUES ("Milk It",11,"00:03:54");
INSERT INTO AlbumSong (album_id,song_id,format_id) VALUES(116,1592,1);
INSERT INTO AlbumSong (album_id,song_id,format_id) VALUES(116,1592,2);
INSERT INTO Song (song_name,artist_id,duration) VALUES ("Pennyroyal Tea",11,"00:03:38");
INSERT INTO AlbumSong (album_id,song_id,format_id) VALUES(116,1593,1);
INSERT INTO AlbumSong (album_id,song_id,format_id) VALUES(116,1593,2);
INSERT INTO Song (song_name,artist_id,duration) VALUES ("Radio Friendly Unit Shifter",11,"00:04:51");
INSERT INTO AlbumSong (album_id,song_id,format_id) VALUES(116,1594,1);
INSERT INTO AlbumSong (album_id,song_id,format_id) VALUES(116,1594,2);
INSERT INTO Song (song_name,artist_id,duration) VALUES ("Tourette's",11,"00:01:35");
INSERT INTO AlbumSong (album_id,song_id,format_id) VALUES(116,1595,1);
INSERT INTO AlbumSong (album_id,song_id,format_id) VALUES(116,1595,2);
INSERT INTO Song (song_name,artist_id,duration) VALUES ("All Apologies",11,"00:03:53");
INSERT INTO AlbumSong (album_id,song_id,format_id) VALUES(116,1596,1);
INSERT INTO AlbumSong (album_id,song_id,format_id) VALUES(116,1596,2);
INSERT INTO Album(album_id,album_name,artist_id,art_id,release_date) VALUES (116,"In Utero - 20th Anniversary Remaster",11,116,"1993-09-21");
INSERT INTO AlbumArt(path) VALUES ("/var/www/album_art/nirvana_in_utero_-_20th_anniversary_-_deluxe_edition.jpg");
INSERT INTO AlbumSong (album_id,song_id,format_id) VALUES(117,1585,1);
INSERT INTO AlbumSong (album_id,song_id,format_id) VALUES(117,1585,2);
INSERT INTO AlbumSong (album_id,song_id,format_id) VALUES(117,1586,1);
INSERT INTO AlbumSong (album_id,song_id,format_id) VALUES(117,1586,2);
INSERT INTO AlbumSong (album_id,song_id,format_id) VALUES(117,1587,1);
INSERT INTO AlbumSong (album_id,song_id,format_id) VALUES(117,1587,2);
INSERT INTO AlbumSong (album_id,song_id,format_id) VALUES(117,1588,1);
INSERT INTO AlbumSong (album_id,song_id,format_id) VALUES(117,1588,2);
INSERT INTO AlbumSong (album_id,song_id,format_id) VALUES(117,1589,1);
INSERT INTO AlbumSong (album_id,song_id,format_id) VALUES(117,1589,2);
INSERT INTO AlbumSong (album_id,song_id,format_id) VALUES(117,1590,1);
INSERT INTO AlbumSong (album_id,song_id,format_id) VALUES(117,1590,2);
INSERT INTO AlbumSong (album_id,song_id,format_id) VALUES(117,1591,1);
INSERT INTO AlbumSong (album_id,song_id,format_id) VALUES(117,1591,2);
INSERT INTO AlbumSong (album_id,song_id,format_id) VALUES(117,1592,1);
INSERT INTO AlbumSong (album_id,song_id,format_id) VALUES(117,1592,2);
INSERT INTO AlbumSong (album_id,song_id,format_id) VALUES(117,1593,1);
INSERT INTO AlbumSong (album_id,song_id,format_id) VALUES(117,1593,2);
INSERT INTO AlbumSong (album_id,song_id,format_id) VALUES(117,1594,1);
INSERT INTO AlbumSong (album_id,song_id,format_id) VALUES(117,1594,2);
INSERT INTO AlbumSong (album_id,song_id,format_id) VALUES(117,1595,1);
INSERT INTO AlbumSong (album_id,song_id,format_id) VALUES(117,1595,2);
INSERT INTO Song (song_name,artist_id,duration) VALUES ("All Apologies",11,"00:03:50");
INSERT INTO AlbumSong (album_id,song_id,format_id) VALUES(117,1597,1);
INSERT INTO AlbumSong (album_id,song_id,format_id) VALUES(117,1597,2);
INSERT INTO Song (song_name,artist_id,duration) VALUES ("Gallons Of Rubbing Alcohol Flow Through The Strip",11,"00:07:34");
INSERT INTO AlbumSong (album_id,song_id,format_id) VALUES(117,1598,1);
INSERT INTO AlbumSong (album_id,song_id,format_id) VALUES(117,1598,2);
INSERT INTO Song (song_name,artist_id,duration) VALUES ("Marigold - B-Side",11,"00:02:34");
INSERT INTO AlbumSong (album_id,song_id,format_id) VALUES(117,1599,1);
INSERT INTO AlbumSong (album_id,song_id,format_id) VALUES(117,1599,2);
INSERT INTO Song (song_name,artist_id,duration) VALUES ("Moist Vagina - 2013 Mix",11,"00:03:33");
INSERT INTO AlbumSong (album_id,song_id,format_id) VALUES(117,1600,1);
INSERT INTO AlbumSong (album_id,song_id,format_id) VALUES(117,1600,2);
INSERT INTO Song (song_name,artist_id,duration) VALUES ("Sappy - 2013 Mix",11,"00:03:25");
INSERT INTO AlbumSong (album_id,song_id,format_id) VALUES(117,1601,1);
INSERT INTO AlbumSong (album_id,song_id,format_id) VALUES(117,1601,2);
INSERT INTO Song (song_name,artist_id,duration) VALUES ("I Hate Myself And Want To Die - 2013 Mix",11,"00:02:59");
INSERT INTO AlbumSong (album_id,song_id,format_id) VALUES(117,1602,1);
INSERT INTO AlbumSong (album_id,song_id,format_id) VALUES(117,1602,2);
INSERT INTO Song (song_name,artist_id,duration) VALUES ("Pennyroyal Tea - Scott Litt Mix",11,"00:03:35");
INSERT INTO AlbumSong (album_id,song_id,format_id) VALUES(117,1603,1);
INSERT INTO AlbumSong (album_id,song_id,format_id) VALUES(117,1603,2);
INSERT INTO Song (song_name,artist_id,duration) VALUES ("Heart Shaped Box - Original Steve Albini 1993 Mix",11,"00:04:41");
INSERT INTO AlbumSong (album_id,song_id,format_id) VALUES(117,1604,1);
INSERT INTO AlbumSong (album_id,song_id,format_id) VALUES(117,1604,2);
INSERT INTO Song (song_name,artist_id,duration) VALUES ("All Apologies - Original Steve Albini 1993 Mix",11,"00:03:53");
INSERT INTO AlbumSong (album_id,song_id,format_id) VALUES(117,1605,1);
INSERT INTO AlbumSong (album_id,song_id,format_id) VALUES(117,1605,2);
INSERT INTO Song (song_name,artist_id,duration) VALUES ("Serve The Servants - 2013 Mix",11,"00:03:38");
INSERT INTO AlbumSong (album_id,song_id,format_id) VALUES(117,1606,1);
INSERT INTO AlbumSong (album_id,song_id,format_id) VALUES(117,1606,2);
INSERT INTO Song (song_name,artist_id,duration) VALUES ("Scentless Apprentice - 2013 Mix",11,"00:03:49");
INSERT INTO AlbumSong (album_id,song_id,format_id) VALUES(117,1607,1);
INSERT INTO AlbumSong (album_id,song_id,format_id) VALUES(117,1607,2);
INSERT INTO Song (song_name,artist_id,duration) VALUES ("Heart Shaped Box - 2013 Mix",11,"00:04:38");
INSERT INTO AlbumSong (album_id,song_id,format_id) VALUES(117,1608,1);
INSERT INTO AlbumSong (album_id,song_id,format_id) VALUES(117,1608,2);
INSERT INTO Song (song_name,artist_id,duration) VALUES ("Rape Me - 2013 Mix",11,"00:02:49");
INSERT INTO AlbumSong (album_id,song_id,format_id) VALUES(117,1609,1);
INSERT INTO AlbumSong (album_id,song_id,format_id) VALUES(117,1609,2);
INSERT INTO Song (song_name,artist_id,duration) VALUES ("Frances Farmer Will Have Her Revenge On Seattle - 2013 Mix",11,"00:04:11");
INSERT INTO AlbumSong (album_id,song_id,format_id) VALUES(117,1610,1);
INSERT INTO AlbumSong (album_id,song_id,format_id) VALUES(117,1610,2);
INSERT INTO Song (song_name,artist_id,duration) VALUES ("Dumb - 2013 Mix",11,"00:02:32");
INSERT INTO AlbumSong (album_id,song_id,format_id) VALUES(117,1611,1);
INSERT INTO AlbumSong (album_id,song_id,format_id) VALUES(117,1611,2);
INSERT INTO Song (song_name,artist_id,duration) VALUES ("Very Ape - 2013 Mix",11,"00:01:57");
INSERT INTO AlbumSong (album_id,song_id,format_id) VALUES(117,1612,1);
INSERT INTO AlbumSong (album_id,song_id,format_id) VALUES(117,1612,2);
INSERT INTO Song (song_name,artist_id,duration) VALUES ("Milk It - 2013 Mix",11,"00:03:56");
INSERT INTO AlbumSong (album_id,song_id,format_id) VALUES(117,1613,1);
INSERT INTO AlbumSong (album_id,song_id,format_id) VALUES(117,1613,2);
INSERT INTO Song (song_name,artist_id,duration) VALUES ("Pennyroyal Tea - 2013 Mix",11,"00:03:32");
INSERT INTO AlbumSong (album_id,song_id,format_id) VALUES(117,1614,1);
INSERT INTO AlbumSong (album_id,song_id,format_id) VALUES(117,1614,2);
INSERT INTO Song (song_name,artist_id,duration) VALUES ("Radio Friendly Unit Shifter - 2013 Mix",11,"00:04:52");
INSERT INTO AlbumSong (album_id,song_id,format_id) VALUES(117,1615,1);
INSERT INTO AlbumSong (album_id,song_id,format_id) VALUES(117,1615,2);
INSERT INTO Song (song_name,artist_id,duration) VALUES ("Tourette's - 2013 Mix",11,"00:01:36");
INSERT INTO AlbumSong (album_id,song_id,format_id) VALUES(117,1616,1);
INSERT INTO AlbumSong (album_id,song_id,format_id) VALUES(117,1616,2);
INSERT INTO Song (song_name,artist_id,duration) VALUES ("All Apologies - 2013 Mix",11,"00:03:51");
INSERT INTO AlbumSong (album_id,song_id,format_id) VALUES(117,1617,1);
INSERT INTO AlbumSong (album_id,song_id,format_id) VALUES(117,1617,2);
INSERT INTO Song (song_name,artist_id,duration) VALUES ("Scentless Apprentice - Demo",11,"00:03:53");
INSERT INTO AlbumSong (album_id,song_id,format_id) VALUES(117,1618,1);
INSERT INTO AlbumSong (album_id,song_id,format_id) VALUES(117,1618,2);
INSERT INTO Song (song_name,artist_id,duration) VALUES ("Frances Farmer Will Have Her Revenge On Seattle - Demo / Instrumental",11,"00:04:32");
INSERT INTO AlbumSong (album_id,song_id,format_id) VALUES(117,1619,1);
INSERT INTO AlbumSong (album_id,song_id,format_id) VALUES(117,1619,2);
INSERT INTO Song (song_name,artist_id,duration) VALUES ("Dumb - Demo / Instrumental",11,"00:02:38");
INSERT INTO AlbumSong (album_id,song_id,format_id) VALUES(117,1620,1);
INSERT INTO AlbumSong (album_id,song_id,format_id) VALUES(117,1620,2);
INSERT INTO Song (song_name,artist_id,duration) VALUES ("Very Ape - Demo / Instrumental",11,"00:02:20");
INSERT INTO AlbumSong (album_id,song_id,format_id) VALUES(117,1621,1);
INSERT INTO AlbumSong (album_id,song_id,format_id) VALUES(117,1621,2);
INSERT INTO Song (song_name,artist_id,duration) VALUES ("Pennyroyal Tea - Demo / Instrumental",11,"00:03:31");
INSERT INTO AlbumSong (album_id,song_id,format_id) VALUES(117,1622,1);
INSERT INTO AlbumSong (album_id,song_id,format_id) VALUES(117,1622,2);
INSERT INTO Song (song_name,artist_id,duration) VALUES ("Radio Friendly Unit Shifter - Demo / Instrumental",11,"00:02:39");
INSERT INTO AlbumSong (album_id,song_id,format_id) VALUES(117,1623,1);
INSERT INTO AlbumSong (album_id,song_id,format_id) VALUES(117,1623,2);
INSERT INTO Song (song_name,artist_id,duration) VALUES ("Tourette's - Demo / Instrumental",11,"00:02:14");
INSERT INTO AlbumSong (album_id,song_id,format_id) VALUES(117,1624,1);
INSERT INTO AlbumSong (album_id,song_id,format_id) VALUES(117,1624,2);
INSERT INTO Song (song_name,artist_id,duration) VALUES ("Marigold - Demo",11,"00:03:25");
INSERT INTO AlbumSong (album_id,song_id,format_id) VALUES(117,1625,1);
INSERT INTO AlbumSong (album_id,song_id,format_id) VALUES(117,1625,2);
INSERT INTO Song (song_name,artist_id,duration) VALUES ("All Apologies - Demo",11,"00:04:24");
INSERT INTO AlbumSong (album_id,song_id,format_id) VALUES(117,1626,1);
INSERT INTO AlbumSong (album_id,song_id,format_id) VALUES(117,1626,2);
INSERT INTO Song (song_name,artist_id,duration) VALUES ("Forgotten Tune - Demo / Instrumental",11,"00:02:04");
INSERT INTO AlbumSong (album_id,song_id,format_id) VALUES(117,1627,1);
INSERT INTO AlbumSong (album_id,song_id,format_id) VALUES(117,1627,2);
INSERT INTO Song (song_name,artist_id,duration) VALUES ("Jam - Demo",11,"00:05:35");
INSERT INTO AlbumSong (album_id,song_id,format_id) VALUES(117,1628,1);
INSERT INTO AlbumSong (album_id,song_id,format_id) VALUES(117,1628,2);
INSERT INTO Album(album_id,album_name,artist_id,art_id,release_date) VALUES (117,"In Utero - 20th Anniversary - Deluxe Edition",11,117,"1993-09-21");
INSERT INTO AlbumArt(path) VALUES ("/var/www/album_art/nirvana_in_utero_-_20th_anniversary_super_deluxe.jpg");
INSERT INTO AlbumSong (album_id,song_id,format_id) VALUES(118,1585,1);
INSERT INTO AlbumSong (album_id,song_id,format_id) VALUES(118,1585,2);
INSERT INTO AlbumSong (album_id,song_id,format_id) VALUES(118,1586,1);
INSERT INTO AlbumSong (album_id,song_id,format_id) VALUES(118,1586,2);
INSERT INTO AlbumSong (album_id,song_id,format_id) VALUES(118,1587,1);
INSERT INTO AlbumSong (album_id,song_id,format_id) VALUES(118,1587,2);
INSERT INTO AlbumSong (album_id,song_id,format_id) VALUES(118,1588,1);
INSERT INTO AlbumSong (album_id,song_id,format_id) VALUES(118,1588,2);
INSERT INTO AlbumSong (album_id,song_id,format_id) VALUES(118,1589,1);
INSERT INTO AlbumSong (album_id,song_id,format_id) VALUES(118,1589,2);
INSERT INTO AlbumSong (album_id,song_id,format_id) VALUES(118,1590,1);
INSERT INTO AlbumSong (album_id,song_id,format_id) VALUES(118,1590,2);
INSERT INTO AlbumSong (album_id,song_id,format_id) VALUES(118,1591,1);
INSERT INTO AlbumSong (album_id,song_id,format_id) VALUES(118,1591,2);
INSERT INTO AlbumSong (album_id,song_id,format_id) VALUES(118,1592,1);
INSERT INTO AlbumSong (album_id,song_id,format_id) VALUES(118,1592,2);
INSERT INTO AlbumSong (album_id,song_id,format_id) VALUES(118,1593,1);
INSERT INTO AlbumSong (album_id,song_id,format_id) VALUES(118,1593,2);
INSERT INTO AlbumSong (album_id,song_id,format_id) VALUES(118,1594,1);
INSERT INTO AlbumSong (album_id,song_id,format_id) VALUES(118,1594,2);
INSERT INTO AlbumSong (album_id,song_id,format_id) VALUES(118,1595,1);
INSERT INTO AlbumSong (album_id,song_id,format_id) VALUES(118,1595,2);
INSERT INTO AlbumSong (album_id,song_id,format_id) VALUES(118,1597,1);
INSERT INTO AlbumSong (album_id,song_id,format_id) VALUES(118,1597,2);
INSERT INTO AlbumSong (album_id,song_id,format_id) VALUES(118,1598,1);
INSERT INTO AlbumSong (album_id,song_id,format_id) VALUES(118,1598,2);
INSERT INTO AlbumSong (album_id,song_id,format_id) VALUES(118,1599,1);
INSERT INTO AlbumSong (album_id,song_id,format_id) VALUES(118,1599,2);
INSERT INTO AlbumSong (album_id,song_id,format_id) VALUES(118,1600,1);
INSERT INTO AlbumSong (album_id,song_id,format_id) VALUES(118,1600,2);
INSERT INTO AlbumSong (album_id,song_id,format_id) VALUES(118,1601,1);
INSERT INTO AlbumSong (album_id,song_id,format_id) VALUES(118,1601,2);
INSERT INTO AlbumSong (album_id,song_id,format_id) VALUES(118,1602,1);
INSERT INTO AlbumSong (album_id,song_id,format_id) VALUES(118,1602,2);
INSERT INTO AlbumSong (album_id,song_id,format_id) VALUES(118,1603,1);
INSERT INTO AlbumSong (album_id,song_id,format_id) VALUES(118,1603,2);
INSERT INTO AlbumSong (album_id,song_id,format_id) VALUES(118,1604,1);
INSERT INTO AlbumSong (album_id,song_id,format_id) VALUES(118,1604,2);
INSERT INTO AlbumSong (album_id,song_id,format_id) VALUES(118,1605,1);
INSERT INTO AlbumSong (album_id,song_id,format_id) VALUES(118,1605,2);
INSERT INTO AlbumSong (album_id,song_id,format_id) VALUES(118,1606,1);
INSERT INTO AlbumSong (album_id,song_id,format_id) VALUES(118,1606,2);
INSERT INTO AlbumSong (album_id,song_id,format_id) VALUES(118,1607,1);
INSERT INTO AlbumSong (album_id,song_id,format_id) VALUES(118,1607,2);
INSERT INTO AlbumSong (album_id,song_id,format_id) VALUES(118,1608,1);
INSERT INTO AlbumSong (album_id,song_id,format_id) VALUES(118,1608,2);
INSERT INTO AlbumSong (album_id,song_id,format_id) VALUES(118,1609,1);
INSERT INTO AlbumSong (album_id,song_id,format_id) VALUES(118,1609,2);
INSERT INTO AlbumSong (album_id,song_id,format_id) VALUES(118,1610,1);
INSERT INTO AlbumSong (album_id,song_id,format_id) VALUES(118,1610,2);
INSERT INTO AlbumSong (album_id,song_id,format_id) VALUES(118,1611,1);
INSERT INTO AlbumSong (album_id,song_id,format_id) VALUES(118,1611,2);
INSERT INTO AlbumSong (album_id,song_id,format_id) VALUES(118,1612,1);
INSERT INTO AlbumSong (album_id,song_id,format_id) VALUES(118,1612,2);
INSERT INTO AlbumSong (album_id,song_id,format_id) VALUES(118,1613,1);
INSERT INTO AlbumSong (album_id,song_id,format_id) VALUES(118,1613,2);
INSERT INTO AlbumSong (album_id,song_id,format_id) VALUES(118,1614,1);
INSERT INTO AlbumSong (album_id,song_id,format_id) VALUES(118,1614,2);
INSERT INTO AlbumSong (album_id,song_id,format_id) VALUES(118,1615,1);
INSERT INTO AlbumSong (album_id,song_id,format_id) VALUES(118,1615,2);
INSERT INTO AlbumSong (album_id,song_id,format_id) VALUES(118,1616,1);
INSERT INTO AlbumSong (album_id,song_id,format_id) VALUES(118,1616,2);
INSERT INTO AlbumSong (album_id,song_id,format_id) VALUES(118,1617,1);
INSERT INTO AlbumSong (album_id,song_id,format_id) VALUES(118,1617,2);
INSERT INTO AlbumSong (album_id,song_id,format_id) VALUES(118,1618,1);
INSERT INTO AlbumSong (album_id,song_id,format_id) VALUES(118,1618,2);
INSERT INTO AlbumSong (album_id,song_id,format_id) VALUES(118,1619,1);
INSERT INTO AlbumSong (album_id,song_id,format_id) VALUES(118,1619,2);
INSERT INTO AlbumSong (album_id,song_id,format_id) VALUES(118,1620,1);
INSERT INTO AlbumSong (album_id,song_id,format_id) VALUES(118,1620,2);
INSERT INTO AlbumSong (album_id,song_id,format_id) VALUES(118,1621,1);
INSERT INTO AlbumSong (album_id,song_id,format_id) VALUES(118,1621,2);
INSERT INTO AlbumSong (album_id,song_id,format_id) VALUES(118,1622,1);
INSERT INTO AlbumSong (album_id,song_id,format_id) VALUES(118,1622,2);
INSERT INTO AlbumSong (album_id,song_id,format_id) VALUES(118,1623,1);
INSERT INTO AlbumSong (album_id,song_id,format_id) VALUES(118,1623,2);
INSERT INTO AlbumSong (album_id,song_id,format_id) VALUES(118,1624,1);
INSERT INTO AlbumSong (album_id,song_id,format_id) VALUES(118,1624,2);
INSERT INTO AlbumSong (album_id,song_id,format_id) VALUES(118,1625,1);
INSERT INTO AlbumSong (album_id,song_id,format_id) VALUES(118,1625,2);
INSERT INTO AlbumSong (album_id,song_id,format_id) VALUES(118,1626,1);
INSERT INTO AlbumSong (album_id,song_id,format_id) VALUES(118,1626,2);
INSERT INTO AlbumSong (album_id,song_id,format_id) VALUES(118,1627,1);
INSERT INTO AlbumSong (album_id,song_id,format_id) VALUES(118,1627,2);
INSERT INTO AlbumSong (album_id,song_id,format_id) VALUES(118,1628,1);
INSERT INTO AlbumSong (album_id,song_id,format_id) VALUES(118,1628,2);
INSERT INTO Song (song_name,artist_id,duration) VALUES ("Radio Friendly Unit Shifter - Live & Loud",11,"00:04:31");
INSERT INTO AlbumSong (album_id,song_id,format_id) VALUES(118,1629,1);
INSERT INTO AlbumSong (album_id,song_id,format_id) VALUES(118,1629,2);
INSERT INTO AlbumSong (album_id,song_id,format_id) VALUES(118,1481,1);
INSERT INTO AlbumSong (album_id,song_id,format_id) VALUES(118,1481,2);
INSERT INTO AlbumSong (album_id,song_id,format_id) VALUES(118,1482,1);
INSERT INTO AlbumSong (album_id,song_id,format_id) VALUES(118,1482,2);
INSERT INTO AlbumSong (album_id,song_id,format_id) VALUES(118,1483,1);
INSERT INTO AlbumSong (album_id,song_id,format_id) VALUES(118,1483,2);
INSERT INTO AlbumSong (album_id,song_id,format_id) VALUES(118,1484,1);
INSERT INTO AlbumSong (album_id,song_id,format_id) VALUES(118,1484,2);
INSERT INTO AlbumSong (album_id,song_id,format_id) VALUES(118,1485,1);
INSERT INTO AlbumSong (album_id,song_id,format_id) VALUES(118,1485,2);
INSERT INTO AlbumSong (album_id,song_id,format_id) VALUES(118,1486,1);
INSERT INTO AlbumSong (album_id,song_id,format_id) VALUES(118,1486,2);
INSERT INTO Album(album_id,album_name,artist_id,art_id,release_date) VALUES (118,"In Utero - 20th Anniversary Super Deluxe",11,118,"1993-09-21");
INSERT INTO AlbumArt(path) VALUES ("/var/www/album_art/nirvana_incesticide.jpg");
INSERT INTO Song (song_name,artist_id,duration) VALUES ("Dive",11,"00:03:55");
INSERT INTO AlbumSong (album_id,song_id,format_id) VALUES(119,1630,1);
INSERT INTO AlbumSong (album_id,song_id,format_id) VALUES(119,1630,2);
INSERT INTO Song (song_name,artist_id,duration) VALUES ("Sliver",11,"00:02:16");
INSERT INTO AlbumSong (album_id,song_id,format_id) VALUES(119,1631,1);
INSERT INTO AlbumSong (album_id,song_id,format_id) VALUES(119,1631,2);
INSERT INTO Song (song_name,artist_id,duration) VALUES ("Stain",11,"00:02:40");
INSERT INTO AlbumSong (album_id,song_id,format_id) VALUES(119,1632,1);
INSERT INTO AlbumSong (album_id,song_id,format_id) VALUES(119,1632,2);
INSERT INTO Song (song_name,artist_id,duration) VALUES ("Been A Son - BBC Mark Goodier Session",11,"00:01:55");
INSERT INTO AlbumSong (album_id,song_id,format_id) VALUES(119,1633,1);
INSERT INTO AlbumSong (album_id,song_id,format_id) VALUES(119,1633,2);
INSERT INTO Song (song_name,artist_id,duration) VALUES ("Turnaround - BBC John Peel Session 1990",11,"00:02:19");
INSERT INTO AlbumSong (album_id,song_id,format_id) VALUES(119,1634,1);
INSERT INTO AlbumSong (album_id,song_id,format_id) VALUES(119,1634,2);
INSERT INTO Song (song_name,artist_id,duration) VALUES ("Molly's Lips - BBC John Peel Session 1990",11,"00:01:54");
INSERT INTO AlbumSong (album_id,song_id,format_id) VALUES(119,1635,1);
INSERT INTO AlbumSong (album_id,song_id,format_id) VALUES(119,1635,2);
INSERT INTO Song (song_name,artist_id,duration) VALUES ("Son Of A Gun - BBC John Peel Session 1990",11,"00:02:48");
INSERT INTO AlbumSong (album_id,song_id,format_id) VALUES(119,1636,1);
INSERT INTO AlbumSong (album_id,song_id,format_id) VALUES(119,1636,2);
INSERT INTO Song (song_name,artist_id,duration) VALUES ("(New Wave) Polly - BBC Mark Goodier Session",11,"00:01:47");
INSERT INTO AlbumSong (album_id,song_id,format_id) VALUES(119,1637,1);
INSERT INTO AlbumSong (album_id,song_id,format_id) VALUES(119,1637,2);
INSERT INTO Song (song_name,artist_id,duration) VALUES ("Beeswax",11,"00:02:50");
INSERT INTO AlbumSong (album_id,song_id,format_id) VALUES(119,1638,1);
INSERT INTO AlbumSong (album_id,song_id,format_id) VALUES(119,1638,2);
INSERT INTO Song (song_name,artist_id,duration) VALUES ("Downer",11,"00:01:43");
INSERT INTO AlbumSong (album_id,song_id,format_id) VALUES(119,1639,1);
INSERT INTO AlbumSong (album_id,song_id,format_id) VALUES(119,1639,2);
INSERT INTO Song (song_name,artist_id,duration) VALUES ("Mexican Seafood",11,"00:01:55");
INSERT INTO AlbumSong (album_id,song_id,format_id) VALUES(119,1640,1);
INSERT INTO AlbumSong (album_id,song_id,format_id) VALUES(119,1640,2);
INSERT INTO Song (song_name,artist_id,duration) VALUES ("Hairspray Queen",11,"00:04:13");
INSERT INTO AlbumSong (album_id,song_id,format_id) VALUES(119,1641,1);
INSERT INTO AlbumSong (album_id,song_id,format_id) VALUES(119,1641,2);
INSERT INTO Song (song_name,artist_id,duration) VALUES ("Aero Zeppelin",11,"00:04:41");
INSERT INTO AlbumSong (album_id,song_id,format_id) VALUES(119,1642,1);
INSERT INTO AlbumSong (album_id,song_id,format_id) VALUES(119,1642,2);
INSERT INTO Song (song_name,artist_id,duration) VALUES ("Big Long Now",11,"00:05:03");
INSERT INTO AlbumSong (album_id,song_id,format_id) VALUES(119,1643,1);
INSERT INTO AlbumSong (album_id,song_id,format_id) VALUES(119,1643,2);
INSERT INTO Song (song_name,artist_id,duration) VALUES ("Aneurysm",11,"00:04:35");
INSERT INTO AlbumSong (album_id,song_id,format_id) VALUES(119,1644,1);
INSERT INTO AlbumSong (album_id,song_id,format_id) VALUES(119,1644,2);
INSERT INTO Album(album_id,album_name,artist_id,art_id,release_date) VALUES (119,"Incesticide",11,119,"1992-01-01");
INSERT INTO AlbumArt(path) VALUES ("/var/www/album_art/nirvana_nevermind.jpg");
INSERT INTO AlbumSong (album_id,song_id,format_id) VALUES(120,1544,1);
INSERT INTO AlbumSong (album_id,song_id,format_id) VALUES(120,1544,2);
INSERT INTO Song (song_name,artist_id,duration) VALUES ("In Bloom",11,"00:04:15");
INSERT INTO AlbumSong (album_id,song_id,format_id) VALUES(120,1645,1);
INSERT INTO AlbumSong (album_id,song_id,format_id) VALUES(120,1645,2);
INSERT INTO Song (song_name,artist_id,duration) VALUES ("Come As You Are",11,"00:03:38");
INSERT INTO AlbumSong (album_id,song_id,format_id) VALUES(120,1646,1);
INSERT INTO AlbumSong (album_id,song_id,format_id) VALUES(120,1646,2);
INSERT INTO Song (song_name,artist_id,duration) VALUES ("Breed",11,"00:03:04");
INSERT INTO AlbumSong (album_id,song_id,format_id) VALUES(120,1647,1);
INSERT INTO AlbumSong (album_id,song_id,format_id) VALUES(120,1647,2);
INSERT INTO Song (song_name,artist_id,duration) VALUES ("Lithium",11,"00:04:17");
INSERT INTO AlbumSong (album_id,song_id,format_id) VALUES(120,1648,1);
INSERT INTO AlbumSong (album_id,song_id,format_id) VALUES(120,1648,2);
INSERT INTO Song (song_name,artist_id,duration) VALUES ("Polly",11,"00:02:53");
INSERT INTO AlbumSong (album_id,song_id,format_id) VALUES(120,1649,1);
INSERT INTO AlbumSong (album_id,song_id,format_id) VALUES(120,1649,2);
INSERT INTO Song (song_name,artist_id,duration) VALUES ("Territorial Pissings",11,"00:02:22");
INSERT INTO AlbumSong (album_id,song_id,format_id) VALUES(120,1650,1);
INSERT INTO AlbumSong (album_id,song_id,format_id) VALUES(120,1650,2);
INSERT INTO Song (song_name,artist_id,duration) VALUES ("Drain You",11,"00:03:43");
INSERT INTO AlbumSong (album_id,song_id,format_id) VALUES(120,1651,1);
INSERT INTO AlbumSong (album_id,song_id,format_id) VALUES(120,1651,2);
INSERT INTO Song (song_name,artist_id,duration) VALUES ("Lounge Act",11,"00:02:36");
INSERT INTO AlbumSong (album_id,song_id,format_id) VALUES(120,1652,1);
INSERT INTO AlbumSong (album_id,song_id,format_id) VALUES(120,1652,2);
INSERT INTO Song (song_name,artist_id,duration) VALUES ("Stay Away",11,"00:03:31");
INSERT INTO AlbumSong (album_id,song_id,format_id) VALUES(120,1653,1);
INSERT INTO AlbumSong (album_id,song_id,format_id) VALUES(120,1653,2);
INSERT INTO Song (song_name,artist_id,duration) VALUES ("On A Plain",11,"00:03:14");
INSERT INTO AlbumSong (album_id,song_id,format_id) VALUES(120,1654,1);
INSERT INTO AlbumSong (album_id,song_id,format_id) VALUES(120,1654,2);
INSERT INTO Song (song_name,artist_id,duration) VALUES ("Something In The Way",11,"00:03:52");
INSERT INTO AlbumSong (album_id,song_id,format_id) VALUES(120,1655,1);
INSERT INTO AlbumSong (album_id,song_id,format_id) VALUES(120,1655,2);
INSERT INTO Song (song_name,artist_id,duration) VALUES ("Endless, Nameless",11,"00:06:43");
INSERT INTO AlbumSong (album_id,song_id,format_id) VALUES(120,1656,1);
INSERT INTO AlbumSong (album_id,song_id,format_id) VALUES(120,1656,2);
INSERT INTO Song (song_name,artist_id,duration) VALUES ("Even In His Youth - B-Side",11,"00:03:02");
INSERT INTO AlbumSong (album_id,song_id,format_id) VALUES(120,1657,1);
INSERT INTO AlbumSong (album_id,song_id,format_id) VALUES(120,1657,2);
INSERT INTO Song (song_name,artist_id,duration) VALUES ("Aneurysm",11,"00:04:45");
INSERT INTO AlbumSong (album_id,song_id,format_id) VALUES(120,1658,1);
INSERT INTO AlbumSong (album_id,song_id,format_id) VALUES(120,1658,2);
INSERT INTO Song (song_name,artist_id,duration) VALUES ("Curmudgeon",11,"00:02:57");
INSERT INTO AlbumSong (album_id,song_id,format_id) VALUES(120,1659,1);
INSERT INTO AlbumSong (album_id,song_id,format_id) VALUES(120,1659,2);
INSERT INTO Song (song_name,artist_id,duration) VALUES ("D-7 - Live At The BBC",11,"00:03:44");
INSERT INTO AlbumSong (album_id,song_id,format_id) VALUES(120,1660,1);
INSERT INTO AlbumSong (album_id,song_id,format_id) VALUES(120,1660,2);
INSERT INTO Song (song_name,artist_id,duration) VALUES ("Been A Son - Live At Paramount Theatre B-Side",11,"00:02:30");
INSERT INTO AlbumSong (album_id,song_id,format_id) VALUES(120,1661,1);
INSERT INTO AlbumSong (album_id,song_id,format_id) VALUES(120,1661,2);
INSERT INTO Song (song_name,artist_id,duration) VALUES ("School - Live At Paramount Theatre/1991",11,"00:02:33");
INSERT INTO AlbumSong (album_id,song_id,format_id) VALUES(120,1662,1);
INSERT INTO AlbumSong (album_id,song_id,format_id) VALUES(120,1662,2);
INSERT INTO Song (song_name,artist_id,duration) VALUES ("Drain You - Live At Paramount Theatre B-Side",11,"00:03:52");
INSERT INTO AlbumSong (album_id,song_id,format_id) VALUES(120,1663,1);
INSERT INTO AlbumSong (album_id,song_id,format_id) VALUES(120,1663,2);
INSERT INTO Song (song_name,artist_id,duration) VALUES ("Sliver - Live At Del Mar B-Side",11,"00:02:03");
INSERT INTO AlbumSong (album_id,song_id,format_id) VALUES(120,1664,1);
INSERT INTO AlbumSong (album_id,song_id,format_id) VALUES(120,1664,2);
INSERT INTO Song (song_name,artist_id,duration) VALUES ("Polly - Live At Del Mar B-Side",11,"00:02:47");
INSERT INTO AlbumSong (album_id,song_id,format_id) VALUES(120,1665,1);
INSERT INTO AlbumSong (album_id,song_id,format_id) VALUES(120,1665,2);
INSERT INTO Song (song_name,artist_id,duration) VALUES ("In Bloom - Smart Sessions",11,"00:04:30");
INSERT INTO AlbumSong (album_id,song_id,format_id) VALUES(120,1666,1);
INSERT INTO AlbumSong (album_id,song_id,format_id) VALUES(120,1666,2);
INSERT INTO Song (song_name,artist_id,duration) VALUES ("Immodium (Breed) - Smart Sessions",11,"00:03:13");
INSERT INTO AlbumSong (album_id,song_id,format_id) VALUES(120,1667,1);
INSERT INTO AlbumSong (album_id,song_id,format_id) VALUES(120,1667,2);
INSERT INTO Song (song_name,artist_id,duration) VALUES ("Lithium - Smart Sessions",11,"00:04:30");
INSERT INTO AlbumSong (album_id,song_id,format_id) VALUES(120,1668,1);
INSERT INTO AlbumSong (album_id,song_id,format_id) VALUES(120,1668,2);
INSERT INTO Song (song_name,artist_id,duration) VALUES ("Polly - Smart Sessions",11,"00:02:58");
INSERT INTO AlbumSong (album_id,song_id,format_id) VALUES(120,1669,1);
INSERT INTO AlbumSong (album_id,song_id,format_id) VALUES(120,1669,2);
INSERT INTO Song (song_name,artist_id,duration) VALUES ("Pay To Play - Smart Sessions",11,"00:03:28");
INSERT INTO AlbumSong (album_id,song_id,format_id) VALUES(120,1670,1);
INSERT INTO AlbumSong (album_id,song_id,format_id) VALUES(120,1670,2);
INSERT INTO Song (song_name,artist_id,duration) VALUES ("Here She Comes Now - Smart Sessions",11,"00:04:59");
INSERT INTO AlbumSong (album_id,song_id,format_id) VALUES(120,1671,1);
INSERT INTO AlbumSong (album_id,song_id,format_id) VALUES(120,1671,2);
INSERT INTO Song (song_name,artist_id,duration) VALUES ("Dive - Smart Sessions",11,"00:03:54");
INSERT INTO AlbumSong (album_id,song_id,format_id) VALUES(120,1672,1);
INSERT INTO AlbumSong (album_id,song_id,format_id) VALUES(120,1672,2);
INSERT INTO Song (song_name,artist_id,duration) VALUES ("Sappy - Smart Sessions",11,"00:03:34");
INSERT INTO AlbumSong (album_id,song_id,format_id) VALUES(120,1673,1);
INSERT INTO AlbumSong (album_id,song_id,format_id) VALUES(120,1673,2);
INSERT INTO Song (song_name,artist_id,duration) VALUES ("Smells Like Teen Spirit - Boombox Rehearsals",11,"00:05:39");
INSERT INTO AlbumSong (album_id,song_id,format_id) VALUES(120,1674,1);
INSERT INTO AlbumSong (album_id,song_id,format_id) VALUES(120,1674,2);
INSERT INTO Song (song_name,artist_id,duration) VALUES ("Verse Chorus Verse - Boombox Rehearsals",11,"00:03:12");
INSERT INTO AlbumSong (album_id,song_id,format_id) VALUES(120,1675,1);
INSERT INTO AlbumSong (album_id,song_id,format_id) VALUES(120,1675,2);
INSERT INTO Song (song_name,artist_id,duration) VALUES ("Territorial Pissings - Boombox Rehearsals",11,"00:02:10");
INSERT INTO AlbumSong (album_id,song_id,format_id) VALUES(120,1676,1);
INSERT INTO AlbumSong (album_id,song_id,format_id) VALUES(120,1676,2);
INSERT INTO Song (song_name,artist_id,duration) VALUES ("Lounge Act - Boombox Rehearsals",11,"00:02:36");
INSERT INTO AlbumSong (album_id,song_id,format_id) VALUES(120,1677,1);
INSERT INTO AlbumSong (album_id,song_id,format_id) VALUES(120,1677,2);
INSERT INTO Song (song_name,artist_id,duration) VALUES ("Come As You Are - Boombox Rehearsals",11,"00:04:11");
INSERT INTO AlbumSong (album_id,song_id,format_id) VALUES(120,1678,1);
INSERT INTO AlbumSong (album_id,song_id,format_id) VALUES(120,1678,2);
INSERT INTO Song (song_name,artist_id,duration) VALUES ("Old Age - Boombox Rehearsals",11,"00:04:21");
INSERT INTO AlbumSong (album_id,song_id,format_id) VALUES(120,1679,1);
INSERT INTO AlbumSong (album_id,song_id,format_id) VALUES(120,1679,2);
INSERT INTO Song (song_name,artist_id,duration) VALUES ("Something In The Way - Boombox Rehearsals",11,"00:05:30");
INSERT INTO AlbumSong (album_id,song_id,format_id) VALUES(120,1680,1);
INSERT INTO AlbumSong (album_id,song_id,format_id) VALUES(120,1680,2);
INSERT INTO Song (song_name,artist_id,duration) VALUES ("On A Plain - Boombox Rehearsals",11,"00:03:20");
INSERT INTO AlbumSong (album_id,song_id,format_id) VALUES(120,1681,1);
INSERT INTO AlbumSong (album_id,song_id,format_id) VALUES(120,1681,2);
INSERT INTO Song (song_name,artist_id,duration) VALUES ("Drain You - Live At The BBC",11,"00:04:02");
INSERT INTO AlbumSong (album_id,song_id,format_id) VALUES(120,1682,1);
INSERT INTO AlbumSong (album_id,song_id,format_id) VALUES(120,1682,2);
INSERT INTO Song (song_name,artist_id,duration) VALUES ("Something In The Way - Live At The BBC",11,"00:03:23");
INSERT INTO AlbumSong (album_id,song_id,format_id) VALUES(120,1683,1);
INSERT INTO AlbumSong (album_id,song_id,format_id) VALUES(120,1683,2);
INSERT INTO Song (song_name,artist_id,duration) VALUES ("Aneurysm - Live At The Paramount",11,"00:04:41");
INSERT INTO AlbumSong (album_id,song_id,format_id) VALUES(120,1684,1);
INSERT INTO AlbumSong (album_id,song_id,format_id) VALUES(120,1684,2);
INSERT INTO Song (song_name,artist_id,duration) VALUES ("Drain You - Live At The Paramount/1991",11,"00:03:47");
INSERT INTO AlbumSong (album_id,song_id,format_id) VALUES(120,1685,1);
INSERT INTO AlbumSong (album_id,song_id,format_id) VALUES(120,1685,2);
INSERT INTO Song (song_name,artist_id,duration) VALUES ("Breed - Live At The Paramount",11,"00:03:03");
INSERT INTO AlbumSong (album_id,song_id,format_id) VALUES(120,1686,1);
INSERT INTO AlbumSong (album_id,song_id,format_id) VALUES(120,1686,2);
INSERT INTO Album(album_id,album_name,artist_id,art_id,release_date) VALUES (120,"Nevermind",11,120,"1991-09-26");
INSERT INTO AlbumArt(path) VALUES ("/var/www/album_art/nirvana_nevermind_(deluxe_edition).jpg");
INSERT INTO AlbumSong (album_id,song_id,format_id) VALUES(121,1544,1);
INSERT INTO AlbumSong (album_id,song_id,format_id) VALUES(121,1544,2);
INSERT INTO AlbumSong (album_id,song_id,format_id) VALUES(121,1645,1);
INSERT INTO AlbumSong (album_id,song_id,format_id) VALUES(121,1645,2);
INSERT INTO AlbumSong (album_id,song_id,format_id) VALUES(121,1646,1);
INSERT INTO AlbumSong (album_id,song_id,format_id) VALUES(121,1646,2);
INSERT INTO AlbumSong (album_id,song_id,format_id) VALUES(121,1647,1);
INSERT INTO AlbumSong (album_id,song_id,format_id) VALUES(121,1647,2);
INSERT INTO AlbumSong (album_id,song_id,format_id) VALUES(121,1648,1);
INSERT INTO AlbumSong (album_id,song_id,format_id) VALUES(121,1648,2);
INSERT INTO AlbumSong (album_id,song_id,format_id) VALUES(121,1649,1);
INSERT INTO AlbumSong (album_id,song_id,format_id) VALUES(121,1649,2);
INSERT INTO AlbumSong (album_id,song_id,format_id) VALUES(121,1650,1);
INSERT INTO AlbumSong (album_id,song_id,format_id) VALUES(121,1650,2);
INSERT INTO AlbumSong (album_id,song_id,format_id) VALUES(121,1651,1);
INSERT INTO AlbumSong (album_id,song_id,format_id) VALUES(121,1651,2);
INSERT INTO AlbumSong (album_id,song_id,format_id) VALUES(121,1652,1);
INSERT INTO AlbumSong (album_id,song_id,format_id) VALUES(121,1652,2);
INSERT INTO AlbumSong (album_id,song_id,format_id) VALUES(121,1653,1);
INSERT INTO AlbumSong (album_id,song_id,format_id) VALUES(121,1653,2);
INSERT INTO AlbumSong (album_id,song_id,format_id) VALUES(121,1654,1);
INSERT INTO AlbumSong (album_id,song_id,format_id) VALUES(121,1654,2);
INSERT INTO AlbumSong (album_id,song_id,format_id) VALUES(121,1655,1);
INSERT INTO AlbumSong (album_id,song_id,format_id) VALUES(121,1655,2);
INSERT INTO AlbumSong (album_id,song_id,format_id) VALUES(121,1656,1);
INSERT INTO AlbumSong (album_id,song_id,format_id) VALUES(121,1656,2);
INSERT INTO AlbumSong (album_id,song_id,format_id) VALUES(121,1657,1);
INSERT INTO AlbumSong (album_id,song_id,format_id) VALUES(121,1657,2);
INSERT INTO AlbumSong (album_id,song_id,format_id) VALUES(121,1658,1);
INSERT INTO AlbumSong (album_id,song_id,format_id) VALUES(121,1658,2);
INSERT INTO AlbumSong (album_id,song_id,format_id) VALUES(121,1659,1);
INSERT INTO AlbumSong (album_id,song_id,format_id) VALUES(121,1659,2);
INSERT INTO AlbumSong (album_id,song_id,format_id) VALUES(121,1660,1);
INSERT INTO AlbumSong (album_id,song_id,format_id) VALUES(121,1660,2);
INSERT INTO AlbumSong (album_id,song_id,format_id) VALUES(121,1661,1);
INSERT INTO AlbumSong (album_id,song_id,format_id) VALUES(121,1661,2);
INSERT INTO AlbumSong (album_id,song_id,format_id) VALUES(121,1662,1);
INSERT INTO AlbumSong (album_id,song_id,format_id) VALUES(121,1662,2);
INSERT INTO AlbumSong (album_id,song_id,format_id) VALUES(121,1663,1);
INSERT INTO AlbumSong (album_id,song_id,format_id) VALUES(121,1663,2);
INSERT INTO AlbumSong (album_id,song_id,format_id) VALUES(121,1664,1);
INSERT INTO AlbumSong (album_id,song_id,format_id) VALUES(121,1664,2);
INSERT INTO AlbumSong (album_id,song_id,format_id) VALUES(121,1665,1);
INSERT INTO AlbumSong (album_id,song_id,format_id) VALUES(121,1665,2);
INSERT INTO AlbumSong (album_id,song_id,format_id) VALUES(121,1666,1);
INSERT INTO AlbumSong (album_id,song_id,format_id) VALUES(121,1666,2);
INSERT INTO AlbumSong (album_id,song_id,format_id) VALUES(121,1667,1);
INSERT INTO AlbumSong (album_id,song_id,format_id) VALUES(121,1667,2);
INSERT INTO AlbumSong (album_id,song_id,format_id) VALUES(121,1668,1);
INSERT INTO AlbumSong (album_id,song_id,format_id) VALUES(121,1668,2);
INSERT INTO AlbumSong (album_id,song_id,format_id) VALUES(121,1669,1);
INSERT INTO AlbumSong (album_id,song_id,format_id) VALUES(121,1669,2);
INSERT INTO AlbumSong (album_id,song_id,format_id) VALUES(121,1670,1);
INSERT INTO AlbumSong (album_id,song_id,format_id) VALUES(121,1670,2);
INSERT INTO AlbumSong (album_id,song_id,format_id) VALUES(121,1671,1);
INSERT INTO AlbumSong (album_id,song_id,format_id) VALUES(121,1671,2);
INSERT INTO AlbumSong (album_id,song_id,format_id) VALUES(121,1672,1);
INSERT INTO AlbumSong (album_id,song_id,format_id) VALUES(121,1672,2);
INSERT INTO AlbumSong (album_id,song_id,format_id) VALUES(121,1673,1);
INSERT INTO AlbumSong (album_id,song_id,format_id) VALUES(121,1673,2);
INSERT INTO AlbumSong (album_id,song_id,format_id) VALUES(121,1674,1);
INSERT INTO AlbumSong (album_id,song_id,format_id) VALUES(121,1674,2);
INSERT INTO AlbumSong (album_id,song_id,format_id) VALUES(121,1675,1);
INSERT INTO AlbumSong (album_id,song_id,format_id) VALUES(121,1675,2);
INSERT INTO AlbumSong (album_id,song_id,format_id) VALUES(121,1676,1);
INSERT INTO AlbumSong (album_id,song_id,format_id) VALUES(121,1676,2);
INSERT INTO AlbumSong (album_id,song_id,format_id) VALUES(121,1677,1);
INSERT INTO AlbumSong (album_id,song_id,format_id) VALUES(121,1677,2);
INSERT INTO AlbumSong (album_id,song_id,format_id) VALUES(121,1678,1);
INSERT INTO AlbumSong (album_id,song_id,format_id) VALUES(121,1678,2);
INSERT INTO AlbumSong (album_id,song_id,format_id) VALUES(121,1679,1);
INSERT INTO AlbumSong (album_id,song_id,format_id) VALUES(121,1679,2);
INSERT INTO AlbumSong (album_id,song_id,format_id) VALUES(121,1680,1);
INSERT INTO AlbumSong (album_id,song_id,format_id) VALUES(121,1680,2);
INSERT INTO AlbumSong (album_id,song_id,format_id) VALUES(121,1681,1);
INSERT INTO AlbumSong (album_id,song_id,format_id) VALUES(121,1681,2);
INSERT INTO AlbumSong (album_id,song_id,format_id) VALUES(121,1682,1);
INSERT INTO AlbumSong (album_id,song_id,format_id) VALUES(121,1682,2);
INSERT INTO AlbumSong (album_id,song_id,format_id) VALUES(121,1683,1);
INSERT INTO AlbumSong (album_id,song_id,format_id) VALUES(121,1683,2);
INSERT INTO Album(album_id,album_name,artist_id,art_id,release_date) VALUES (121,"Nevermind (Deluxe Edition)",11,121,"1991-09-26");
INSERT INTO AlbumArt(path) VALUES ("/var/www/album_art/nirvana_nevermind_(remastered).jpg");
INSERT INTO AlbumSong (album_id,song_id,format_id) VALUES(122,1544,1);
INSERT INTO AlbumSong (album_id,song_id,format_id) VALUES(122,1544,2);
INSERT INTO AlbumSong (album_id,song_id,format_id) VALUES(122,1645,1);
INSERT INTO AlbumSong (album_id,song_id,format_id) VALUES(122,1645,2);
INSERT INTO AlbumSong (album_id,song_id,format_id) VALUES(122,1646,1);
INSERT INTO AlbumSong (album_id,song_id,format_id) VALUES(122,1646,2);
INSERT INTO AlbumSong (album_id,song_id,format_id) VALUES(122,1647,1);
INSERT INTO AlbumSong (album_id,song_id,format_id) VALUES(122,1647,2);
INSERT INTO AlbumSong (album_id,song_id,format_id) VALUES(122,1648,1);
INSERT INTO AlbumSong (album_id,song_id,format_id) VALUES(122,1648,2);
INSERT INTO AlbumSong (album_id,song_id,format_id) VALUES(122,1649,1);
INSERT INTO AlbumSong (album_id,song_id,format_id) VALUES(122,1649,2);
INSERT INTO AlbumSong (album_id,song_id,format_id) VALUES(122,1650,1);
INSERT INTO AlbumSong (album_id,song_id,format_id) VALUES(122,1650,2);
INSERT INTO AlbumSong (album_id,song_id,format_id) VALUES(122,1651,1);
INSERT INTO AlbumSong (album_id,song_id,format_id) VALUES(122,1651,2);
INSERT INTO AlbumSong (album_id,song_id,format_id) VALUES(122,1652,1);
INSERT INTO AlbumSong (album_id,song_id,format_id) VALUES(122,1652,2);
INSERT INTO AlbumSong (album_id,song_id,format_id) VALUES(122,1653,1);
INSERT INTO AlbumSong (album_id,song_id,format_id) VALUES(122,1653,2);
INSERT INTO AlbumSong (album_id,song_id,format_id) VALUES(122,1654,1);
INSERT INTO AlbumSong (album_id,song_id,format_id) VALUES(122,1654,2);
INSERT INTO AlbumSong (album_id,song_id,format_id) VALUES(122,1655,1);
INSERT INTO AlbumSong (album_id,song_id,format_id) VALUES(122,1655,2);
INSERT INTO AlbumSong (album_id,song_id,format_id) VALUES(122,1656,1);
INSERT INTO AlbumSong (album_id,song_id,format_id) VALUES(122,1656,2);
INSERT INTO Album(album_id,album_name,artist_id,art_id,release_date) VALUES (122,"Nevermind (Remastered)",11,122,"1991-09-26");
INSERT INTO AlbumArt(path) VALUES ("/var/www/album_art/nirvana_nevermind_(super_deluxe_edition).jpg");
INSERT INTO AlbumSong (album_id,song_id,format_id) VALUES(123,1544,1);
INSERT INTO AlbumSong (album_id,song_id,format_id) VALUES(123,1544,2);
INSERT INTO AlbumSong (album_id,song_id,format_id) VALUES(123,1645,1);
INSERT INTO AlbumSong (album_id,song_id,format_id) VALUES(123,1645,2);
INSERT INTO AlbumSong (album_id,song_id,format_id) VALUES(123,1646,1);
INSERT INTO AlbumSong (album_id,song_id,format_id) VALUES(123,1646,2);
INSERT INTO AlbumSong (album_id,song_id,format_id) VALUES(123,1647,1);
INSERT INTO AlbumSong (album_id,song_id,format_id) VALUES(123,1647,2);
INSERT INTO AlbumSong (album_id,song_id,format_id) VALUES(123,1648,1);
INSERT INTO AlbumSong (album_id,song_id,format_id) VALUES(123,1648,2);
INSERT INTO AlbumSong (album_id,song_id,format_id) VALUES(123,1649,1);
INSERT INTO AlbumSong (album_id,song_id,format_id) VALUES(123,1649,2);
INSERT INTO AlbumSong (album_id,song_id,format_id) VALUES(123,1650,1);
INSERT INTO AlbumSong (album_id,song_id,format_id) VALUES(123,1650,2);
INSERT INTO AlbumSong (album_id,song_id,format_id) VALUES(123,1651,1);
INSERT INTO AlbumSong (album_id,song_id,format_id) VALUES(123,1651,2);
INSERT INTO AlbumSong (album_id,song_id,format_id) VALUES(123,1652,1);
INSERT INTO AlbumSong (album_id,song_id,format_id) VALUES(123,1652,2);
INSERT INTO AlbumSong (album_id,song_id,format_id) VALUES(123,1653,1);
INSERT INTO AlbumSong (album_id,song_id,format_id) VALUES(123,1653,2);
INSERT INTO AlbumSong (album_id,song_id,format_id) VALUES(123,1654,1);
INSERT INTO AlbumSong (album_id,song_id,format_id) VALUES(123,1654,2);
INSERT INTO AlbumSong (album_id,song_id,format_id) VALUES(123,1655,1);
INSERT INTO AlbumSong (album_id,song_id,format_id) VALUES(123,1655,2);
INSERT INTO AlbumSong (album_id,song_id,format_id) VALUES(123,1656,1);
INSERT INTO AlbumSong (album_id,song_id,format_id) VALUES(123,1656,2);
INSERT INTO AlbumSong (album_id,song_id,format_id) VALUES(123,1657,1);
INSERT INTO AlbumSong (album_id,song_id,format_id) VALUES(123,1657,2);
INSERT INTO AlbumSong (album_id,song_id,format_id) VALUES(123,1658,1);
INSERT INTO AlbumSong (album_id,song_id,format_id) VALUES(123,1658,2);
INSERT INTO AlbumSong (album_id,song_id,format_id) VALUES(123,1659,1);
INSERT INTO AlbumSong (album_id,song_id,format_id) VALUES(123,1659,2);
INSERT INTO AlbumSong (album_id,song_id,format_id) VALUES(123,1660,1);
INSERT INTO AlbumSong (album_id,song_id,format_id) VALUES(123,1660,2);
INSERT INTO AlbumSong (album_id,song_id,format_id) VALUES(123,1661,1);
INSERT INTO AlbumSong (album_id,song_id,format_id) VALUES(123,1661,2);
INSERT INTO AlbumSong (album_id,song_id,format_id) VALUES(123,1662,1);
INSERT INTO AlbumSong (album_id,song_id,format_id) VALUES(123,1662,2);
INSERT INTO AlbumSong (album_id,song_id,format_id) VALUES(123,1663,1);
INSERT INTO AlbumSong (album_id,song_id,format_id) VALUES(123,1663,2);
INSERT INTO AlbumSong (album_id,song_id,format_id) VALUES(123,1664,1);
INSERT INTO AlbumSong (album_id,song_id,format_id) VALUES(123,1664,2);
INSERT INTO AlbumSong (album_id,song_id,format_id) VALUES(123,1665,1);
INSERT INTO AlbumSong (album_id,song_id,format_id) VALUES(123,1665,2);
INSERT INTO AlbumSong (album_id,song_id,format_id) VALUES(123,1666,1);
INSERT INTO AlbumSong (album_id,song_id,format_id) VALUES(123,1666,2);
INSERT INTO AlbumSong (album_id,song_id,format_id) VALUES(123,1667,1);
INSERT INTO AlbumSong (album_id,song_id,format_id) VALUES(123,1667,2);
INSERT INTO AlbumSong (album_id,song_id,format_id) VALUES(123,1668,1);
INSERT INTO AlbumSong (album_id,song_id,format_id) VALUES(123,1668,2);
INSERT INTO AlbumSong (album_id,song_id,format_id) VALUES(123,1669,1);
INSERT INTO AlbumSong (album_id,song_id,format_id) VALUES(123,1669,2);
INSERT INTO AlbumSong (album_id,song_id,format_id) VALUES(123,1670,1);
INSERT INTO AlbumSong (album_id,song_id,format_id) VALUES(123,1670,2);
INSERT INTO AlbumSong (album_id,song_id,format_id) VALUES(123,1671,1);
INSERT INTO AlbumSong (album_id,song_id,format_id) VALUES(123,1671,2);
INSERT INTO AlbumSong (album_id,song_id,format_id) VALUES(123,1672,1);
INSERT INTO AlbumSong (album_id,song_id,format_id) VALUES(123,1672,2);
INSERT INTO AlbumSong (album_id,song_id,format_id) VALUES(123,1673,1);
INSERT INTO AlbumSong (album_id,song_id,format_id) VALUES(123,1673,2);
INSERT INTO AlbumSong (album_id,song_id,format_id) VALUES(123,1674,1);
INSERT INTO AlbumSong (album_id,song_id,format_id) VALUES(123,1674,2);
INSERT INTO AlbumSong (album_id,song_id,format_id) VALUES(123,1675,1);
INSERT INTO AlbumSong (album_id,song_id,format_id) VALUES(123,1675,2);
INSERT INTO AlbumSong (album_id,song_id,format_id) VALUES(123,1676,1);
INSERT INTO AlbumSong (album_id,song_id,format_id) VALUES(123,1676,2);
INSERT INTO AlbumSong (album_id,song_id,format_id) VALUES(123,1677,1);
INSERT INTO AlbumSong (album_id,song_id,format_id) VALUES(123,1677,2);
INSERT INTO AlbumSong (album_id,song_id,format_id) VALUES(123,1678,1);
INSERT INTO AlbumSong (album_id,song_id,format_id) VALUES(123,1678,2);
INSERT INTO AlbumSong (album_id,song_id,format_id) VALUES(123,1679,1);
INSERT INTO AlbumSong (album_id,song_id,format_id) VALUES(123,1679,2);
INSERT INTO AlbumSong (album_id,song_id,format_id) VALUES(123,1680,1);
INSERT INTO AlbumSong (album_id,song_id,format_id) VALUES(123,1680,2);
INSERT INTO AlbumSong (album_id,song_id,format_id) VALUES(123,1681,1);
INSERT INTO AlbumSong (album_id,song_id,format_id) VALUES(123,1681,2);
INSERT INTO AlbumSong (album_id,song_id,format_id) VALUES(123,1682,1);
INSERT INTO AlbumSong (album_id,song_id,format_id) VALUES(123,1682,2);
INSERT INTO AlbumSong (album_id,song_id,format_id) VALUES(123,1683,1);
INSERT INTO AlbumSong (album_id,song_id,format_id) VALUES(123,1683,2);
INSERT INTO Song (song_name,artist_id,duration) VALUES ("Smells Like Teen Spirit - Devonshire Mix",11,"00:05:02");
INSERT INTO AlbumSong (album_id,song_id,format_id) VALUES(123,1687,1);
INSERT INTO AlbumSong (album_id,song_id,format_id) VALUES(123,1687,2);
INSERT INTO Song (song_name,artist_id,duration) VALUES ("In Bloom - Devonshire Mix",11,"00:04:14");
INSERT INTO AlbumSong (album_id,song_id,format_id) VALUES(123,1688,1);
INSERT INTO AlbumSong (album_id,song_id,format_id) VALUES(123,1688,2);
INSERT INTO Song (song_name,artist_id,duration) VALUES ("Come As You Are - Devonshire Mix",11,"00:03:40");
INSERT INTO AlbumSong (album_id,song_id,format_id) VALUES(123,1689,1);
INSERT INTO AlbumSong (album_id,song_id,format_id) VALUES(123,1689,2);
INSERT INTO Song (song_name,artist_id,duration) VALUES ("Breed - Devonshire Mix",11,"00:03:03");
INSERT INTO AlbumSong (album_id,song_id,format_id) VALUES(123,1690,1);
INSERT INTO AlbumSong (album_id,song_id,format_id) VALUES(123,1690,2);
INSERT INTO Song (song_name,artist_id,duration) VALUES ("Lithium - Devonshire Mix",11,"00:04:18");
INSERT INTO AlbumSong (album_id,song_id,format_id) VALUES(123,1691,1);
INSERT INTO AlbumSong (album_id,song_id,format_id) VALUES(123,1691,2);
INSERT INTO Song (song_name,artist_id,duration) VALUES ("Territorial Pissings - Devonshire Mix",11,"00:02:13");
INSERT INTO AlbumSong (album_id,song_id,format_id) VALUES(123,1692,1);
INSERT INTO AlbumSong (album_id,song_id,format_id) VALUES(123,1692,2);
INSERT INTO Song (song_name,artist_id,duration) VALUES ("Drain You - Devonshire Mix",11,"00:03:41");
INSERT INTO AlbumSong (album_id,song_id,format_id) VALUES(123,1693,1);
INSERT INTO AlbumSong (album_id,song_id,format_id) VALUES(123,1693,2);
INSERT INTO Song (song_name,artist_id,duration) VALUES ("Lounge Act - Devonshire Mix",11,"00:02:36");
INSERT INTO AlbumSong (album_id,song_id,format_id) VALUES(123,1694,1);
INSERT INTO AlbumSong (album_id,song_id,format_id) VALUES(123,1694,2);
INSERT INTO Song (song_name,artist_id,duration) VALUES ("Stay Away - Devonshire Mix",11,"00:03:27");
INSERT INTO AlbumSong (album_id,song_id,format_id) VALUES(123,1695,1);
INSERT INTO AlbumSong (album_id,song_id,format_id) VALUES(123,1695,2);
INSERT INTO Song (song_name,artist_id,duration) VALUES ("On A Plain - Devonshire Mix",11,"00:03:25");
INSERT INTO AlbumSong (album_id,song_id,format_id) VALUES(123,1696,1);
INSERT INTO AlbumSong (album_id,song_id,format_id) VALUES(123,1696,2);
INSERT INTO Album(album_id,album_name,artist_id,art_id,release_date) VALUES (123,"Nevermind (Super Deluxe Edition)",11,123,"1991-09-26");
INSERT INTO AlbumArt(path) VALUES ("/var/www/album_art/nirvana_bleach_(deluxe_edition).jpg");
INSERT INTO Song (song_name,artist_id,duration) VALUES ("Blew",11,"00:02:54");
INSERT INTO AlbumSong (album_id,song_id,format_id) VALUES(124,1697,1);
INSERT INTO AlbumSong (album_id,song_id,format_id) VALUES(124,1697,2);
INSERT INTO Song (song_name,artist_id,duration) VALUES ("Floyd The Barber",11,"00:02:18");
INSERT INTO AlbumSong (album_id,song_id,format_id) VALUES(124,1698,1);
INSERT INTO AlbumSong (album_id,song_id,format_id) VALUES(124,1698,2);
INSERT INTO Song (song_name,artist_id,duration) VALUES ("About A Girl",11,"00:02:48");
INSERT INTO AlbumSong (album_id,song_id,format_id) VALUES(124,1699,1);
INSERT INTO AlbumSong (album_id,song_id,format_id) VALUES(124,1699,2);
INSERT INTO Song (song_name,artist_id,duration) VALUES ("School",11,"00:02:42");
INSERT INTO AlbumSong (album_id,song_id,format_id) VALUES(124,1700,1);
INSERT INTO AlbumSong (album_id,song_id,format_id) VALUES(124,1700,2);
INSERT INTO Song (song_name,artist_id,duration) VALUES ("Love Buzz",11,"00:03:35");
INSERT INTO AlbumSong (album_id,song_id,format_id) VALUES(124,1701,1);
INSERT INTO AlbumSong (album_id,song_id,format_id) VALUES(124,1701,2);
INSERT INTO Song (song_name,artist_id,duration) VALUES ("Paper Cuts",11,"00:04:06");
INSERT INTO AlbumSong (album_id,song_id,format_id) VALUES(124,1702,1);
INSERT INTO AlbumSong (album_id,song_id,format_id) VALUES(124,1702,2);
INSERT INTO Song (song_name,artist_id,duration) VALUES ("Negative Creep",11,"00:02:55");
INSERT INTO AlbumSong (album_id,song_id,format_id) VALUES(124,1703,1);
INSERT INTO AlbumSong (album_id,song_id,format_id) VALUES(124,1703,2);
INSERT INTO Song (song_name,artist_id,duration) VALUES ("Scoff",11,"00:04:10");
INSERT INTO AlbumSong (album_id,song_id,format_id) VALUES(124,1704,1);
INSERT INTO AlbumSong (album_id,song_id,format_id) VALUES(124,1704,2);
INSERT INTO Song (song_name,artist_id,duration) VALUES ("Swap Meet",11,"00:03:03");
INSERT INTO AlbumSong (album_id,song_id,format_id) VALUES(124,1705,1);
INSERT INTO AlbumSong (album_id,song_id,format_id) VALUES(124,1705,2);
INSERT INTO Song (song_name,artist_id,duration) VALUES ("Mr. Moustache",11,"00:03:23");
INSERT INTO AlbumSong (album_id,song_id,format_id) VALUES(124,1706,1);
INSERT INTO AlbumSong (album_id,song_id,format_id) VALUES(124,1706,2);
INSERT INTO Song (song_name,artist_id,duration) VALUES ("Sifting",11,"00:05:22");
INSERT INTO AlbumSong (album_id,song_id,format_id) VALUES(124,1707,1);
INSERT INTO AlbumSong (album_id,song_id,format_id) VALUES(124,1707,2);
INSERT INTO Song (song_name,artist_id,duration) VALUES ("Big Cheese",11,"00:03:42");
INSERT INTO AlbumSong (album_id,song_id,format_id) VALUES(124,1708,1);
INSERT INTO AlbumSong (album_id,song_id,format_id) VALUES(124,1708,2);
INSERT INTO AlbumSong (album_id,song_id,format_id) VALUES(124,1639,1);
INSERT INTO AlbumSong (album_id,song_id,format_id) VALUES(124,1639,2);
INSERT INTO Song (song_name,artist_id,duration) VALUES ("Intro (Live at Pine Street Theatre)",11,"00:00:52");
INSERT INTO AlbumSong (album_id,song_id,format_id) VALUES(124,1709,1);
INSERT INTO AlbumSong (album_id,song_id,format_id) VALUES(124,1709,2);
INSERT INTO Song (song_name,artist_id,duration) VALUES ("School (Live at Pine Street Theatre)",11,"00:02:36");
INSERT INTO AlbumSong (album_id,song_id,format_id) VALUES(124,1710,1);
INSERT INTO AlbumSong (album_id,song_id,format_id) VALUES(124,1710,2);
INSERT INTO Song (song_name,artist_id,duration) VALUES ("Floyd The Barber (Live at Pine Street Theatre)",11,"00:02:16");
INSERT INTO AlbumSong (album_id,song_id,format_id) VALUES(124,1711,1);
INSERT INTO AlbumSong (album_id,song_id,format_id) VALUES(124,1711,2);
INSERT INTO Song (song_name,artist_id,duration) VALUES ("Dive (Live at Pine Street Theatre)",11,"00:03:42");
INSERT INTO AlbumSong (album_id,song_id,format_id) VALUES(124,1712,1);
INSERT INTO AlbumSong (album_id,song_id,format_id) VALUES(124,1712,2);
INSERT INTO Song (song_name,artist_id,duration) VALUES ("Love Buzz (Live at Pine Street Theatre)",11,"00:02:57");
INSERT INTO AlbumSong (album_id,song_id,format_id) VALUES(124,1713,1);
INSERT INTO AlbumSong (album_id,song_id,format_id) VALUES(124,1713,2);
INSERT INTO Song (song_name,artist_id,duration) VALUES ("Spank Thru (Live at Pine Street Theatre)",11,"00:02:59");
INSERT INTO AlbumSong (album_id,song_id,format_id) VALUES(124,1714,1);
INSERT INTO AlbumSong (album_id,song_id,format_id) VALUES(124,1714,2);
INSERT INTO Song (song_name,artist_id,duration) VALUES ("Molly's Lips (Live at Pine Street Theatre)",11,"00:02:15");
INSERT INTO AlbumSong (album_id,song_id,format_id) VALUES(124,1715,1);
INSERT INTO AlbumSong (album_id,song_id,format_id) VALUES(124,1715,2);
INSERT INTO Song (song_name,artist_id,duration) VALUES ("Sappy (Live at Pine Street Theatre)",11,"00:03:19");
INSERT INTO AlbumSong (album_id,song_id,format_id) VALUES(124,1716,1);
INSERT INTO AlbumSong (album_id,song_id,format_id) VALUES(124,1716,2);
INSERT INTO Song (song_name,artist_id,duration) VALUES ("Scoff (Live at Pine Street Theatre)",11,"00:03:52");
INSERT INTO AlbumSong (album_id,song_id,format_id) VALUES(124,1717,1);
INSERT INTO AlbumSong (album_id,song_id,format_id) VALUES(124,1717,2);
INSERT INTO Song (song_name,artist_id,duration) VALUES ("About A Girl (Live at Pine Street Theatre)",11,"00:02:27");
INSERT INTO AlbumSong (album_id,song_id,format_id) VALUES(124,1718,1);
INSERT INTO AlbumSong (album_id,song_id,format_id) VALUES(124,1718,2);
INSERT INTO Song (song_name,artist_id,duration) VALUES ("Been A Son (Live at Pine Street Theatre)",11,"00:02:00");
INSERT INTO AlbumSong (album_id,song_id,format_id) VALUES(124,1719,1);
INSERT INTO AlbumSong (album_id,song_id,format_id) VALUES(124,1719,2);
INSERT INTO Song (song_name,artist_id,duration) VALUES ("Blew (Live at Pine Street Theatre)",11,"00:04:30");
INSERT INTO AlbumSong (album_id,song_id,format_id) VALUES(124,1720,1);
INSERT INTO AlbumSong (album_id,song_id,format_id) VALUES(124,1720,2);
INSERT INTO Album(album_id,album_name,artist_id,art_id,release_date) VALUES (124,"Bleach (Deluxe Edition)",11,124,"1989-06-15");
INSERT INTO AlbumArt(path) VALUES ("/var/www/album_art/nirvana_bleach.jpg");
INSERT INTO AlbumSong (album_id,song_id,format_id) VALUES(125,1697,1);
INSERT INTO AlbumSong (album_id,song_id,format_id) VALUES(125,1697,2);
INSERT INTO AlbumSong (album_id,song_id,format_id) VALUES(125,1698,1);
INSERT INTO AlbumSong (album_id,song_id,format_id) VALUES(125,1698,2);
INSERT INTO AlbumSong (album_id,song_id,format_id) VALUES(125,1699,1);
INSERT INTO AlbumSong (album_id,song_id,format_id) VALUES(125,1699,2);
INSERT INTO AlbumSong (album_id,song_id,format_id) VALUES(125,1700,1);
INSERT INTO AlbumSong (album_id,song_id,format_id) VALUES(125,1700,2);
INSERT INTO AlbumSong (album_id,song_id,format_id) VALUES(125,1701,1);
INSERT INTO AlbumSong (album_id,song_id,format_id) VALUES(125,1701,2);
INSERT INTO AlbumSong (album_id,song_id,format_id) VALUES(125,1702,1);
INSERT INTO AlbumSong (album_id,song_id,format_id) VALUES(125,1702,2);
INSERT INTO AlbumSong (album_id,song_id,format_id) VALUES(125,1703,1);
INSERT INTO AlbumSong (album_id,song_id,format_id) VALUES(125,1703,2);
INSERT INTO AlbumSong (album_id,song_id,format_id) VALUES(125,1704,1);
INSERT INTO AlbumSong (album_id,song_id,format_id) VALUES(125,1704,2);
INSERT INTO AlbumSong (album_id,song_id,format_id) VALUES(125,1705,1);
INSERT INTO AlbumSong (album_id,song_id,format_id) VALUES(125,1705,2);
INSERT INTO AlbumSong (album_id,song_id,format_id) VALUES(125,1706,1);
INSERT INTO AlbumSong (album_id,song_id,format_id) VALUES(125,1706,2);
INSERT INTO AlbumSong (album_id,song_id,format_id) VALUES(125,1707,1);
INSERT INTO AlbumSong (album_id,song_id,format_id) VALUES(125,1707,2);
INSERT INTO AlbumSong (album_id,song_id,format_id) VALUES(125,1708,1);
INSERT INTO AlbumSong (album_id,song_id,format_id) VALUES(125,1708,2);
INSERT INTO AlbumSong (album_id,song_id,format_id) VALUES(125,1639,1);
INSERT INTO AlbumSong (album_id,song_id,format_id) VALUES(125,1639,2);
INSERT INTO Album(album_id,album_name,artist_id,art_id,release_date) VALUES (125,"Bleach",11,125,"1989-06-01");
INSERT INTO Artist (artist_name,genre_id,description) VALUES ("Pearl Jam",2,"");
INSERT INTO AlbumArt(path) VALUES ("/var/www/album_art/pearl_jam_gigaton_(tour_edition).jpg");
INSERT INTO Song (song_name,artist_id,duration) VALUES ("Who Ever Said",12,"00:05:10");
INSERT INTO AlbumSong (album_id,song_id,format_id) VALUES(126,1721,1);
INSERT INTO AlbumSong (album_id,song_id,format_id) VALUES(126,1721,2);
INSERT INTO Song (song_name,artist_id,duration) VALUES ("Superblood Wolfmoon",12,"00:03:49");
INSERT INTO AlbumSong (album_id,song_id,format_id) VALUES(126,1722,1);
INSERT INTO AlbumSong (album_id,song_id,format_id) VALUES(126,1722,2);
INSERT INTO Song (song_name,artist_id,duration) VALUES ("Dance Of The Clairvoyants",12,"00:04:25");
INSERT INTO AlbumSong (album_id,song_id,format_id) VALUES(126,1723,1);
INSERT INTO AlbumSong (album_id,song_id,format_id) VALUES(126,1723,2);
INSERT INTO Song (song_name,artist_id,duration) VALUES ("Quick Escape",12,"00:04:46");
INSERT INTO AlbumSong (album_id,song_id,format_id) VALUES(126,1724,1);
INSERT INTO AlbumSong (album_id,song_id,format_id) VALUES(126,1724,2);
INSERT INTO Song (song_name,artist_id,duration) VALUES ("Alright",12,"00:03:43");
INSERT INTO AlbumSong (album_id,song_id,format_id) VALUES(126,1725,1);
INSERT INTO AlbumSong (album_id,song_id,format_id) VALUES(126,1725,2);
INSERT INTO Song (song_name,artist_id,duration) VALUES ("Seven O'Clock",12,"00:06:14");
INSERT INTO AlbumSong (album_id,song_id,format_id) VALUES(126,1726,1);
INSERT INTO AlbumSong (album_id,song_id,format_id) VALUES(126,1726,2);
INSERT INTO Song (song_name,artist_id,duration) VALUES ("Never Destination",12,"00:04:18");
INSERT INTO AlbumSong (album_id,song_id,format_id) VALUES(126,1727,1);
INSERT INTO AlbumSong (album_id,song_id,format_id) VALUES(126,1727,2);
INSERT INTO Song (song_name,artist_id,duration) VALUES ("Take The Long Way",12,"00:03:41");
INSERT INTO AlbumSong (album_id,song_id,format_id) VALUES(126,1728,1);
INSERT INTO AlbumSong (album_id,song_id,format_id) VALUES(126,1728,2);
INSERT INTO Song (song_name,artist_id,duration) VALUES ("Buckle Up",12,"00:03:36");
INSERT INTO AlbumSong (album_id,song_id,format_id) VALUES(126,1729,1);
INSERT INTO AlbumSong (album_id,song_id,format_id) VALUES(126,1729,2);
INSERT INTO Song (song_name,artist_id,duration) VALUES ("Comes Then Goes",12,"00:06:02");
INSERT INTO AlbumSong (album_id,song_id,format_id) VALUES(126,1730,1);
INSERT INTO AlbumSong (album_id,song_id,format_id) VALUES(126,1730,2);
INSERT INTO Song (song_name,artist_id,duration) VALUES ("Retrograde",12,"00:05:22");
INSERT INTO AlbumSong (album_id,song_id,format_id) VALUES(126,1731,1);
INSERT INTO AlbumSong (album_id,song_id,format_id) VALUES(126,1731,2);
INSERT INTO Song (song_name,artist_id,duration) VALUES ("River Cross",12,"00:05:52");
INSERT INTO AlbumSong (album_id,song_id,format_id) VALUES(126,1732,1);
INSERT INTO AlbumSong (album_id,song_id,format_id) VALUES(126,1732,2);
INSERT INTO Song (song_name,artist_id,duration) VALUES ("Superblood Wolfmoon - Live",12,"00:04:46");
INSERT INTO AlbumSong (album_id,song_id,format_id) VALUES(126,1733,1);
INSERT INTO AlbumSong (album_id,song_id,format_id) VALUES(126,1733,2);
INSERT INTO Song (song_name,artist_id,duration) VALUES ("Dance Of The Clairvoyants - Live",12,"00:05:52");
INSERT INTO AlbumSong (album_id,song_id,format_id) VALUES(126,1734,1);
INSERT INTO AlbumSong (album_id,song_id,format_id) VALUES(126,1734,2);
INSERT INTO Song (song_name,artist_id,duration) VALUES ("Quick Escape - Live",12,"00:05:30");
INSERT INTO AlbumSong (album_id,song_id,format_id) VALUES(126,1735,1);
INSERT INTO AlbumSong (album_id,song_id,format_id) VALUES(126,1735,2);
INSERT INTO Song (song_name,artist_id,duration) VALUES ("Seven O’Clock - Live",12,"00:06:07");
INSERT INTO AlbumSong (album_id,song_id,format_id) VALUES(126,1736,1);
INSERT INTO AlbumSong (album_id,song_id,format_id) VALUES(126,1736,2);
INSERT INTO Song (song_name,artist_id,duration) VALUES ("Alright - Live",12,"00:03:45");
INSERT INTO AlbumSong (album_id,song_id,format_id) VALUES(126,1737,1);
INSERT INTO AlbumSong (album_id,song_id,format_id) VALUES(126,1737,2);
INSERT INTO Song (song_name,artist_id,duration) VALUES ("Never Destination - Live",12,"00:04:41");
INSERT INTO AlbumSong (album_id,song_id,format_id) VALUES(126,1738,1);
INSERT INTO AlbumSong (album_id,song_id,format_id) VALUES(126,1738,2);
INSERT INTO Song (song_name,artist_id,duration) VALUES ("Take The Long Way - Live",12,"00:04:56");
INSERT INTO AlbumSong (album_id,song_id,format_id) VALUES(126,1739,1);
INSERT INTO AlbumSong (album_id,song_id,format_id) VALUES(126,1739,2);
INSERT INTO Song (song_name,artist_id,duration) VALUES ("Buckle Up - Live",12,"00:03:59");
INSERT INTO AlbumSong (album_id,song_id,format_id) VALUES(126,1740,1);
INSERT INTO AlbumSong (album_id,song_id,format_id) VALUES(126,1740,2);
INSERT INTO Song (song_name,artist_id,duration) VALUES ("Who Ever Said - Live",12,"00:04:57");
INSERT INTO AlbumSong (album_id,song_id,format_id) VALUES(126,1741,1);
INSERT INTO AlbumSong (album_id,song_id,format_id) VALUES(126,1741,2);
INSERT INTO Song (song_name,artist_id,duration) VALUES ("Retrograde - Live",12,"00:05:22");
INSERT INTO AlbumSong (album_id,song_id,format_id) VALUES(126,1742,1);
INSERT INTO AlbumSong (album_id,song_id,format_id) VALUES(126,1742,2);
INSERT INTO Song (song_name,artist_id,duration) VALUES ("River Cross - Live",12,"00:05:31");
INSERT INTO AlbumSong (album_id,song_id,format_id) VALUES(126,1743,1);
INSERT INTO AlbumSong (album_id,song_id,format_id) VALUES(126,1743,2);
INSERT INTO Album(album_id,album_name,artist_id,art_id,release_date) VALUES (126,"Gigaton (Tour Edition)",12,126,"2022-07-08");
INSERT INTO AlbumArt(path) VALUES ("/var/www/album_art/pearl_jam_mtv_unplugged.jpg");
INSERT INTO Song (song_name,artist_id,duration) VALUES ("Oceans - Live MTV Unplugged",12,"00:04:00");
INSERT INTO AlbumSong (album_id,song_id,format_id) VALUES(127,1744,1);
INSERT INTO AlbumSong (album_id,song_id,format_id) VALUES(127,1744,2);
INSERT INTO Song (song_name,artist_id,duration) VALUES ("State of Love And Trust - Live MTV Unplugged",12,"00:03:43");
INSERT INTO AlbumSong (album_id,song_id,format_id) VALUES(127,1745,1);
INSERT INTO AlbumSong (album_id,song_id,format_id) VALUES(127,1745,2);
INSERT INTO Song (song_name,artist_id,duration) VALUES ("Alive - Live MTV Unplugged",12,"00:05:31");
INSERT INTO AlbumSong (album_id,song_id,format_id) VALUES(127,1746,1);
INSERT INTO AlbumSong (album_id,song_id,format_id) VALUES(127,1746,2);
INSERT INTO Song (song_name,artist_id,duration) VALUES ("Black - Live MTV Unplugged",12,"00:05:30");
INSERT INTO AlbumSong (album_id,song_id,format_id) VALUES(127,1747,1);
INSERT INTO AlbumSong (album_id,song_id,format_id) VALUES(127,1747,2);
INSERT INTO Song (song_name,artist_id,duration) VALUES ("Jeremy - Live MTV Unplugged",12,"00:05:19");
INSERT INTO AlbumSong (album_id,song_id,format_id) VALUES(127,1748,1);
INSERT INTO AlbumSong (album_id,song_id,format_id) VALUES(127,1748,2);
INSERT INTO Song (song_name,artist_id,duration) VALUES ("Even Flow - Live MTV Unplugged",12,"00:05:22");
INSERT INTO AlbumSong (album_id,song_id,format_id) VALUES(127,1749,1);
INSERT INTO AlbumSong (album_id,song_id,format_id) VALUES(127,1749,2);
INSERT INTO Song (song_name,artist_id,duration) VALUES ("Porch - Live MTV Unplugged",12,"00:06:18");
INSERT INTO AlbumSong (album_id,song_id,format_id) VALUES(127,1750,1);
INSERT INTO AlbumSong (album_id,song_id,format_id) VALUES(127,1750,2);
INSERT INTO Album(album_id,album_name,artist_id,art_id,release_date) VALUES (127,"MTV Unplugged",12,127,"2020-10-22");
INSERT INTO AlbumArt(path) VALUES ("/var/www/album_art/pearl_jam_gigaton.jpg");
INSERT INTO Song (song_name,artist_id,duration) VALUES ("Who Ever Said",12,"00:05:11");
INSERT INTO AlbumSong (album_id,song_id,format_id) VALUES(128,1751,1);
INSERT INTO AlbumSong (album_id,song_id,format_id) VALUES(128,1751,2);
INSERT INTO AlbumSong (album_id,song_id,format_id) VALUES(128,1722,1);
INSERT INTO AlbumSong (album_id,song_id,format_id) VALUES(128,1722,2);
INSERT INTO AlbumSong (album_id,song_id,format_id) VALUES(128,1723,1);
INSERT INTO AlbumSong (album_id,song_id,format_id) VALUES(128,1723,2);
INSERT INTO AlbumSong (album_id,song_id,format_id) VALUES(128,1724,1);
INSERT INTO AlbumSong (album_id,song_id,format_id) VALUES(128,1724,2);
INSERT INTO AlbumSong (album_id,song_id,format_id) VALUES(128,1725,1);
INSERT INTO AlbumSong (album_id,song_id,format_id) VALUES(128,1725,2);
INSERT INTO AlbumSong (album_id,song_id,format_id) VALUES(128,1726,1);
INSERT INTO AlbumSong (album_id,song_id,format_id) VALUES(128,1726,2);
INSERT INTO Song (song_name,artist_id,duration) VALUES ("Never Destination",12,"00:04:17");
INSERT INTO AlbumSong (album_id,song_id,format_id) VALUES(128,1752,1);
INSERT INTO AlbumSong (album_id,song_id,format_id) VALUES(128,1752,2);
INSERT INTO AlbumSong (album_id,song_id,format_id) VALUES(128,1728,1);
INSERT INTO AlbumSong (album_id,song_id,format_id) VALUES(128,1728,2);
INSERT INTO AlbumSong (album_id,song_id,format_id) VALUES(128,1729,1);
INSERT INTO AlbumSong (album_id,song_id,format_id) VALUES(128,1729,2);
INSERT INTO AlbumSong (album_id,song_id,format_id) VALUES(128,1730,1);
INSERT INTO AlbumSong (album_id,song_id,format_id) VALUES(128,1730,2);
INSERT INTO AlbumSong (album_id,song_id,format_id) VALUES(128,1731,1);
INSERT INTO AlbumSong (album_id,song_id,format_id) VALUES(128,1731,2);
INSERT INTO Song (song_name,artist_id,duration) VALUES ("River Cross",12,"00:05:54");
INSERT INTO AlbumSong (album_id,song_id,format_id) VALUES(128,1753,1);
INSERT INTO AlbumSong (album_id,song_id,format_id) VALUES(128,1753,2);
INSERT INTO Album(album_id,album_name,artist_id,art_id,release_date) VALUES (128,"Gigaton",12,128,"2020-03-27");
INSERT INTO AlbumArt(path) VALUES ("/var/www/album_art/pearl_jam_vault_9__live_in_seattle_12_8_93.jpg");
INSERT INTO Song (song_name,artist_id,duration) VALUES ("Release (Live)",12,"00:05:07");
INSERT INTO AlbumSong (album_id,song_id,format_id) VALUES(129,1754,1);
INSERT INTO AlbumSong (album_id,song_id,format_id) VALUES(129,1754,2);
INSERT INTO Song (song_name,artist_id,duration) VALUES ("Even Flow (Live)",12,"00:05:01");
INSERT INTO AlbumSong (album_id,song_id,format_id) VALUES(129,1755,1);
INSERT INTO AlbumSong (album_id,song_id,format_id) VALUES(129,1755,2);
INSERT INTO Song (song_name,artist_id,duration) VALUES ("Dissident (Live)",12,"00:03:27");
INSERT INTO AlbumSong (album_id,song_id,format_id) VALUES(129,1756,1);
INSERT INTO AlbumSong (album_id,song_id,format_id) VALUES(129,1756,2);
INSERT INTO Song (song_name,artist_id,duration) VALUES ("Sick O' pussies (Live)",12,"00:00:18");
INSERT INTO AlbumSong (album_id,song_id,format_id) VALUES(129,1757,1);
INSERT INTO AlbumSong (album_id,song_id,format_id) VALUES(129,1757,2);
INSERT INTO Song (song_name,artist_id,duration) VALUES ("Go (Live)",12,"00:02:51");
INSERT INTO AlbumSong (album_id,song_id,format_id) VALUES(129,1758,1);
INSERT INTO AlbumSong (album_id,song_id,format_id) VALUES(129,1758,2);
INSERT INTO Song (song_name,artist_id,duration) VALUES ("Animal (Live)",12,"00:02:54");
INSERT INTO AlbumSong (album_id,song_id,format_id) VALUES(129,1759,1);
INSERT INTO AlbumSong (album_id,song_id,format_id) VALUES(129,1759,2);
INSERT INTO Song (song_name,artist_id,duration) VALUES ("Jeremy (Live)",12,"00:04:56");
INSERT INTO AlbumSong (album_id,song_id,format_id) VALUES(129,1760,1);
INSERT INTO AlbumSong (album_id,song_id,format_id) VALUES(129,1760,2);
INSERT INTO Song (song_name,artist_id,duration) VALUES ("Deep (Live)",12,"00:04:02");
INSERT INTO AlbumSong (album_id,song_id,format_id) VALUES(129,1761,1);
INSERT INTO AlbumSong (album_id,song_id,format_id) VALUES(129,1761,2);
INSERT INTO Song (song_name,artist_id,duration) VALUES ("Why Go (Live)",12,"00:03:49");
INSERT INTO AlbumSong (album_id,song_id,format_id) VALUES(129,1762,1);
INSERT INTO AlbumSong (album_id,song_id,format_id) VALUES(129,1762,2);
INSERT INTO Song (song_name,artist_id,duration) VALUES ("Daughter (Live)",12,"00:06:10");
INSERT INTO AlbumSong (album_id,song_id,format_id) VALUES(129,1763,1);
INSERT INTO AlbumSong (album_id,song_id,format_id) VALUES(129,1763,2);
INSERT INTO Song (song_name,artist_id,duration) VALUES ("Glorified G (Live)",12,"00:03:17");
INSERT INTO AlbumSong (album_id,song_id,format_id) VALUES(129,1764,1);
INSERT INTO AlbumSong (album_id,song_id,format_id) VALUES(129,1764,2);
INSERT INTO Song (song_name,artist_id,duration) VALUES ("Alive (Live)",12,"00:06:10");
INSERT INTO AlbumSong (album_id,song_id,format_id) VALUES(129,1765,1);
INSERT INTO AlbumSong (album_id,song_id,format_id) VALUES(129,1765,2);
INSERT INTO Song (song_name,artist_id,duration) VALUES ("Once (Live)",12,"00:03:32");
INSERT INTO AlbumSong (album_id,song_id,format_id) VALUES(129,1766,1);
INSERT INTO AlbumSong (album_id,song_id,format_id) VALUES(129,1766,2);
INSERT INTO Song (song_name,artist_id,duration) VALUES ("Footsteps (Live)",12,"00:04:59");
INSERT INTO AlbumSong (album_id,song_id,format_id) VALUES(129,1767,1);
INSERT INTO AlbumSong (album_id,song_id,format_id) VALUES(129,1767,2);
INSERT INTO Song (song_name,artist_id,duration) VALUES ("Porch (Live)",12,"00:07:15");
INSERT INTO AlbumSong (album_id,song_id,format_id) VALUES(129,1768,1);
INSERT INTO AlbumSong (album_id,song_id,format_id) VALUES(129,1768,2);
INSERT INTO Song (song_name,artist_id,duration) VALUES ("Encore Break 1 (Live)",12,"00:00:37");
INSERT INTO AlbumSong (album_id,song_id,format_id) VALUES(129,1769,1);
INSERT INTO AlbumSong (album_id,song_id,format_id) VALUES(129,1769,2);
INSERT INTO Song (song_name,artist_id,duration) VALUES ("Last Exit (Live)",12,"00:02:41");
INSERT INTO AlbumSong (album_id,song_id,format_id) VALUES(129,1770,1);
INSERT INTO AlbumSong (album_id,song_id,format_id) VALUES(129,1770,2);
INSERT INTO Song (song_name,artist_id,duration) VALUES ("Tremor Christ (Live)",12,"00:03:28");
INSERT INTO AlbumSong (album_id,song_id,format_id) VALUES(129,1771,1);
INSERT INTO AlbumSong (album_id,song_id,format_id) VALUES(129,1771,2);
INSERT INTO Song (song_name,artist_id,duration) VALUES ("Blood (Live)",12,"00:02:46");
INSERT INTO AlbumSong (album_id,song_id,format_id) VALUES(129,1772,1);
INSERT INTO AlbumSong (album_id,song_id,format_id) VALUES(129,1772,2);
INSERT INTO Song (song_name,artist_id,duration) VALUES ("State of Love and Trust (Live)",12,"00:04:02");
INSERT INTO AlbumSong (album_id,song_id,format_id) VALUES(129,1773,1);
INSERT INTO AlbumSong (album_id,song_id,format_id) VALUES(129,1773,2);
INSERT INTO Song (song_name,artist_id,duration) VALUES ("I've Got a Feeling (Live)",12,"00:09:47");
INSERT INTO AlbumSong (album_id,song_id,format_id) VALUES(129,1774,1);
INSERT INTO AlbumSong (album_id,song_id,format_id) VALUES(129,1774,2);
INSERT INTO Song (song_name,artist_id,duration) VALUES ("Rearviewmirror (Live)",12,"00:05:28");
INSERT INTO AlbumSong (album_id,song_id,format_id) VALUES(129,1775,1);
INSERT INTO AlbumSong (album_id,song_id,format_id) VALUES(129,1775,2);
INSERT INTO Song (song_name,artist_id,duration) VALUES ("Encore Break 2 (Live)",12,"00:01:09");
INSERT INTO AlbumSong (album_id,song_id,format_id) VALUES(129,1776,1);
INSERT INTO AlbumSong (album_id,song_id,format_id) VALUES(129,1776,2);
INSERT INTO Song (song_name,artist_id,duration) VALUES ("Rockin' in the Free World (Live)",12,"00:05:53");
INSERT INTO AlbumSong (album_id,song_id,format_id) VALUES(129,1777,1);
INSERT INTO AlbumSong (album_id,song_id,format_id) VALUES(129,1777,2);
INSERT INTO Album(album_id,album_name,artist_id,art_id,release_date) VALUES (129,"Vault 9: Live in Seattle 12/8/93",12,129,"2019-12-13");
INSERT INTO AlbumArt(path) VALUES ("/var/www/album_art/pearl_jam_let's_play_two_(live___original_motion_picture_soundtrack).jpg");
INSERT INTO Song (song_name,artist_id,duration) VALUES ("Low Light - Live",12,"00:03:16");
INSERT INTO AlbumSong (album_id,song_id,format_id) VALUES(130,1778,1);
INSERT INTO AlbumSong (album_id,song_id,format_id) VALUES(130,1778,2);
INSERT INTO Song (song_name,artist_id,duration) VALUES ("Better Man - Live",12,"00:05:15");
INSERT INTO AlbumSong (album_id,song_id,format_id) VALUES(130,1779,1);
INSERT INTO AlbumSong (album_id,song_id,format_id) VALUES(130,1779,2);
INSERT INTO Song (song_name,artist_id,duration) VALUES ("Elderly Woman Behind The Counter In A Small Town - Live",12,"00:03:26");
INSERT INTO AlbumSong (album_id,song_id,format_id) VALUES(130,1780,1);
INSERT INTO AlbumSong (album_id,song_id,format_id) VALUES(130,1780,2);
INSERT INTO Song (song_name,artist_id,duration) VALUES ("Last Exit - Live",12,"00:02:34");
INSERT INTO AlbumSong (album_id,song_id,format_id) VALUES(130,1781,1);
INSERT INTO AlbumSong (album_id,song_id,format_id) VALUES(130,1781,2);
INSERT INTO Song (song_name,artist_id,duration) VALUES ("Lightning Bolt - Live",12,"00:05:42");
INSERT INTO AlbumSong (album_id,song_id,format_id) VALUES(130,1782,1);
INSERT INTO AlbumSong (album_id,song_id,format_id) VALUES(130,1782,2);
INSERT INTO Song (song_name,artist_id,duration) VALUES ("Black, Red, Yellow - Live",12,"00:02:55");
INSERT INTO AlbumSong (album_id,song_id,format_id) VALUES(130,1783,1);
INSERT INTO AlbumSong (album_id,song_id,format_id) VALUES(130,1783,2);
INSERT INTO Song (song_name,artist_id,duration) VALUES ("Black - Live",12,"00:07:50");
INSERT INTO AlbumSong (album_id,song_id,format_id) VALUES(130,1784,1);
INSERT INTO AlbumSong (album_id,song_id,format_id) VALUES(130,1784,2);
INSERT INTO Song (song_name,artist_id,duration) VALUES ("Corduroy - Live",12,"00:06:04");
INSERT INTO AlbumSong (album_id,song_id,format_id) VALUES(130,1785,1);
INSERT INTO AlbumSong (album_id,song_id,format_id) VALUES(130,1785,2);
INSERT INTO Song (song_name,artist_id,duration) VALUES ("Given To Fly - Live",12,"00:03:25");
INSERT INTO AlbumSong (album_id,song_id,format_id) VALUES(130,1786,1);
INSERT INTO AlbumSong (album_id,song_id,format_id) VALUES(130,1786,2);
INSERT INTO Song (song_name,artist_id,duration) VALUES ("Jeremy - Live",12,"00:05:01");
INSERT INTO AlbumSong (album_id,song_id,format_id) VALUES(130,1787,1);
INSERT INTO AlbumSong (album_id,song_id,format_id) VALUES(130,1787,2);
INSERT INTO Song (song_name,artist_id,duration) VALUES ("Inside Job - Live",12,"00:05:54");
INSERT INTO AlbumSong (album_id,song_id,format_id) VALUES(130,1788,1);
INSERT INTO AlbumSong (album_id,song_id,format_id) VALUES(130,1788,2);
INSERT INTO Song (song_name,artist_id,duration) VALUES ("Go - Live",12,"00:02:49");
INSERT INTO AlbumSong (album_id,song_id,format_id) VALUES(130,1789,1);
INSERT INTO AlbumSong (album_id,song_id,format_id) VALUES(130,1789,2);
INSERT INTO Song (song_name,artist_id,duration) VALUES ("Crazy Mary - Live",12,"00:06:22");
INSERT INTO AlbumSong (album_id,song_id,format_id) VALUES(130,1790,1);
INSERT INTO AlbumSong (album_id,song_id,format_id) VALUES(130,1790,2);
INSERT INTO Song (song_name,artist_id,duration) VALUES ("Release - Live",12,"00:05:29");
INSERT INTO AlbumSong (album_id,song_id,format_id) VALUES(130,1791,1);
INSERT INTO AlbumSong (album_id,song_id,format_id) VALUES(130,1791,2);
INSERT INTO Song (song_name,artist_id,duration) VALUES ("Alive - Live",12,"00:06:04");
INSERT INTO AlbumSong (album_id,song_id,format_id) VALUES(130,1792,1);
INSERT INTO AlbumSong (album_id,song_id,format_id) VALUES(130,1792,2);
INSERT INTO Song (song_name,artist_id,duration) VALUES ("All The Way - Live",12,"00:04:02");
INSERT INTO AlbumSong (album_id,song_id,format_id) VALUES(130,1793,1);
INSERT INTO AlbumSong (album_id,song_id,format_id) VALUES(130,1793,2);
INSERT INTO Song (song_name,artist_id,duration) VALUES ("I've Got A Feeling - Live",12,"00:03:35");
INSERT INTO AlbumSong (album_id,song_id,format_id) VALUES(130,1794,1);
INSERT INTO AlbumSong (album_id,song_id,format_id) VALUES(130,1794,2);
INSERT INTO Album(album_id,album_name,artist_id,art_id,release_date) VALUES (130,"Let's Play Two (Live / Original Motion Picture Soundtrack)",12,130,"2017-09-29");
INSERT INTO AlbumArt(path) VALUES ("/var/www/album_art/pearl_jam_lightning_bolt.jpg");
INSERT INTO Song (song_name,artist_id,duration) VALUES ("Getaway",12,"00:03:26");
INSERT INTO AlbumSong (album_id,song_id,format_id) VALUES(131,1795,1);
INSERT INTO AlbumSong (album_id,song_id,format_id) VALUES(131,1795,2);
INSERT INTO Song (song_name,artist_id,duration) VALUES ("Mind Your Manners",12,"00:02:38");
INSERT INTO AlbumSong (album_id,song_id,format_id) VALUES(131,1796,1);
INSERT INTO AlbumSong (album_id,song_id,format_id) VALUES(131,1796,2);
INSERT INTO Song (song_name,artist_id,duration) VALUES ("My Father’s Son",12,"00:03:05");
INSERT INTO AlbumSong (album_id,song_id,format_id) VALUES(131,1797,1);
INSERT INTO AlbumSong (album_id,song_id,format_id) VALUES(131,1797,2);
INSERT INTO Song (song_name,artist_id,duration) VALUES ("Sirens",12,"00:05:40");
INSERT INTO AlbumSong (album_id,song_id,format_id) VALUES(131,1798,1);
INSERT INTO AlbumSong (album_id,song_id,format_id) VALUES(131,1798,2);
INSERT INTO Song (song_name,artist_id,duration) VALUES ("Lightning Bolt",12,"00:04:13");
INSERT INTO AlbumSong (album_id,song_id,format_id) VALUES(131,1799,1);
INSERT INTO AlbumSong (album_id,song_id,format_id) VALUES(131,1799,2);
INSERT INTO Song (song_name,artist_id,duration) VALUES ("Infallible",12,"00:05:20");
INSERT INTO AlbumSong (album_id,song_id,format_id) VALUES(131,1800,1);
INSERT INTO AlbumSong (album_id,song_id,format_id) VALUES(131,1800,2);
INSERT INTO Song (song_name,artist_id,duration) VALUES ("Pendulum",12,"00:03:41");
INSERT INTO AlbumSong (album_id,song_id,format_id) VALUES(131,1801,1);
INSERT INTO AlbumSong (album_id,song_id,format_id) VALUES(131,1801,2);
INSERT INTO Song (song_name,artist_id,duration) VALUES ("Swallowed Whole",12,"00:03:51");
INSERT INTO AlbumSong (album_id,song_id,format_id) VALUES(131,1802,1);
INSERT INTO AlbumSong (album_id,song_id,format_id) VALUES(131,1802,2);
INSERT INTO Song (song_name,artist_id,duration) VALUES ("Let The Records Play",12,"00:03:45");
INSERT INTO AlbumSong (album_id,song_id,format_id) VALUES(131,1803,1);
INSERT INTO AlbumSong (album_id,song_id,format_id) VALUES(131,1803,2);
INSERT INTO Song (song_name,artist_id,duration) VALUES ("Sleeping By Myself",12,"00:03:01");
INSERT INTO AlbumSong (album_id,song_id,format_id) VALUES(131,1804,1);
INSERT INTO AlbumSong (album_id,song_id,format_id) VALUES(131,1804,2);
INSERT INTO Song (song_name,artist_id,duration) VALUES ("Yellow Moon",12,"00:03:50");
INSERT INTO AlbumSong (album_id,song_id,format_id) VALUES(131,1805,1);
INSERT INTO AlbumSong (album_id,song_id,format_id) VALUES(131,1805,2);
INSERT INTO Song (song_name,artist_id,duration) VALUES ("Future Days",12,"00:04:22");
INSERT INTO AlbumSong (album_id,song_id,format_id) VALUES(131,1806,1);
INSERT INTO AlbumSong (album_id,song_id,format_id) VALUES(131,1806,2);
INSERT INTO Album(album_id,album_name,artist_id,art_id,release_date) VALUES (131,"Lightning Bolt",12,131,"2013-01-01");
INSERT INTO AlbumArt(path) VALUES ("/var/www/album_art/pearl_jam_backspacer.jpg");
INSERT INTO Song (song_name,artist_id,duration) VALUES ("Gonna See My Friend",12,"00:02:48");
INSERT INTO AlbumSong (album_id,song_id,format_id) VALUES(132,1807,1);
INSERT INTO AlbumSong (album_id,song_id,format_id) VALUES(132,1807,2);
INSERT INTO Song (song_name,artist_id,duration) VALUES ("Got Some",12,"00:03:02");
INSERT INTO AlbumSong (album_id,song_id,format_id) VALUES(132,1808,1);
INSERT INTO AlbumSong (album_id,song_id,format_id) VALUES(132,1808,2);
INSERT INTO Song (song_name,artist_id,duration) VALUES ("The Fixer",12,"00:02:57");
INSERT INTO AlbumSong (album_id,song_id,format_id) VALUES(132,1809,1);
INSERT INTO AlbumSong (album_id,song_id,format_id) VALUES(132,1809,2);
INSERT INTO Song (song_name,artist_id,duration) VALUES ("Johnny Guitar",12,"00:02:50");
INSERT INTO AlbumSong (album_id,song_id,format_id) VALUES(132,1810,1);
INSERT INTO AlbumSong (album_id,song_id,format_id) VALUES(132,1810,2);
INSERT INTO Song (song_name,artist_id,duration) VALUES ("Just Breathe",12,"00:03:35");
INSERT INTO AlbumSong (album_id,song_id,format_id) VALUES(132,1811,1);
INSERT INTO AlbumSong (album_id,song_id,format_id) VALUES(132,1811,2);
INSERT INTO Song (song_name,artist_id,duration) VALUES ("Amongst The Waves",12,"00:03:58");
INSERT INTO AlbumSong (album_id,song_id,format_id) VALUES(132,1812,1);
INSERT INTO AlbumSong (album_id,song_id,format_id) VALUES(132,1812,2);
INSERT INTO Song (song_name,artist_id,duration) VALUES ("Unthought Known",12,"00:04:08");
INSERT INTO AlbumSong (album_id,song_id,format_id) VALUES(132,1813,1);
INSERT INTO AlbumSong (album_id,song_id,format_id) VALUES(132,1813,2);
INSERT INTO Song (song_name,artist_id,duration) VALUES ("Supersonic",12,"00:02:40");
INSERT INTO AlbumSong (album_id,song_id,format_id) VALUES(132,1814,1);
INSERT INTO AlbumSong (album_id,song_id,format_id) VALUES(132,1814,2);
INSERT INTO Song (song_name,artist_id,duration) VALUES ("Speed Of Sound",12,"00:03:34");
INSERT INTO AlbumSong (album_id,song_id,format_id) VALUES(132,1815,1);
INSERT INTO AlbumSong (album_id,song_id,format_id) VALUES(132,1815,2);
INSERT INTO Song (song_name,artist_id,duration) VALUES ("Force Of Nature",12,"00:04:04");
INSERT INTO AlbumSong (album_id,song_id,format_id) VALUES(132,1816,1);
INSERT INTO AlbumSong (album_id,song_id,format_id) VALUES(132,1816,2);
INSERT INTO Song (song_name,artist_id,duration) VALUES ("The End",12,"00:02:57");
INSERT INTO AlbumSong (album_id,song_id,format_id) VALUES(132,1817,1);
INSERT INTO AlbumSong (album_id,song_id,format_id) VALUES(132,1817,2);
INSERT INTO Song (song_name,artist_id,duration) VALUES ("Better Man - Live",12,"00:04:56");
INSERT INTO AlbumSong (album_id,song_id,format_id) VALUES(132,1818,1);
INSERT INTO AlbumSong (album_id,song_id,format_id) VALUES(132,1818,2);
INSERT INTO Album(album_id,album_name,artist_id,art_id,release_date) VALUES (132,"Backspacer",12,132,"2009-09-19");
INSERT INTO AlbumArt(path) VALUES ("/var/www/album_art/pearl_jam_pearl_jam_(2017_mix).jpg");
INSERT INTO Song (song_name,artist_id,duration) VALUES ("Life Wasted - Brendan O'Brien Mix",12,"00:03:52");
INSERT INTO AlbumSong (album_id,song_id,format_id) VALUES(133,1819,1);
INSERT INTO AlbumSong (album_id,song_id,format_id) VALUES(133,1819,2);
INSERT INTO Song (song_name,artist_id,duration) VALUES ("World Wide Suicide - Brendan O'Brien Mix",12,"00:03:27");
INSERT INTO AlbumSong (album_id,song_id,format_id) VALUES(133,1820,1);
INSERT INTO AlbumSong (album_id,song_id,format_id) VALUES(133,1820,2);
INSERT INTO Song (song_name,artist_id,duration) VALUES ("Comatose - Brendan O'Brien Mix",12,"00:02:19");
INSERT INTO AlbumSong (album_id,song_id,format_id) VALUES(133,1821,1);
INSERT INTO AlbumSong (album_id,song_id,format_id) VALUES(133,1821,2);
INSERT INTO Song (song_name,artist_id,duration) VALUES ("Severed Hand - Brendan O'Brien Mix",12,"00:04:27");
INSERT INTO AlbumSong (album_id,song_id,format_id) VALUES(133,1822,1);
INSERT INTO AlbumSong (album_id,song_id,format_id) VALUES(133,1822,2);
INSERT INTO Song (song_name,artist_id,duration) VALUES ("Marker In the Sand - Brendan O'Brien Mix",12,"00:04:21");
INSERT INTO AlbumSong (album_id,song_id,format_id) VALUES(133,1823,1);
INSERT INTO AlbumSong (album_id,song_id,format_id) VALUES(133,1823,2);
INSERT INTO Song (song_name,artist_id,duration) VALUES ("Parachutes - Brendan O'Brien Mix",12,"00:03:35");
INSERT INTO AlbumSong (album_id,song_id,format_id) VALUES(133,1824,1);
INSERT INTO AlbumSong (album_id,song_id,format_id) VALUES(133,1824,2);
INSERT INTO Song (song_name,artist_id,duration) VALUES ("Unemployable - Brendan O'Brien Mix",12,"00:03:03");
INSERT INTO AlbumSong (album_id,song_id,format_id) VALUES(133,1825,1);
INSERT INTO AlbumSong (album_id,song_id,format_id) VALUES(133,1825,2);
INSERT INTO Song (song_name,artist_id,duration) VALUES ("Big Wave - Brendan O'Brien Mix",12,"00:02:56");
INSERT INTO AlbumSong (album_id,song_id,format_id) VALUES(133,1826,1);
INSERT INTO AlbumSong (album_id,song_id,format_id) VALUES(133,1826,2);
INSERT INTO Song (song_name,artist_id,duration) VALUES ("Gone - Brendan O'Brien Mix",12,"00:04:07");
INSERT INTO AlbumSong (album_id,song_id,format_id) VALUES(133,1827,1);
INSERT INTO AlbumSong (album_id,song_id,format_id) VALUES(133,1827,2);
INSERT INTO Song (song_name,artist_id,duration) VALUES ("Wasted Reprise - Brendan O'Brien Mix",12,"00:00:52");
INSERT INTO AlbumSong (album_id,song_id,format_id) VALUES(133,1828,1);
INSERT INTO AlbumSong (album_id,song_id,format_id) VALUES(133,1828,2);
INSERT INTO Song (song_name,artist_id,duration) VALUES ("Army Reserve - Brendan O'Brien Mix",12,"00:03:42");
INSERT INTO AlbumSong (album_id,song_id,format_id) VALUES(133,1829,1);
INSERT INTO AlbumSong (album_id,song_id,format_id) VALUES(133,1829,2);
INSERT INTO Song (song_name,artist_id,duration) VALUES ("Come Back - Brendan O'Brien Mix",12,"00:05:25");
INSERT INTO AlbumSong (album_id,song_id,format_id) VALUES(133,1830,1);
INSERT INTO AlbumSong (album_id,song_id,format_id) VALUES(133,1830,2);
INSERT INTO Song (song_name,artist_id,duration) VALUES ("Inside Job - Brendan O'Brien Mix",12,"00:07:08");
INSERT INTO AlbumSong (album_id,song_id,format_id) VALUES(133,1831,1);
INSERT INTO AlbumSong (album_id,song_id,format_id) VALUES(133,1831,2);
INSERT INTO Album(album_id,album_name,artist_id,art_id,release_date) VALUES (133,"Pearl Jam (2017 Mix)",12,133,"2006-05-02");
INSERT INTO AlbumArt(path) VALUES ("/var/www/album_art/pearl_jam_pearl_jam.jpg");
INSERT INTO Song (song_name,artist_id,duration) VALUES ("Life Wasted",12,"00:03:52");
INSERT INTO AlbumSong (album_id,song_id,format_id) VALUES(134,1832,1);
INSERT INTO AlbumSong (album_id,song_id,format_id) VALUES(134,1832,2);
INSERT INTO Song (song_name,artist_id,duration) VALUES ("World Wide Suicide",12,"00:03:27");
INSERT INTO AlbumSong (album_id,song_id,format_id) VALUES(134,1833,1);
INSERT INTO AlbumSong (album_id,song_id,format_id) VALUES(134,1833,2);
INSERT INTO Song (song_name,artist_id,duration) VALUES ("Comatose",12,"00:02:19");
INSERT INTO AlbumSong (album_id,song_id,format_id) VALUES(134,1834,1);
INSERT INTO AlbumSong (album_id,song_id,format_id) VALUES(134,1834,2);
INSERT INTO Song (song_name,artist_id,duration) VALUES ("Severed Hand",12,"00:04:27");
INSERT INTO AlbumSong (album_id,song_id,format_id) VALUES(134,1835,1);
INSERT INTO AlbumSong (album_id,song_id,format_id) VALUES(134,1835,2);
INSERT INTO Song (song_name,artist_id,duration) VALUES ("Marker In The Sand",12,"00:04:21");
INSERT INTO AlbumSong (album_id,song_id,format_id) VALUES(134,1836,1);
INSERT INTO AlbumSong (album_id,song_id,format_id) VALUES(134,1836,2);
INSERT INTO Song (song_name,artist_id,duration) VALUES ("Parachutes",12,"00:03:35");
INSERT INTO AlbumSong (album_id,song_id,format_id) VALUES(134,1837,1);
INSERT INTO AlbumSong (album_id,song_id,format_id) VALUES(134,1837,2);
INSERT INTO Song (song_name,artist_id,duration) VALUES ("Unemployable",12,"00:03:03");
INSERT INTO AlbumSong (album_id,song_id,format_id) VALUES(134,1838,1);
INSERT INTO AlbumSong (album_id,song_id,format_id) VALUES(134,1838,2);
INSERT INTO Song (song_name,artist_id,duration) VALUES ("Big Wave",12,"00:02:56");
INSERT INTO AlbumSong (album_id,song_id,format_id) VALUES(134,1839,1);
INSERT INTO AlbumSong (album_id,song_id,format_id) VALUES(134,1839,2);
INSERT INTO Song (song_name,artist_id,duration) VALUES ("Gone",12,"00:04:07");
INSERT INTO AlbumSong (album_id,song_id,format_id) VALUES(134,1840,1);
INSERT INTO AlbumSong (album_id,song_id,format_id) VALUES(134,1840,2);
INSERT INTO Song (song_name,artist_id,duration) VALUES ("Wasted Reprise",12,"00:00:52");
INSERT INTO AlbumSong (album_id,song_id,format_id) VALUES(134,1841,1);
INSERT INTO AlbumSong (album_id,song_id,format_id) VALUES(134,1841,2);
INSERT INTO Song (song_name,artist_id,duration) VALUES ("Army Reserve",12,"00:03:42");
INSERT INTO AlbumSong (album_id,song_id,format_id) VALUES(134,1842,1);
INSERT INTO AlbumSong (album_id,song_id,format_id) VALUES(134,1842,2);
INSERT INTO Song (song_name,artist_id,duration) VALUES ("Come Back",12,"00:05:26");
INSERT INTO AlbumSong (album_id,song_id,format_id) VALUES(134,1843,1);
INSERT INTO AlbumSong (album_id,song_id,format_id) VALUES(134,1843,2);
INSERT INTO Song (song_name,artist_id,duration) VALUES ("Inside Job",12,"00:07:08");
INSERT INTO AlbumSong (album_id,song_id,format_id) VALUES(134,1844,1);
INSERT INTO AlbumSong (album_id,song_id,format_id) VALUES(134,1844,2);
INSERT INTO Album(album_id,album_name,artist_id,art_id,release_date) VALUES (134,"Pearl Jam",12,134,"2006-05-02");
INSERT INTO AlbumArt(path) VALUES ("/var/www/album_art/pearl_jam_riot_act.jpg");
INSERT INTO Song (song_name,artist_id,duration) VALUES ("Can't Keep",12,"00:03:39");
INSERT INTO AlbumSong (album_id,song_id,format_id) VALUES(135,1845,1);
INSERT INTO AlbumSong (album_id,song_id,format_id) VALUES(135,1845,2);
INSERT INTO Song (song_name,artist_id,duration) VALUES ("Save You",12,"00:03:50");
INSERT INTO AlbumSong (album_id,song_id,format_id) VALUES(135,1846,1);
INSERT INTO AlbumSong (album_id,song_id,format_id) VALUES(135,1846,2);
INSERT INTO Song (song_name,artist_id,duration) VALUES ("Love Boat Captain",12,"00:04:36");
INSERT INTO AlbumSong (album_id,song_id,format_id) VALUES(135,1847,1);
INSERT INTO AlbumSong (album_id,song_id,format_id) VALUES(135,1847,2);
INSERT INTO Song (song_name,artist_id,duration) VALUES ("Cropduster",12,"00:03:51");
INSERT INTO AlbumSong (album_id,song_id,format_id) VALUES(135,1848,1);
INSERT INTO AlbumSong (album_id,song_id,format_id) VALUES(135,1848,2);
INSERT INTO Song (song_name,artist_id,duration) VALUES ("Ghost",12,"00:03:14");
INSERT INTO AlbumSong (album_id,song_id,format_id) VALUES(135,1849,1);
INSERT INTO AlbumSong (album_id,song_id,format_id) VALUES(135,1849,2);
INSERT INTO Song (song_name,artist_id,duration) VALUES ("I Am Mine",12,"00:03:35");
INSERT INTO AlbumSong (album_id,song_id,format_id) VALUES(135,1850,1);
INSERT INTO AlbumSong (album_id,song_id,format_id) VALUES(135,1850,2);
INSERT INTO Song (song_name,artist_id,duration) VALUES ("Thumbing My Way",12,"00:04:08");
INSERT INTO AlbumSong (album_id,song_id,format_id) VALUES(135,1851,1);
INSERT INTO AlbumSong (album_id,song_id,format_id) VALUES(135,1851,2);
INSERT INTO Song (song_name,artist_id,duration) VALUES ("You Are",12,"00:04:28");
INSERT INTO AlbumSong (album_id,song_id,format_id) VALUES(135,1852,1);
INSERT INTO AlbumSong (album_id,song_id,format_id) VALUES(135,1852,2);
INSERT INTO Song (song_name,artist_id,duration) VALUES ("Get Right",12,"00:02:38");
INSERT INTO AlbumSong (album_id,song_id,format_id) VALUES(135,1853,1);
INSERT INTO AlbumSong (album_id,song_id,format_id) VALUES(135,1853,2);
INSERT INTO Song (song_name,artist_id,duration) VALUES ("Green Disease",12,"00:02:41");
INSERT INTO AlbumSong (album_id,song_id,format_id) VALUES(135,1854,1);
INSERT INTO AlbumSong (album_id,song_id,format_id) VALUES(135,1854,2);
INSERT INTO Song (song_name,artist_id,duration) VALUES ("Help Help",12,"00:03:34");
INSERT INTO AlbumSong (album_id,song_id,format_id) VALUES(135,1855,1);
INSERT INTO AlbumSong (album_id,song_id,format_id) VALUES(135,1855,2);
INSERT INTO Song (song_name,artist_id,duration) VALUES ("Bu$hleaguer",12,"00:03:57");
INSERT INTO AlbumSong (album_id,song_id,format_id) VALUES(135,1856,1);
INSERT INTO AlbumSong (album_id,song_id,format_id) VALUES(135,1856,2);
INSERT INTO Song (song_name,artist_id,duration) VALUES ("1/2 Full",12,"00:04:10");
INSERT INTO AlbumSong (album_id,song_id,format_id) VALUES(135,1857,1);
INSERT INTO AlbumSong (album_id,song_id,format_id) VALUES(135,1857,2);
INSERT INTO Song (song_name,artist_id,duration) VALUES ("Arc",12,"00:01:05");
INSERT INTO AlbumSong (album_id,song_id,format_id) VALUES(135,1858,1);
INSERT INTO AlbumSong (album_id,song_id,format_id) VALUES(135,1858,2);
INSERT INTO Song (song_name,artist_id,duration) VALUES ("All or None",12,"00:04:37");
INSERT INTO AlbumSong (album_id,song_id,format_id) VALUES(135,1859,1);
INSERT INTO AlbumSong (album_id,song_id,format_id) VALUES(135,1859,2);
INSERT INTO Album(album_id,album_name,artist_id,art_id,release_date) VALUES (135,"Riot Act",12,135,"2002-11-08");
INSERT INTO AlbumArt(path) VALUES ("/var/www/album_art/pearl_jam_binaural.jpg");
INSERT INTO Song (song_name,artist_id,duration) VALUES ("Breakerfall",12,"00:02:19");
INSERT INTO AlbumSong (album_id,song_id,format_id) VALUES(136,1860,1);
INSERT INTO AlbumSong (album_id,song_id,format_id) VALUES(136,1860,2);
INSERT INTO Song (song_name,artist_id,duration) VALUES ("Gods' Dice",12,"00:02:26");
INSERT INTO AlbumSong (album_id,song_id,format_id) VALUES(136,1861,1);
INSERT INTO AlbumSong (album_id,song_id,format_id) VALUES(136,1861,2);
INSERT INTO Song (song_name,artist_id,duration) VALUES ("Evacuation",12,"00:02:56");
INSERT INTO AlbumSong (album_id,song_id,format_id) VALUES(136,1862,1);
INSERT INTO AlbumSong (album_id,song_id,format_id) VALUES(136,1862,2);
INSERT INTO Song (song_name,artist_id,duration) VALUES ("Light Years",12,"00:05:06");
INSERT INTO AlbumSong (album_id,song_id,format_id) VALUES(136,1863,1);
INSERT INTO AlbumSong (album_id,song_id,format_id) VALUES(136,1863,2);
INSERT INTO Song (song_name,artist_id,duration) VALUES ("Nothing As It Seems",12,"00:05:21");
INSERT INTO AlbumSong (album_id,song_id,format_id) VALUES(136,1864,1);
INSERT INTO AlbumSong (album_id,song_id,format_id) VALUES(136,1864,2);
INSERT INTO Song (song_name,artist_id,duration) VALUES ("Thin Air",12,"00:03:32");
INSERT INTO AlbumSong (album_id,song_id,format_id) VALUES(136,1865,1);
INSERT INTO AlbumSong (album_id,song_id,format_id) VALUES(136,1865,2);
INSERT INTO Song (song_name,artist_id,duration) VALUES ("Insignificance",12,"00:04:28");
INSERT INTO AlbumSong (album_id,song_id,format_id) VALUES(136,1866,1);
INSERT INTO AlbumSong (album_id,song_id,format_id) VALUES(136,1866,2);
INSERT INTO Song (song_name,artist_id,duration) VALUES ("Of the Girl",12,"00:05:07");
INSERT INTO AlbumSong (album_id,song_id,format_id) VALUES(136,1867,1);
INSERT INTO AlbumSong (album_id,song_id,format_id) VALUES(136,1867,2);
INSERT INTO Song (song_name,artist_id,duration) VALUES ("Grievance",12,"00:03:14");
INSERT INTO AlbumSong (album_id,song_id,format_id) VALUES(136,1868,1);
INSERT INTO AlbumSong (album_id,song_id,format_id) VALUES(136,1868,2);
INSERT INTO Song (song_name,artist_id,duration) VALUES ("Rival",12,"00:03:38");
INSERT INTO AlbumSong (album_id,song_id,format_id) VALUES(136,1869,1);
INSERT INTO AlbumSong (album_id,song_id,format_id) VALUES(136,1869,2);
INSERT INTO Song (song_name,artist_id,duration) VALUES ("Sleight of Hand",12,"00:04:47");
INSERT INTO AlbumSong (album_id,song_id,format_id) VALUES(136,1870,1);
INSERT INTO AlbumSong (album_id,song_id,format_id) VALUES(136,1870,2);
INSERT INTO Song (song_name,artist_id,duration) VALUES ("Soon Forget",12,"00:01:46");
INSERT INTO AlbumSong (album_id,song_id,format_id) VALUES(136,1871,1);
INSERT INTO AlbumSong (album_id,song_id,format_id) VALUES(136,1871,2);
INSERT INTO Song (song_name,artist_id,duration) VALUES ("Parting Ways",12,"00:07:17");
INSERT INTO AlbumSong (album_id,song_id,format_id) VALUES(136,1872,1);
INSERT INTO AlbumSong (album_id,song_id,format_id) VALUES(136,1872,2);
INSERT INTO Album(album_id,album_name,artist_id,art_id,release_date) VALUES (136,"Binaural",12,136,"2000-05-16");
INSERT INTO AlbumArt(path) VALUES ("/var/www/album_art/pearl_jam_yield.jpg");
INSERT INTO Song (song_name,artist_id,duration) VALUES ("Brain of J.",12,"00:03:00");
INSERT INTO AlbumSong (album_id,song_id,format_id) VALUES(137,1873,1);
INSERT INTO AlbumSong (album_id,song_id,format_id) VALUES(137,1873,2);
INSERT INTO Song (song_name,artist_id,duration) VALUES ("Faithful",12,"00:04:18");
INSERT INTO AlbumSong (album_id,song_id,format_id) VALUES(137,1874,1);
INSERT INTO AlbumSong (album_id,song_id,format_id) VALUES(137,1874,2);
INSERT INTO Song (song_name,artist_id,duration) VALUES ("No Way",12,"00:04:19");
INSERT INTO AlbumSong (album_id,song_id,format_id) VALUES(137,1875,1);
INSERT INTO AlbumSong (album_id,song_id,format_id) VALUES(137,1875,2);
INSERT INTO Song (song_name,artist_id,duration) VALUES ("Given to Fly",12,"00:03:58");
INSERT INTO AlbumSong (album_id,song_id,format_id) VALUES(137,1876,1);
INSERT INTO AlbumSong (album_id,song_id,format_id) VALUES(137,1876,2);
INSERT INTO Song (song_name,artist_id,duration) VALUES ("Wishlist",12,"00:03:26");
INSERT INTO AlbumSong (album_id,song_id,format_id) VALUES(137,1877,1);
INSERT INTO AlbumSong (album_id,song_id,format_id) VALUES(137,1877,2);
INSERT INTO Song (song_name,artist_id,duration) VALUES ("Pilate",12,"00:02:55");
INSERT INTO AlbumSong (album_id,song_id,format_id) VALUES(137,1878,1);
INSERT INTO AlbumSong (album_id,song_id,format_id) VALUES(137,1878,2);
INSERT INTO Song (song_name,artist_id,duration) VALUES ("Do the Evolution",12,"00:03:51");
INSERT INTO AlbumSong (album_id,song_id,format_id) VALUES(137,1879,1);
INSERT INTO AlbumSong (album_id,song_id,format_id) VALUES(137,1879,2);
INSERT INTO Song (song_name,artist_id,duration) VALUES ("Red Bar",12,"00:01:06");
INSERT INTO AlbumSong (album_id,song_id,format_id) VALUES(137,1880,1);
INSERT INTO AlbumSong (album_id,song_id,format_id) VALUES(137,1880,2);
INSERT INTO Song (song_name,artist_id,duration) VALUES ("MFC",12,"00:02:26");
INSERT INTO AlbumSong (album_id,song_id,format_id) VALUES(137,1881,1);
INSERT INTO AlbumSong (album_id,song_id,format_id) VALUES(137,1881,2);
INSERT INTO Song (song_name,artist_id,duration) VALUES ("Low Light",12,"00:03:44");
INSERT INTO AlbumSong (album_id,song_id,format_id) VALUES(137,1882,1);
INSERT INTO AlbumSong (album_id,song_id,format_id) VALUES(137,1882,2);
INSERT INTO Song (song_name,artist_id,duration) VALUES ("In Hiding",12,"00:04:59");
INSERT INTO AlbumSong (album_id,song_id,format_id) VALUES(137,1883,1);
INSERT INTO AlbumSong (album_id,song_id,format_id) VALUES(137,1883,2);
INSERT INTO Song (song_name,artist_id,duration) VALUES ("Push Me, Pull Me",12,"00:02:26");
INSERT INTO AlbumSong (album_id,song_id,format_id) VALUES(137,1884,1);
INSERT INTO AlbumSong (album_id,song_id,format_id) VALUES(137,1884,2);
INSERT INTO Song (song_name,artist_id,duration) VALUES ("All Those Yesterdays",12,"00:07:40");
INSERT INTO AlbumSong (album_id,song_id,format_id) VALUES(137,1885,1);
INSERT INTO AlbumSong (album_id,song_id,format_id) VALUES(137,1885,2);
INSERT INTO Album(album_id,album_name,artist_id,art_id,release_date) VALUES (137,"Yield",12,137,"1998-02-17");
INSERT INTO AlbumArt(path) VALUES ("/var/www/album_art/pearl_jam_no_code.jpg");
INSERT INTO Song (song_name,artist_id,duration) VALUES ("Sometimes",12,"00:02:41");
INSERT INTO AlbumSong (album_id,song_id,format_id) VALUES(138,1886,1);
INSERT INTO AlbumSong (album_id,song_id,format_id) VALUES(138,1886,2);
INSERT INTO Song (song_name,artist_id,duration) VALUES ("Hail, Hail",12,"00:03:41");
INSERT INTO AlbumSong (album_id,song_id,format_id) VALUES(138,1887,1);
INSERT INTO AlbumSong (album_id,song_id,format_id) VALUES(138,1887,2);
INSERT INTO Song (song_name,artist_id,duration) VALUES ("Who You Are",12,"00:03:50");
INSERT INTO AlbumSong (album_id,song_id,format_id) VALUES(138,1888,1);
INSERT INTO AlbumSong (album_id,song_id,format_id) VALUES(138,1888,2);
INSERT INTO Song (song_name,artist_id,duration) VALUES ("In My Tree",12,"00:03:58");
INSERT INTO AlbumSong (album_id,song_id,format_id) VALUES(138,1889,1);
INSERT INTO AlbumSong (album_id,song_id,format_id) VALUES(138,1889,2);
INSERT INTO Song (song_name,artist_id,duration) VALUES ("Smile",12,"00:03:51");
INSERT INTO AlbumSong (album_id,song_id,format_id) VALUES(138,1890,1);
INSERT INTO AlbumSong (album_id,song_id,format_id) VALUES(138,1890,2);
INSERT INTO Song (song_name,artist_id,duration) VALUES ("Off He Goes",12,"00:05:58");
INSERT INTO AlbumSong (album_id,song_id,format_id) VALUES(138,1891,1);
INSERT INTO AlbumSong (album_id,song_id,format_id) VALUES(138,1891,2);
INSERT INTO Song (song_name,artist_id,duration) VALUES ("Habit",12,"00:03:35");
INSERT INTO AlbumSong (album_id,song_id,format_id) VALUES(138,1892,1);
INSERT INTO AlbumSong (album_id,song_id,format_id) VALUES(138,1892,2);
INSERT INTO Song (song_name,artist_id,duration) VALUES ("Red Mosquito",12,"00:04:02");
INSERT INTO AlbumSong (album_id,song_id,format_id) VALUES(138,1893,1);
INSERT INTO AlbumSong (album_id,song_id,format_id) VALUES(138,1893,2);
INSERT INTO Song (song_name,artist_id,duration) VALUES ("Lukin",12,"00:01:02");
INSERT INTO AlbumSong (album_id,song_id,format_id) VALUES(138,1894,1);
INSERT INTO AlbumSong (album_id,song_id,format_id) VALUES(138,1894,2);
INSERT INTO Song (song_name,artist_id,duration) VALUES ("Present Tense",12,"00:05:45");
INSERT INTO AlbumSong (album_id,song_id,format_id) VALUES(138,1895,1);
INSERT INTO AlbumSong (album_id,song_id,format_id) VALUES(138,1895,2);
INSERT INTO Song (song_name,artist_id,duration) VALUES ("Mankind",12,"00:03:28");
INSERT INTO AlbumSong (album_id,song_id,format_id) VALUES(138,1896,1);
INSERT INTO AlbumSong (album_id,song_id,format_id) VALUES(138,1896,2);
INSERT INTO Song (song_name,artist_id,duration) VALUES ("I'm Open",12,"00:02:53");
INSERT INTO AlbumSong (album_id,song_id,format_id) VALUES(138,1897,1);
INSERT INTO AlbumSong (album_id,song_id,format_id) VALUES(138,1897,2);
INSERT INTO Song (song_name,artist_id,duration) VALUES ("Around the Bend",12,"00:04:36");
INSERT INTO AlbumSong (album_id,song_id,format_id) VALUES(138,1898,1);
INSERT INTO AlbumSong (album_id,song_id,format_id) VALUES(138,1898,2);
INSERT INTO Album(album_id,album_name,artist_id,art_id,release_date) VALUES (138,"No Code",12,138,"1996-08-06");
INSERT INTO AlbumArt(path) VALUES ("/var/www/album_art/pearl_jam_vitalogy.jpg");
INSERT INTO Song (song_name,artist_id,duration) VALUES ("Last Exit - Remastered",12,"00:02:55");
INSERT INTO AlbumSong (album_id,song_id,format_id) VALUES(139,1899,1);
INSERT INTO AlbumSong (album_id,song_id,format_id) VALUES(139,1899,2);
INSERT INTO Song (song_name,artist_id,duration) VALUES ("Spin the Black Circle - Remastered",12,"00:02:47");
INSERT INTO AlbumSong (album_id,song_id,format_id) VALUES(139,1900,1);
INSERT INTO AlbumSong (album_id,song_id,format_id) VALUES(139,1900,2);
INSERT INTO Song (song_name,artist_id,duration) VALUES ("Not for You - Remastered",12,"00:05:52");
INSERT INTO AlbumSong (album_id,song_id,format_id) VALUES(139,1901,1);
INSERT INTO AlbumSong (album_id,song_id,format_id) VALUES(139,1901,2);
INSERT INTO Song (song_name,artist_id,duration) VALUES ("Tremor Christ - Remastered",12,"00:04:10");
INSERT INTO AlbumSong (album_id,song_id,format_id) VALUES(139,1902,1);
INSERT INTO AlbumSong (album_id,song_id,format_id) VALUES(139,1902,2);
INSERT INTO Song (song_name,artist_id,duration) VALUES ("Nothingman - Remastered",12,"00:04:34");
INSERT INTO AlbumSong (album_id,song_id,format_id) VALUES(139,1903,1);
INSERT INTO AlbumSong (album_id,song_id,format_id) VALUES(139,1903,2);
INSERT INTO Song (song_name,artist_id,duration) VALUES ("Whipping - Remastered",12,"00:02:34");
INSERT INTO AlbumSong (album_id,song_id,format_id) VALUES(139,1904,1);
INSERT INTO AlbumSong (album_id,song_id,format_id) VALUES(139,1904,2);
INSERT INTO Song (song_name,artist_id,duration) VALUES ("Pry, To - Remastered",12,"00:01:01");
INSERT INTO AlbumSong (album_id,song_id,format_id) VALUES(139,1905,1);
INSERT INTO AlbumSong (album_id,song_id,format_id) VALUES(139,1905,2);
INSERT INTO Song (song_name,artist_id,duration) VALUES ("Corduroy - Remastered",12,"00:04:37");
INSERT INTO AlbumSong (album_id,song_id,format_id) VALUES(139,1906,1);
INSERT INTO AlbumSong (album_id,song_id,format_id) VALUES(139,1906,2);
INSERT INTO Song (song_name,artist_id,duration) VALUES ("Bugs - Remastered",12,"00:02:44");
INSERT INTO AlbumSong (album_id,song_id,format_id) VALUES(139,1907,1);
INSERT INTO AlbumSong (album_id,song_id,format_id) VALUES(139,1907,2);
INSERT INTO Song (song_name,artist_id,duration) VALUES ("Satan's Bed - Remastered",12,"00:03:24");
INSERT INTO AlbumSong (album_id,song_id,format_id) VALUES(139,1908,1);
INSERT INTO AlbumSong (album_id,song_id,format_id) VALUES(139,1908,2);
INSERT INTO Song (song_name,artist_id,duration) VALUES ("Better Man",12,"00:04:28");
INSERT INTO AlbumSong (album_id,song_id,format_id) VALUES(139,1909,1);
INSERT INTO AlbumSong (album_id,song_id,format_id) VALUES(139,1909,2);
INSERT INTO Song (song_name,artist_id,duration) VALUES ("Aya Davanita - Remastered",12,"00:02:54");
INSERT INTO AlbumSong (album_id,song_id,format_id) VALUES(139,1910,1);
INSERT INTO AlbumSong (album_id,song_id,format_id) VALUES(139,1910,2);
INSERT INTO Song (song_name,artist_id,duration) VALUES ("Immortality - Remastered",12,"00:05:18");
INSERT INTO AlbumSong (album_id,song_id,format_id) VALUES(139,1911,1);
INSERT INTO AlbumSong (album_id,song_id,format_id) VALUES(139,1911,2);
INSERT INTO Song (song_name,artist_id,duration) VALUES ("Stupidmop - Remastered",12,"00:07:23");
INSERT INTO AlbumSong (album_id,song_id,format_id) VALUES(139,1912,1);
INSERT INTO AlbumSong (album_id,song_id,format_id) VALUES(139,1912,2);
INSERT INTO Song (song_name,artist_id,duration) VALUES ("Better Man - Guitar / Organ Only",12,"00:03:54");
INSERT INTO AlbumSong (album_id,song_id,format_id) VALUES(139,1913,1);
INSERT INTO AlbumSong (album_id,song_id,format_id) VALUES(139,1913,2);
INSERT INTO Song (song_name,artist_id,duration) VALUES ("Corduroy - Alternate Take",12,"00:04:43");
INSERT INTO AlbumSong (album_id,song_id,format_id) VALUES(139,1914,1);
INSERT INTO AlbumSong (album_id,song_id,format_id) VALUES(139,1914,2);
INSERT INTO Song (song_name,artist_id,duration) VALUES ("Nothingman - Demo",12,"00:04:36");
INSERT INTO AlbumSong (album_id,song_id,format_id) VALUES(139,1915,1);
INSERT INTO AlbumSong (album_id,song_id,format_id) VALUES(139,1915,2);
INSERT INTO Album(album_id,album_name,artist_id,art_id,release_date) VALUES (139,"Vitalogy",12,139,"1994-11-22");
INSERT INTO AlbumArt(path) VALUES ("/var/www/album_art/pearl_jam_vs..jpg");
INSERT INTO Song (song_name,artist_id,duration) VALUES ("Go - Remastered",12,"00:03:13");
INSERT INTO AlbumSong (album_id,song_id,format_id) VALUES(140,1916,1);
INSERT INTO AlbumSong (album_id,song_id,format_id) VALUES(140,1916,2);
INSERT INTO Song (song_name,artist_id,duration) VALUES ("Animal - Remastered",12,"00:02:47");
INSERT INTO AlbumSong (album_id,song_id,format_id) VALUES(140,1917,1);
INSERT INTO AlbumSong (album_id,song_id,format_id) VALUES(140,1917,2);
INSERT INTO Song (song_name,artist_id,duration) VALUES ("Daughter - Remastered",12,"00:03:54");
INSERT INTO AlbumSong (album_id,song_id,format_id) VALUES(140,1918,1);
INSERT INTO AlbumSong (album_id,song_id,format_id) VALUES(140,1918,2);
INSERT INTO Song (song_name,artist_id,duration) VALUES ("Glorified G - Remastered",12,"00:03:24");
INSERT INTO AlbumSong (album_id,song_id,format_id) VALUES(140,1919,1);
INSERT INTO AlbumSong (album_id,song_id,format_id) VALUES(140,1919,2);
INSERT INTO Song (song_name,artist_id,duration) VALUES ("Dissident - Remastered",12,"00:03:34");
INSERT INTO AlbumSong (album_id,song_id,format_id) VALUES(140,1920,1);
INSERT INTO AlbumSong (album_id,song_id,format_id) VALUES(140,1920,2);
INSERT INTO Song (song_name,artist_id,duration) VALUES ("W.M.A. - Remastered",12,"00:05:57");
INSERT INTO AlbumSong (album_id,song_id,format_id) VALUES(140,1921,1);
INSERT INTO AlbumSong (album_id,song_id,format_id) VALUES(140,1921,2);
INSERT INTO Song (song_name,artist_id,duration) VALUES ("Blood - Remastered",12,"00:02:49");
INSERT INTO AlbumSong (album_id,song_id,format_id) VALUES(140,1922,1);
INSERT INTO AlbumSong (album_id,song_id,format_id) VALUES(140,1922,2);
INSERT INTO Song (song_name,artist_id,duration) VALUES ("Rearviewmirror - Remastered",12,"00:04:43");
INSERT INTO AlbumSong (album_id,song_id,format_id) VALUES(140,1923,1);
INSERT INTO AlbumSong (album_id,song_id,format_id) VALUES(140,1923,2);
INSERT INTO Song (song_name,artist_id,duration) VALUES ("Rats - Remastered",12,"00:04:15");
INSERT INTO AlbumSong (album_id,song_id,format_id) VALUES(140,1924,1);
INSERT INTO AlbumSong (album_id,song_id,format_id) VALUES(140,1924,2);
INSERT INTO Song (song_name,artist_id,duration) VALUES ("Elderly Woman Behind the Counter in a Small Town - Remastered",12,"00:03:16");
INSERT INTO AlbumSong (album_id,song_id,format_id) VALUES(140,1925,1);
INSERT INTO AlbumSong (album_id,song_id,format_id) VALUES(140,1925,2);
INSERT INTO Song (song_name,artist_id,duration) VALUES ("Leash - Remastered",12,"00:03:08");
INSERT INTO AlbumSong (album_id,song_id,format_id) VALUES(140,1926,1);
INSERT INTO AlbumSong (album_id,song_id,format_id) VALUES(140,1926,2);
INSERT INTO Song (song_name,artist_id,duration) VALUES ("Indifference - Remastered",12,"00:05:02");
INSERT INTO AlbumSong (album_id,song_id,format_id) VALUES(140,1927,1);
INSERT INTO AlbumSong (album_id,song_id,format_id) VALUES(140,1927,2);
INSERT INTO Song (song_name,artist_id,duration) VALUES ("Hold On - bonus track",12,"00:04:39");
INSERT INTO AlbumSong (album_id,song_id,format_id) VALUES(140,1928,1);
INSERT INTO AlbumSong (album_id,song_id,format_id) VALUES(140,1928,2);
INSERT INTO Song (song_name,artist_id,duration) VALUES ("Cready Stomp - bonus track",12,"00:03:21");
INSERT INTO AlbumSong (album_id,song_id,format_id) VALUES(140,1929,1);
INSERT INTO AlbumSong (album_id,song_id,format_id) VALUES(140,1929,2);
INSERT INTO Song (song_name,artist_id,duration) VALUES ("Crazy Mary - Remastered",12,"00:05:39");
INSERT INTO AlbumSong (album_id,song_id,format_id) VALUES(140,1930,1);
INSERT INTO AlbumSong (album_id,song_id,format_id) VALUES(140,1930,2);
INSERT INTO Album(album_id,album_name,artist_id,art_id,release_date) VALUES (140,"Vs.",12,140,"1993-10-19");
INSERT INTO AlbumArt(path) VALUES ("/var/www/album_art/pearl_jam_ten.jpg");
INSERT INTO Song (song_name,artist_id,duration) VALUES ("Once",12,"00:03:51");
INSERT INTO AlbumSong (album_id,song_id,format_id) VALUES(141,1931,1);
INSERT INTO AlbumSong (album_id,song_id,format_id) VALUES(141,1931,2);
INSERT INTO Song (song_name,artist_id,duration) VALUES ("Even Flow",12,"00:04:52");
INSERT INTO AlbumSong (album_id,song_id,format_id) VALUES(141,1932,1);
INSERT INTO AlbumSong (album_id,song_id,format_id) VALUES(141,1932,2);
INSERT INTO Song (song_name,artist_id,duration) VALUES ("Alive",12,"00:05:40");
INSERT INTO AlbumSong (album_id,song_id,format_id) VALUES(141,1933,1);
INSERT INTO AlbumSong (album_id,song_id,format_id) VALUES(141,1933,2);
INSERT INTO Song (song_name,artist_id,duration) VALUES ("Why Go",12,"00:03:20");
INSERT INTO AlbumSong (album_id,song_id,format_id) VALUES(141,1934,1);
INSERT INTO AlbumSong (album_id,song_id,format_id) VALUES(141,1934,2);
INSERT INTO Song (song_name,artist_id,duration) VALUES ("Black",12,"00:05:42");
INSERT INTO AlbumSong (album_id,song_id,format_id) VALUES(141,1935,1);
INSERT INTO AlbumSong (album_id,song_id,format_id) VALUES(141,1935,2);
INSERT INTO Song (song_name,artist_id,duration) VALUES ("Jeremy",12,"00:05:18");
INSERT INTO AlbumSong (album_id,song_id,format_id) VALUES(141,1936,1);
INSERT INTO AlbumSong (album_id,song_id,format_id) VALUES(141,1936,2);
INSERT INTO Song (song_name,artist_id,duration) VALUES ("Oceans",12,"00:02:41");
INSERT INTO AlbumSong (album_id,song_id,format_id) VALUES(141,1937,1);
INSERT INTO AlbumSong (album_id,song_id,format_id) VALUES(141,1937,2);
INSERT INTO Song (song_name,artist_id,duration) VALUES ("Porch",12,"00:03:30");
INSERT INTO AlbumSong (album_id,song_id,format_id) VALUES(141,1938,1);
INSERT INTO AlbumSong (album_id,song_id,format_id) VALUES(141,1938,2);
INSERT INTO Song (song_name,artist_id,duration) VALUES ("Garden",12,"00:04:58");
INSERT INTO AlbumSong (album_id,song_id,format_id) VALUES(141,1939,1);
INSERT INTO AlbumSong (album_id,song_id,format_id) VALUES(141,1939,2);
INSERT INTO Song (song_name,artist_id,duration) VALUES ("Deep",12,"00:04:18");
INSERT INTO AlbumSong (album_id,song_id,format_id) VALUES(141,1940,1);
INSERT INTO AlbumSong (album_id,song_id,format_id) VALUES(141,1940,2);
INSERT INTO Song (song_name,artist_id,duration) VALUES ("Release",12,"00:09:06");
INSERT INTO AlbumSong (album_id,song_id,format_id) VALUES(141,1941,1);
INSERT INTO AlbumSong (album_id,song_id,format_id) VALUES(141,1941,2);
INSERT INTO Album(album_id,album_name,artist_id,art_id,release_date) VALUES (141,"Ten",12,141,"1991-08-27");
INSERT INTO AlbumArt(path) VALUES ("/var/www/album_art/pearl_jam_ten_redux.jpg");
INSERT INTO Song (song_name,artist_id,duration) VALUES ("Once - Brendan O'Brien Mix",12,"00:03:51");
INSERT INTO AlbumSong (album_id,song_id,format_id) VALUES(142,1942,1);
INSERT INTO AlbumSong (album_id,song_id,format_id) VALUES(142,1942,2);
INSERT INTO Song (song_name,artist_id,duration) VALUES ("Even Flow - Brendan O'Brien Mix",12,"00:04:53");
INSERT INTO AlbumSong (album_id,song_id,format_id) VALUES(142,1943,1);
INSERT INTO AlbumSong (album_id,song_id,format_id) VALUES(142,1943,2);
INSERT INTO Song (song_name,artist_id,duration) VALUES ("Alive - Brendan O'Brien Mix",12,"00:05:40");
INSERT INTO AlbumSong (album_id,song_id,format_id) VALUES(142,1944,1);
INSERT INTO AlbumSong (album_id,song_id,format_id) VALUES(142,1944,2);
INSERT INTO Song (song_name,artist_id,duration) VALUES ("Why Go - Brendan O'Brien Mix",12,"00:03:18");
INSERT INTO AlbumSong (album_id,song_id,format_id) VALUES(142,1945,1);
INSERT INTO AlbumSong (album_id,song_id,format_id) VALUES(142,1945,2);
INSERT INTO Song (song_name,artist_id,duration) VALUES ("Black - Brendan O'Brien Mix",12,"00:05:38");
INSERT INTO AlbumSong (album_id,song_id,format_id) VALUES(142,1946,1);
INSERT INTO AlbumSong (album_id,song_id,format_id) VALUES(142,1946,2);
INSERT INTO Song (song_name,artist_id,duration) VALUES ("Jeremy - Brendan O'Brien Mix",12,"00:05:15");
INSERT INTO AlbumSong (album_id,song_id,format_id) VALUES(142,1947,1);
INSERT INTO AlbumSong (album_id,song_id,format_id) VALUES(142,1947,2);
INSERT INTO Song (song_name,artist_id,duration) VALUES ("Oceans - Brendan O'Brien Mix",12,"00:02:41");
INSERT INTO AlbumSong (album_id,song_id,format_id) VALUES(142,1948,1);
INSERT INTO AlbumSong (album_id,song_id,format_id) VALUES(142,1948,2);
INSERT INTO Song (song_name,artist_id,duration) VALUES ("Porch - Brendan O'Brien Mix",12,"00:03:30");
INSERT INTO AlbumSong (album_id,song_id,format_id) VALUES(142,1949,1);
INSERT INTO AlbumSong (album_id,song_id,format_id) VALUES(142,1949,2);
INSERT INTO Song (song_name,artist_id,duration) VALUES ("Garden - Brendan O'Brien Mix",12,"00:04:58");
INSERT INTO AlbumSong (album_id,song_id,format_id) VALUES(142,1950,1);
INSERT INTO AlbumSong (album_id,song_id,format_id) VALUES(142,1950,2);
INSERT INTO Song (song_name,artist_id,duration) VALUES ("Deep - Brendan O'Brien Mix",12,"00:04:17");
INSERT INTO AlbumSong (album_id,song_id,format_id) VALUES(142,1951,1);
INSERT INTO AlbumSong (album_id,song_id,format_id) VALUES(142,1951,2);
INSERT INTO Song (song_name,artist_id,duration) VALUES ("Release - Brendan O'Brien Mix",12,"00:08:58");
INSERT INTO AlbumSong (album_id,song_id,format_id) VALUES(142,1952,1);
INSERT INTO AlbumSong (album_id,song_id,format_id) VALUES(142,1952,2);
INSERT INTO Song (song_name,artist_id,duration) VALUES ("Brother - With vocals",12,"00:03:59");
INSERT INTO AlbumSong (album_id,song_id,format_id) VALUES(142,1953,1);
INSERT INTO AlbumSong (album_id,song_id,format_id) VALUES(142,1953,2);
INSERT INTO Song (song_name,artist_id,duration) VALUES ("Just a Girl",12,"00:05:01");
INSERT INTO AlbumSong (album_id,song_id,format_id) VALUES(142,1954,1);
INSERT INTO AlbumSong (album_id,song_id,format_id) VALUES(142,1954,2);
INSERT INTO Song (song_name,artist_id,duration) VALUES ("Breath - Demo",12,"00:05:58");
INSERT INTO AlbumSong (album_id,song_id,format_id) VALUES(142,1955,1);
INSERT INTO AlbumSong (album_id,song_id,format_id) VALUES(142,1955,2);
INSERT INTO Song (song_name,artist_id,duration) VALUES ("State of Love and Trust",12,"00:04:47");
INSERT INTO AlbumSong (album_id,song_id,format_id) VALUES(142,1956,1);
INSERT INTO AlbumSong (album_id,song_id,format_id) VALUES(142,1956,2);
INSERT INTO Song (song_name,artist_id,duration) VALUES ("2,000 Mile Blues",12,"00:03:57");
INSERT INTO AlbumSong (album_id,song_id,format_id) VALUES(142,1957,1);
INSERT INTO AlbumSong (album_id,song_id,format_id) VALUES(142,1957,2);
INSERT INTO Song (song_name,artist_id,duration) VALUES ("Evil Little Goat - Rehearsal studio outtake",12,"00:01:29");
INSERT INTO AlbumSong (album_id,song_id,format_id) VALUES(142,1958,1);
INSERT INTO AlbumSong (album_id,song_id,format_id) VALUES(142,1958,2);
INSERT INTO Album(album_id,album_name,artist_id,art_id,release_date) VALUES (142,"Ten Redux",12,142,"1991-08-27");
INSERT INTO Artist (artist_name,genre_id,description) VALUES ("Alice in Chains",2,"");
INSERT INTO AlbumArt(path) VALUES ("/var/www/album_art/alice_in_chains_rainier_fog.jpg");
INSERT INTO Song (song_name,artist_id,duration) VALUES ("The One You Know",13,"00:04:49");
INSERT INTO AlbumSong (album_id,song_id,format_id) VALUES(143,1959,1);
INSERT INTO AlbumSong (album_id,song_id,format_id) VALUES(143,1959,2);
INSERT INTO Song (song_name,artist_id,duration) VALUES ("Rainier Fog",13,"00:05:01");
INSERT INTO AlbumSong (album_id,song_id,format_id) VALUES(143,1960,1);
INSERT INTO AlbumSong (album_id,song_id,format_id) VALUES(143,1960,2);
INSERT INTO Song (song_name,artist_id,duration) VALUES ("Red Giant",13,"00:05:25");
INSERT INTO AlbumSong (album_id,song_id,format_id) VALUES(143,1961,1);
INSERT INTO AlbumSong (album_id,song_id,format_id) VALUES(143,1961,2);
INSERT INTO Song (song_name,artist_id,duration) VALUES ("Fly",13,"00:05:18");
INSERT INTO AlbumSong (album_id,song_id,format_id) VALUES(143,1962,1);
INSERT INTO AlbumSong (album_id,song_id,format_id) VALUES(143,1962,2);
INSERT INTO Song (song_name,artist_id,duration) VALUES ("Drone",13,"00:06:30");
INSERT INTO AlbumSong (album_id,song_id,format_id) VALUES(143,1963,1);
INSERT INTO AlbumSong (album_id,song_id,format_id) VALUES(143,1963,2);
INSERT INTO Song (song_name,artist_id,duration) VALUES ("Deaf Ears Blind Eyes",13,"00:04:44");
INSERT INTO AlbumSong (album_id,song_id,format_id) VALUES(143,1964,1);
INSERT INTO AlbumSong (album_id,song_id,format_id) VALUES(143,1964,2);
INSERT INTO Song (song_name,artist_id,duration) VALUES ("Maybe",13,"00:05:36");
INSERT INTO AlbumSong (album_id,song_id,format_id) VALUES(143,1965,1);
INSERT INTO AlbumSong (album_id,song_id,format_id) VALUES(143,1965,2);
INSERT INTO Song (song_name,artist_id,duration) VALUES ("So Far Under",13,"00:04:33");
INSERT INTO AlbumSong (album_id,song_id,format_id) VALUES(143,1966,1);
INSERT INTO AlbumSong (album_id,song_id,format_id) VALUES(143,1966,2);
INSERT INTO Song (song_name,artist_id,duration) VALUES ("Never Fade",13,"00:04:40");
INSERT INTO AlbumSong (album_id,song_id,format_id) VALUES(143,1967,1);
INSERT INTO AlbumSong (album_id,song_id,format_id) VALUES(143,1967,2);
INSERT INTO Song (song_name,artist_id,duration) VALUES ("All I Am",13,"00:07:15");
INSERT INTO AlbumSong (album_id,song_id,format_id) VALUES(143,1968,1);
INSERT INTO AlbumSong (album_id,song_id,format_id) VALUES(143,1968,2);
INSERT INTO Album(album_id,album_name,artist_id,art_id,release_date) VALUES (143,"Rainier Fog",13,143,"2018-08-24");
INSERT INTO AlbumArt(path) VALUES ("/var/www/album_art/alice_in_chains_the_devil_put_dinosaurs_here.jpg");
INSERT INTO Song (song_name,artist_id,duration) VALUES ("Hollow",13,"00:05:41");
INSERT INTO AlbumSong (album_id,song_id,format_id) VALUES(144,1969,1);
INSERT INTO AlbumSong (album_id,song_id,format_id) VALUES(144,1969,2);
INSERT INTO Song (song_name,artist_id,duration) VALUES ("Pretty Done",13,"00:04:35");
INSERT INTO AlbumSong (album_id,song_id,format_id) VALUES(144,1970,1);
INSERT INTO AlbumSong (album_id,song_id,format_id) VALUES(144,1970,2);
INSERT INTO Song (song_name,artist_id,duration) VALUES ("Stone",13,"00:04:22");
INSERT INTO AlbumSong (album_id,song_id,format_id) VALUES(144,1971,1);
INSERT INTO AlbumSong (album_id,song_id,format_id) VALUES(144,1971,2);
INSERT INTO Song (song_name,artist_id,duration) VALUES ("Voices",13,"00:05:42");
INSERT INTO AlbumSong (album_id,song_id,format_id) VALUES(144,1972,1);
INSERT INTO AlbumSong (album_id,song_id,format_id) VALUES(144,1972,2);
INSERT INTO Song (song_name,artist_id,duration) VALUES ("The Devil Put Dinosaurs Here",13,"00:06:38");
INSERT INTO AlbumSong (album_id,song_id,format_id) VALUES(144,1973,1);
INSERT INTO AlbumSong (album_id,song_id,format_id) VALUES(144,1973,2);
INSERT INTO Song (song_name,artist_id,duration) VALUES ("Lab Monkey",13,"00:05:58");
INSERT INTO AlbumSong (album_id,song_id,format_id) VALUES(144,1974,1);
INSERT INTO AlbumSong (album_id,song_id,format_id) VALUES(144,1974,2);
INSERT INTO Song (song_name,artist_id,duration) VALUES ("Low Ceiling",13,"00:05:15");
INSERT INTO AlbumSong (album_id,song_id,format_id) VALUES(144,1975,1);
INSERT INTO AlbumSong (album_id,song_id,format_id) VALUES(144,1975,2);
INSERT INTO Song (song_name,artist_id,duration) VALUES ("Breath on a Window",13,"00:05:19");
INSERT INTO AlbumSong (album_id,song_id,format_id) VALUES(144,1976,1);
INSERT INTO AlbumSong (album_id,song_id,format_id) VALUES(144,1976,2);
INSERT INTO Song (song_name,artist_id,duration) VALUES ("Scalpel",13,"00:05:21");
INSERT INTO AlbumSong (album_id,song_id,format_id) VALUES(144,1977,1);
INSERT INTO AlbumSong (album_id,song_id,format_id) VALUES(144,1977,2);
INSERT INTO Song (song_name,artist_id,duration) VALUES ("Phantom Limb",13,"00:07:07");
INSERT INTO AlbumSong (album_id,song_id,format_id) VALUES(144,1978,1);
INSERT INTO AlbumSong (album_id,song_id,format_id) VALUES(144,1978,2);
INSERT INTO Song (song_name,artist_id,duration) VALUES ("Hung on a Hook",13,"00:05:34");
INSERT INTO AlbumSong (album_id,song_id,format_id) VALUES(144,1979,1);
INSERT INTO AlbumSong (album_id,song_id,format_id) VALUES(144,1979,2);
INSERT INTO Song (song_name,artist_id,duration) VALUES ("Choke",13,"00:05:44");
INSERT INTO AlbumSong (album_id,song_id,format_id) VALUES(144,1980,1);
INSERT INTO AlbumSong (album_id,song_id,format_id) VALUES(144,1980,2);
INSERT INTO Album(album_id,album_name,artist_id,art_id,release_date) VALUES (144,"The Devil Put Dinosaurs Here",13,144,"2013-05-28");
INSERT INTO AlbumArt(path) VALUES ("/var/www/album_art/alice_in_chains_black_gives_way_to_blue.jpg");
INSERT INTO Song (song_name,artist_id,duration) VALUES ("All Secrets Known",13,"00:04:42");
INSERT INTO AlbumSong (album_id,song_id,format_id) VALUES(145,1981,1);
INSERT INTO AlbumSong (album_id,song_id,format_id) VALUES(145,1981,2);
INSERT INTO Song (song_name,artist_id,duration) VALUES ("Check My Brain",13,"00:03:57");
INSERT INTO AlbumSong (album_id,song_id,format_id) VALUES(145,1982,1);
INSERT INTO AlbumSong (album_id,song_id,format_id) VALUES(145,1982,2);
INSERT INTO Song (song_name,artist_id,duration) VALUES ("Last of My Kind",13,"00:05:52");
INSERT INTO AlbumSong (album_id,song_id,format_id) VALUES(145,1983,1);
INSERT INTO AlbumSong (album_id,song_id,format_id) VALUES(145,1983,2);
INSERT INTO Song (song_name,artist_id,duration) VALUES ("Your Decision",13,"00:04:43");
INSERT INTO AlbumSong (album_id,song_id,format_id) VALUES(145,1984,1);
INSERT INTO AlbumSong (album_id,song_id,format_id) VALUES(145,1984,2);
INSERT INTO Song (song_name,artist_id,duration) VALUES ("A Looking in View",13,"00:07:06");
INSERT INTO AlbumSong (album_id,song_id,format_id) VALUES(145,1985,1);
INSERT INTO AlbumSong (album_id,song_id,format_id) VALUES(145,1985,2);
INSERT INTO Song (song_name,artist_id,duration) VALUES ("When the Sun Rose Again",13,"00:04:00");
INSERT INTO AlbumSong (album_id,song_id,format_id) VALUES(145,1986,1);
INSERT INTO AlbumSong (album_id,song_id,format_id) VALUES(145,1986,2);
INSERT INTO Song (song_name,artist_id,duration) VALUES ("Acid Bubble",13,"00:06:55");
INSERT INTO AlbumSong (album_id,song_id,format_id) VALUES(145,1987,1);
INSERT INTO AlbumSong (album_id,song_id,format_id) VALUES(145,1987,2);
INSERT INTO Song (song_name,artist_id,duration) VALUES ("Lesson Learned",13,"00:04:16");
INSERT INTO AlbumSong (album_id,song_id,format_id) VALUES(145,1988,1);
INSERT INTO AlbumSong (album_id,song_id,format_id) VALUES(145,1988,2);
INSERT INTO Song (song_name,artist_id,duration) VALUES ("Take Her Out",13,"00:04:00");
INSERT INTO AlbumSong (album_id,song_id,format_id) VALUES(145,1989,1);
INSERT INTO AlbumSong (album_id,song_id,format_id) VALUES(145,1989,2);
INSERT INTO Song (song_name,artist_id,duration) VALUES ("Private Hell",13,"00:05:38");
INSERT INTO AlbumSong (album_id,song_id,format_id) VALUES(145,1990,1);
INSERT INTO AlbumSong (album_id,song_id,format_id) VALUES(145,1990,2);
INSERT INTO Song (song_name,artist_id,duration) VALUES ("Black Gives Way to Blue",13,"00:03:03");
INSERT INTO AlbumSong (album_id,song_id,format_id) VALUES(145,1991,1);
INSERT INTO AlbumSong (album_id,song_id,format_id) VALUES(145,1991,2);
INSERT INTO Song (song_name,artist_id,duration) VALUES ("Black Gives Way to Blue - Piano Mix",13,"00:03:00");
INSERT INTO AlbumSong (album_id,song_id,format_id) VALUES(145,1992,1);
INSERT INTO AlbumSong (album_id,song_id,format_id) VALUES(145,1992,2);
INSERT INTO Song (song_name,artist_id,duration) VALUES ("Your Decision - Live",13,"00:04:48");
INSERT INTO AlbumSong (album_id,song_id,format_id) VALUES(145,1993,1);
INSERT INTO AlbumSong (album_id,song_id,format_id) VALUES(145,1993,2);
INSERT INTO Album(album_id,album_name,artist_id,art_id,release_date) VALUES (145,"Black Gives Way to Blue",13,145,"2009-09-29");
INSERT INTO AlbumArt(path) VALUES ("/var/www/album_art/alice_in_chains_unplugged.jpg");
INSERT INTO Song (song_name,artist_id,duration) VALUES ("Nutshell - Live at the Majestic Theatre, Brooklyn, NY - April 1996",13,"00:04:57");
INSERT INTO AlbumSong (album_id,song_id,format_id) VALUES(146,1994,1);
INSERT INTO AlbumSong (album_id,song_id,format_id) VALUES(146,1994,2);
INSERT INTO Song (song_name,artist_id,duration) VALUES ("Brother - Live at the Majestic Theatre, Brooklyn, NY - April 1996",13,"00:05:27");
INSERT INTO AlbumSong (album_id,song_id,format_id) VALUES(146,1995,1);
INSERT INTO AlbumSong (album_id,song_id,format_id) VALUES(146,1995,2);
INSERT INTO Song (song_name,artist_id,duration) VALUES ("No Excuses - Live at the Majestic Theatre, Brooklyn, NY - April 1996",13,"00:04:57");
INSERT INTO AlbumSong (album_id,song_id,format_id) VALUES(146,1996,1);
INSERT INTO AlbumSong (album_id,song_id,format_id) VALUES(146,1996,2);
INSERT INTO Song (song_name,artist_id,duration) VALUES ("Sludge Factory - Live at the Majestic Theatre, Brooklyn, NY - April 1996",13,"00:04:36");
INSERT INTO AlbumSong (album_id,song_id,format_id) VALUES(146,1997,1);
INSERT INTO AlbumSong (album_id,song_id,format_id) VALUES(146,1997,2);
INSERT INTO Song (song_name,artist_id,duration) VALUES ("Down In A Hole - Live at the Majestic Theatre, Brooklyn, NY - April 1996",13,"00:05:46");
INSERT INTO AlbumSong (album_id,song_id,format_id) VALUES(146,1998,1);
INSERT INTO AlbumSong (album_id,song_id,format_id) VALUES(146,1998,2);
INSERT INTO Song (song_name,artist_id,duration) VALUES ("Angry Chair - Live at the Majestic Theatre, Brooklyn, NY - April 1996",13,"00:04:36");
INSERT INTO AlbumSong (album_id,song_id,format_id) VALUES(146,1999,1);
INSERT INTO AlbumSong (album_id,song_id,format_id) VALUES(146,1999,2);
INSERT INTO Song (song_name,artist_id,duration) VALUES ("Rooster - Live at the Majestic Theatre, Brooklyn, NY - April 1996",13,"00:06:41");
INSERT INTO AlbumSong (album_id,song_id,format_id) VALUES(146,2000,1);
INSERT INTO AlbumSong (album_id,song_id,format_id) VALUES(146,2000,2);
INSERT INTO Song (song_name,artist_id,duration) VALUES ("Got Me Wrong - Live at the Majestic Theatre, Brooklyn, NY - April 1996",13,"00:05:00");
INSERT INTO AlbumSong (album_id,song_id,format_id) VALUES(146,2001,1);
INSERT INTO AlbumSong (album_id,song_id,format_id) VALUES(146,2001,2);
INSERT INTO Song (song_name,artist_id,duration) VALUES ("Heaven Beside You - Live at the Majestic Theatre, Brooklyn, NY - April 1996",13,"00:05:37");
INSERT INTO AlbumSong (album_id,song_id,format_id) VALUES(146,2002,1);
INSERT INTO AlbumSong (album_id,song_id,format_id) VALUES(146,2002,2);
INSERT INTO Song (song_name,artist_id,duration) VALUES ("Would? - Live at the Majestic Theatre, Brooklyn, NY - April 1996",13,"00:03:43");
INSERT INTO AlbumSong (album_id,song_id,format_id) VALUES(146,2003,1);
INSERT INTO AlbumSong (album_id,song_id,format_id) VALUES(146,2003,2);
INSERT INTO Song (song_name,artist_id,duration) VALUES ("Frogs - Live at the Majestic Theatre, Brooklyn, NY - April 1996",13,"00:07:30");
INSERT INTO AlbumSong (album_id,song_id,format_id) VALUES(146,2004,1);
INSERT INTO AlbumSong (album_id,song_id,format_id) VALUES(146,2004,2);
INSERT INTO Song (song_name,artist_id,duration) VALUES ("Over Now - Live at the Majestic Theatre, Brooklyn, NY - April 1996",13,"00:07:12");
INSERT INTO AlbumSong (album_id,song_id,format_id) VALUES(146,2005,1);
INSERT INTO AlbumSong (album_id,song_id,format_id) VALUES(146,2005,2);
INSERT INTO Song (song_name,artist_id,duration) VALUES ("The Killer Is Me - Live at the Majestic Theatre, Brooklyn, NY - April 1996",13,"00:05:23");
INSERT INTO AlbumSong (album_id,song_id,format_id) VALUES(146,2006,1);
INSERT INTO AlbumSong (album_id,song_id,format_id) VALUES(146,2006,2);
INSERT INTO Album(album_id,album_name,artist_id,art_id,release_date) VALUES (146,"Unplugged",13,146,"1996-07-29");
INSERT INTO AlbumArt(path) VALUES ("/var/www/album_art/alice_in_chains_alice_in_chains.jpg");
INSERT INTO Song (song_name,artist_id,duration) VALUES ("Grind",13,"00:04:44");
INSERT INTO AlbumSong (album_id,song_id,format_id) VALUES(147,2007,1);
INSERT INTO AlbumSong (album_id,song_id,format_id) VALUES(147,2007,2);
INSERT INTO Song (song_name,artist_id,duration) VALUES ("Brush Away",13,"00:03:22");
INSERT INTO AlbumSong (album_id,song_id,format_id) VALUES(147,2008,1);
INSERT INTO AlbumSong (album_id,song_id,format_id) VALUES(147,2008,2);
INSERT INTO Song (song_name,artist_id,duration) VALUES ("Sludge Factory",13,"00:07:12");
INSERT INTO AlbumSong (album_id,song_id,format_id) VALUES(147,2009,1);
INSERT INTO AlbumSong (album_id,song_id,format_id) VALUES(147,2009,2);
INSERT INTO Song (song_name,artist_id,duration) VALUES ("Heaven Beside You",13,"00:05:27");
INSERT INTO AlbumSong (album_id,song_id,format_id) VALUES(147,2010,1);
INSERT INTO AlbumSong (album_id,song_id,format_id) VALUES(147,2010,2);
INSERT INTO Song (song_name,artist_id,duration) VALUES ("Head Creeps",13,"00:06:28");
INSERT INTO AlbumSong (album_id,song_id,format_id) VALUES(147,2011,1);
INSERT INTO AlbumSong (album_id,song_id,format_id) VALUES(147,2011,2);
INSERT INTO Song (song_name,artist_id,duration) VALUES ("Again",13,"00:04:05");
INSERT INTO AlbumSong (album_id,song_id,format_id) VALUES(147,2012,1);
INSERT INTO AlbumSong (album_id,song_id,format_id) VALUES(147,2012,2);
INSERT INTO Song (song_name,artist_id,duration) VALUES ("Shame In You",13,"00:05:35");
INSERT INTO AlbumSong (album_id,song_id,format_id) VALUES(147,2013,1);
INSERT INTO AlbumSong (album_id,song_id,format_id) VALUES(147,2013,2);
INSERT INTO Song (song_name,artist_id,duration) VALUES ("God Am",13,"00:04:08");
INSERT INTO AlbumSong (album_id,song_id,format_id) VALUES(147,2014,1);
INSERT INTO AlbumSong (album_id,song_id,format_id) VALUES(147,2014,2);
INSERT INTO Song (song_name,artist_id,duration) VALUES ("So Close",13,"00:02:45");
INSERT INTO AlbumSong (album_id,song_id,format_id) VALUES(147,2015,1);
INSERT INTO AlbumSong (album_id,song_id,format_id) VALUES(147,2015,2);
INSERT INTO Song (song_name,artist_id,duration) VALUES ("Nothin' Song",13,"00:05:40");
INSERT INTO AlbumSong (album_id,song_id,format_id) VALUES(147,2016,1);
INSERT INTO AlbumSong (album_id,song_id,format_id) VALUES(147,2016,2);
INSERT INTO Song (song_name,artist_id,duration) VALUES ("Frogs",13,"00:08:18");
INSERT INTO AlbumSong (album_id,song_id,format_id) VALUES(147,2017,1);
INSERT INTO AlbumSong (album_id,song_id,format_id) VALUES(147,2017,2);
INSERT INTO Song (song_name,artist_id,duration) VALUES ("Over Now",13,"00:07:03");
INSERT INTO AlbumSong (album_id,song_id,format_id) VALUES(147,2018,1);
INSERT INTO AlbumSong (album_id,song_id,format_id) VALUES(147,2018,2);
INSERT INTO Album(album_id,album_name,artist_id,art_id,release_date) VALUES (147,"Alice In Chains",13,147,"1995-10-30");
INSERT INTO AlbumArt(path) VALUES ("/var/www/album_art/alice_in_chains_jar_of_flies.jpg");
INSERT INTO Song (song_name,artist_id,duration) VALUES ("Rotten Apple",13,"00:06:58");
INSERT INTO AlbumSong (album_id,song_id,format_id) VALUES(148,2019,1);
INSERT INTO AlbumSong (album_id,song_id,format_id) VALUES(148,2019,2);
INSERT INTO Song (song_name,artist_id,duration) VALUES ("Nutshell",13,"00:04:19");
INSERT INTO AlbumSong (album_id,song_id,format_id) VALUES(148,2020,1);
INSERT INTO AlbumSong (album_id,song_id,format_id) VALUES(148,2020,2);
INSERT INTO Song (song_name,artist_id,duration) VALUES ("I Stay Away",13,"00:04:14");
INSERT INTO AlbumSong (album_id,song_id,format_id) VALUES(148,2021,1);
INSERT INTO AlbumSong (album_id,song_id,format_id) VALUES(148,2021,2);
INSERT INTO Song (song_name,artist_id,duration) VALUES ("No Excuses",13,"00:04:15");
INSERT INTO AlbumSong (album_id,song_id,format_id) VALUES(148,2022,1);
INSERT INTO AlbumSong (album_id,song_id,format_id) VALUES(148,2022,2);
INSERT INTO Song (song_name,artist_id,duration) VALUES ("Whale & Wasp",13,"00:02:37");
INSERT INTO AlbumSong (album_id,song_id,format_id) VALUES(148,2023,1);
INSERT INTO AlbumSong (album_id,song_id,format_id) VALUES(148,2023,2);
INSERT INTO Song (song_name,artist_id,duration) VALUES ("Don't Follow",13,"00:04:22");
INSERT INTO AlbumSong (album_id,song_id,format_id) VALUES(148,2024,1);
INSERT INTO AlbumSong (album_id,song_id,format_id) VALUES(148,2024,2);
INSERT INTO Song (song_name,artist_id,duration) VALUES ("Swing On This",13,"00:04:04");
INSERT INTO AlbumSong (album_id,song_id,format_id) VALUES(148,2025,1);
INSERT INTO AlbumSong (album_id,song_id,format_id) VALUES(148,2025,2);
INSERT INTO Album(album_id,album_name,artist_id,art_id,release_date) VALUES (148,"Jar Of Flies",13,148,"1994-01-01");
INSERT INTO AlbumArt(path) VALUES ("/var/www/album_art/alice_in_chains_dirt_(2022_remaster).jpg");
INSERT INTO Song (song_name,artist_id,duration) VALUES ("Them Bones (2022 Remaster)",13,"00:02:29");
INSERT INTO AlbumSong (album_id,song_id,format_id) VALUES(149,2026,1);
INSERT INTO AlbumSong (album_id,song_id,format_id) VALUES(149,2026,2);
INSERT INTO Song (song_name,artist_id,duration) VALUES ("Dam That River (2022 Remaster)",13,"00:03:09");
INSERT INTO AlbumSong (album_id,song_id,format_id) VALUES(149,2027,1);
INSERT INTO AlbumSong (album_id,song_id,format_id) VALUES(149,2027,2);
INSERT INTO Song (song_name,artist_id,duration) VALUES ("Rain When I Die (2022 Remaster)",13,"00:06:01");
INSERT INTO AlbumSong (album_id,song_id,format_id) VALUES(149,2028,1);
INSERT INTO AlbumSong (album_id,song_id,format_id) VALUES(149,2028,2);
INSERT INTO Song (song_name,artist_id,duration) VALUES ("Down In A Hole (2022 Remaster)",13,"00:05:38");
INSERT INTO AlbumSong (album_id,song_id,format_id) VALUES(149,2029,1);
INSERT INTO AlbumSong (album_id,song_id,format_id) VALUES(149,2029,2);
INSERT INTO Song (song_name,artist_id,duration) VALUES ("Sickman (2022 Remaster)",13,"00:05:29");
INSERT INTO AlbumSong (album_id,song_id,format_id) VALUES(149,2030,1);
INSERT INTO AlbumSong (album_id,song_id,format_id) VALUES(149,2030,2);
INSERT INTO Song (song_name,artist_id,duration) VALUES ("Rooster (2022 Remaster)",13,"00:06:14");
INSERT INTO AlbumSong (album_id,song_id,format_id) VALUES(149,2031,1);
INSERT INTO AlbumSong (album_id,song_id,format_id) VALUES(149,2031,2);
INSERT INTO Song (song_name,artist_id,duration) VALUES ("Junkhead (2022 Remaster)",13,"00:05:09");
INSERT INTO AlbumSong (album_id,song_id,format_id) VALUES(149,2032,1);
INSERT INTO AlbumSong (album_id,song_id,format_id) VALUES(149,2032,2);
INSERT INTO Song (song_name,artist_id,duration) VALUES ("Dirt (2022 Remaster)",13,"00:05:16");
INSERT INTO AlbumSong (album_id,song_id,format_id) VALUES(149,2033,1);
INSERT INTO AlbumSong (album_id,song_id,format_id) VALUES(149,2033,2);
INSERT INTO Song (song_name,artist_id,duration) VALUES ("God Smack (2022 Remaster)",13,"00:03:50");
INSERT INTO AlbumSong (album_id,song_id,format_id) VALUES(149,2034,1);
INSERT INTO AlbumSong (album_id,song_id,format_id) VALUES(149,2034,2);
INSERT INTO Song (song_name,artist_id,duration) VALUES ("Untitled (2022 Remaster)",13,"00:00:43");
INSERT INTO AlbumSong (album_id,song_id,format_id) VALUES(149,2035,1);
INSERT INTO AlbumSong (album_id,song_id,format_id) VALUES(149,2035,2);
INSERT INTO Song (song_name,artist_id,duration) VALUES ("Hate To Feel (2022 Remaster)",13,"00:05:16");
INSERT INTO AlbumSong (album_id,song_id,format_id) VALUES(149,2036,1);
INSERT INTO AlbumSong (album_id,song_id,format_id) VALUES(149,2036,2);
INSERT INTO Song (song_name,artist_id,duration) VALUES ("Angry Chair (2022 Remaster)",13,"00:04:47");
INSERT INTO AlbumSong (album_id,song_id,format_id) VALUES(149,2037,1);
INSERT INTO AlbumSong (album_id,song_id,format_id) VALUES(149,2037,2);
INSERT INTO Song (song_name,artist_id,duration) VALUES ("Would? (2022 Remaster)",13,"00:03:26");
INSERT INTO AlbumSong (album_id,song_id,format_id) VALUES(149,2038,1);
INSERT INTO AlbumSong (album_id,song_id,format_id) VALUES(149,2038,2);
INSERT INTO Album(album_id,album_name,artist_id,art_id,release_date) VALUES (149,"Dirt (2022 Remaster)",13,149,"1992-09-29");
INSERT INTO AlbumArt(path) VALUES ("/var/www/album_art/alice_in_chains_facelift.jpg");
INSERT INTO Song (song_name,artist_id,duration) VALUES ("We Die Young",13,"00:02:32");
INSERT INTO AlbumSong (album_id,song_id,format_id) VALUES(150,2039,1);
INSERT INTO AlbumSong (album_id,song_id,format_id) VALUES(150,2039,2);
INSERT INTO Song (song_name,artist_id,duration) VALUES ("Man in the Box",13,"00:04:45");
INSERT INTO AlbumSong (album_id,song_id,format_id) VALUES(150,2040,1);
INSERT INTO AlbumSong (album_id,song_id,format_id) VALUES(150,2040,2);
INSERT INTO Song (song_name,artist_id,duration) VALUES ("Sea Of Sorrow",13,"00:05:49");
INSERT INTO AlbumSong (album_id,song_id,format_id) VALUES(150,2041,1);
INSERT INTO AlbumSong (album_id,song_id,format_id) VALUES(150,2041,2);
INSERT INTO Song (song_name,artist_id,duration) VALUES ("Bleed The Freak",13,"00:04:02");
INSERT INTO AlbumSong (album_id,song_id,format_id) VALUES(150,2042,1);
INSERT INTO AlbumSong (album_id,song_id,format_id) VALUES(150,2042,2);
INSERT INTO Song (song_name,artist_id,duration) VALUES ("I Can't Remember",13,"00:03:42");
INSERT INTO AlbumSong (album_id,song_id,format_id) VALUES(150,2043,1);
INSERT INTO AlbumSong (album_id,song_id,format_id) VALUES(150,2043,2);
INSERT INTO Song (song_name,artist_id,duration) VALUES ("Love, Hate, Love",13,"00:06:27");
INSERT INTO AlbumSong (album_id,song_id,format_id) VALUES(150,2044,1);
INSERT INTO AlbumSong (album_id,song_id,format_id) VALUES(150,2044,2);
INSERT INTO Song (song_name,artist_id,duration) VALUES ("It Ain't Like That",13,"00:04:37");
INSERT INTO AlbumSong (album_id,song_id,format_id) VALUES(150,2045,1);
INSERT INTO AlbumSong (album_id,song_id,format_id) VALUES(150,2045,2);
INSERT INTO Song (song_name,artist_id,duration) VALUES ("Sunshine",13,"00:04:45");
INSERT INTO AlbumSong (album_id,song_id,format_id) VALUES(150,2046,1);
INSERT INTO AlbumSong (album_id,song_id,format_id) VALUES(150,2046,2);
INSERT INTO Song (song_name,artist_id,duration) VALUES ("Put You Down",13,"00:03:15");
INSERT INTO AlbumSong (album_id,song_id,format_id) VALUES(150,2047,1);
INSERT INTO AlbumSong (album_id,song_id,format_id) VALUES(150,2047,2);
INSERT INTO Song (song_name,artist_id,duration) VALUES ("Confusion",13,"00:05:44");
INSERT INTO AlbumSong (album_id,song_id,format_id) VALUES(150,2048,1);
INSERT INTO AlbumSong (album_id,song_id,format_id) VALUES(150,2048,2);
INSERT INTO Song (song_name,artist_id,duration) VALUES ("I Know Somethin (Bout You)",13,"00:04:22");
INSERT INTO AlbumSong (album_id,song_id,format_id) VALUES(150,2049,1);
INSERT INTO AlbumSong (album_id,song_id,format_id) VALUES(150,2049,2);
INSERT INTO Song (song_name,artist_id,duration) VALUES ("Real Thing",13,"00:04:05");
INSERT INTO AlbumSong (album_id,song_id,format_id) VALUES(150,2050,1);
INSERT INTO AlbumSong (album_id,song_id,format_id) VALUES(150,2050,2);
INSERT INTO Album(album_id,album_name,artist_id,art_id,release_date) VALUES (150,"Facelift",13,150,"1990-08-01");
INSERT INTO Artist (artist_name,genre_id,description) VALUES ("Soundgarden",2,"");
INSERT INTO AlbumArt(path) VALUES ("/var/www/album_art/soundgarden_live_from_the_artists_den.jpg");
INSERT INTO Song (song_name,artist_id,duration) VALUES ("Incessant Mace - Live From The Artists Den",14,"00:08:12");
INSERT INTO AlbumSong (album_id,song_id,format_id) VALUES(151,2051,1);
INSERT INTO AlbumSong (album_id,song_id,format_id) VALUES(151,2051,2);
INSERT INTO Song (song_name,artist_id,duration) VALUES ("My Wave - Live From The Artists Den",14,"00:05:17");
INSERT INTO AlbumSong (album_id,song_id,format_id) VALUES(151,2052,1);
INSERT INTO AlbumSong (album_id,song_id,format_id) VALUES(151,2052,2);
INSERT INTO Song (song_name,artist_id,duration) VALUES ("Been Away Too Long - Live From The Artists Den",14,"00:03:31");
INSERT INTO AlbumSong (album_id,song_id,format_id) VALUES(151,2053,1);
INSERT INTO AlbumSong (album_id,song_id,format_id) VALUES(151,2053,2);
INSERT INTO Song (song_name,artist_id,duration) VALUES ("Worse Dreams - Live From The Artists Den",14,"00:03:51");
INSERT INTO AlbumSong (album_id,song_id,format_id) VALUES(151,2054,1);
INSERT INTO AlbumSong (album_id,song_id,format_id) VALUES(151,2054,2);
INSERT INTO Song (song_name,artist_id,duration) VALUES ("Jesus Christ Pose - Live From The Artists Den",14,"00:05:16");
INSERT INTO AlbumSong (album_id,song_id,format_id) VALUES(151,2055,1);
INSERT INTO AlbumSong (album_id,song_id,format_id) VALUES(151,2055,2);
INSERT INTO Song (song_name,artist_id,duration) VALUES ("Flower - Live From The Artists Den",14,"00:03:48");
INSERT INTO AlbumSong (album_id,song_id,format_id) VALUES(151,2056,1);
INSERT INTO AlbumSong (album_id,song_id,format_id) VALUES(151,2056,2);
INSERT INTO Song (song_name,artist_id,duration) VALUES ("Taree - Live From The Artists Den",14,"00:04:07");
INSERT INTO AlbumSong (album_id,song_id,format_id) VALUES(151,2057,1);
INSERT INTO AlbumSong (album_id,song_id,format_id) VALUES(151,2057,2);
INSERT INTO Song (song_name,artist_id,duration) VALUES ("Spoonman - Live From The Artists Den",14,"00:03:53");
INSERT INTO AlbumSong (album_id,song_id,format_id) VALUES(151,2058,1);
INSERT INTO AlbumSong (album_id,song_id,format_id) VALUES(151,2058,2);
INSERT INTO Song (song_name,artist_id,duration) VALUES ("By Crooked Steps - Live From The Artists Den",14,"00:04:06");
INSERT INTO AlbumSong (album_id,song_id,format_id) VALUES(151,2059,1);
INSERT INTO AlbumSong (album_id,song_id,format_id) VALUES(151,2059,2);
INSERT INTO Song (song_name,artist_id,duration) VALUES ("Blind Dogs - Live From The Artists Den",14,"00:06:00");
INSERT INTO AlbumSong (album_id,song_id,format_id) VALUES(151,2060,1);
INSERT INTO AlbumSong (album_id,song_id,format_id) VALUES(151,2060,2);
INSERT INTO Song (song_name,artist_id,duration) VALUES ("Rowing - Live From The Artists Den",14,"00:04:51");
INSERT INTO AlbumSong (album_id,song_id,format_id) VALUES(151,2061,1);
INSERT INTO AlbumSong (album_id,song_id,format_id) VALUES(151,2061,2);
INSERT INTO Song (song_name,artist_id,duration) VALUES ("Non-State Actor - Live From The Artists Den",14,"00:04:12");
INSERT INTO AlbumSong (album_id,song_id,format_id) VALUES(151,2062,1);
INSERT INTO AlbumSong (album_id,song_id,format_id) VALUES(151,2062,2);
INSERT INTO Song (song_name,artist_id,duration) VALUES ("Drawing Flies - Live From The Artists Den",14,"00:02:33");
INSERT INTO AlbumSong (album_id,song_id,format_id) VALUES(151,2063,1);
INSERT INTO AlbumSong (album_id,song_id,format_id) VALUES(151,2063,2);
INSERT INTO Song (song_name,artist_id,duration) VALUES ("Hunted Down - Live From The Artists Den",14,"00:02:57");
INSERT INTO AlbumSong (album_id,song_id,format_id) VALUES(151,2064,1);
INSERT INTO AlbumSong (album_id,song_id,format_id) VALUES(151,2064,2);
INSERT INTO Song (song_name,artist_id,duration) VALUES ("Black Saturday - Live From The Artists Den",14,"00:04:08");
INSERT INTO AlbumSong (album_id,song_id,format_id) VALUES(151,2065,1);
INSERT INTO AlbumSong (album_id,song_id,format_id) VALUES(151,2065,2);
INSERT INTO Song (song_name,artist_id,duration) VALUES ("Bones Of Birds - Live From The Artists Den",14,"00:04:27");
INSERT INTO AlbumSong (album_id,song_id,format_id) VALUES(151,2066,1);
INSERT INTO AlbumSong (album_id,song_id,format_id) VALUES(151,2066,2);
INSERT INTO Song (song_name,artist_id,duration) VALUES ("Blow Up The Outside World - Live From The Artists Den",14,"00:05:43");
INSERT INTO AlbumSong (album_id,song_id,format_id) VALUES(151,2067,1);
INSERT INTO AlbumSong (album_id,song_id,format_id) VALUES(151,2067,2);
INSERT INTO Song (song_name,artist_id,duration) VALUES ("Fell On Black Days - Live From The Artists Den",14,"00:05:47");
INSERT INTO AlbumSong (album_id,song_id,format_id) VALUES(151,2068,1);
INSERT INTO AlbumSong (album_id,song_id,format_id) VALUES(151,2068,2);
INSERT INTO Song (song_name,artist_id,duration) VALUES ("Burden In My Hand - Live From The Artists Den",14,"00:04:52");
INSERT INTO AlbumSong (album_id,song_id,format_id) VALUES(151,2069,1);
INSERT INTO AlbumSong (album_id,song_id,format_id) VALUES(151,2069,2);
INSERT INTO Song (song_name,artist_id,duration) VALUES ("A Thousand Days Before - Live From The Artists Den",14,"00:04:58");
INSERT INTO AlbumSong (album_id,song_id,format_id) VALUES(151,2070,1);
INSERT INTO AlbumSong (album_id,song_id,format_id) VALUES(151,2070,2);
INSERT INTO Song (song_name,artist_id,duration) VALUES ("Blood On The Valley Floor - Live From The Artists Den",14,"00:03:54");
INSERT INTO AlbumSong (album_id,song_id,format_id) VALUES(151,2071,1);
INSERT INTO AlbumSong (album_id,song_id,format_id) VALUES(151,2071,2);
INSERT INTO Song (song_name,artist_id,duration) VALUES ("Rusty Cage - Live From The Artists Den",14,"00:05:00");
INSERT INTO AlbumSong (album_id,song_id,format_id) VALUES(151,2072,1);
INSERT INTO AlbumSong (album_id,song_id,format_id) VALUES(151,2072,2);
INSERT INTO Song (song_name,artist_id,duration) VALUES ("New Damage - Live From The Artists Den",14,"00:06:42");
INSERT INTO AlbumSong (album_id,song_id,format_id) VALUES(151,2073,1);
INSERT INTO AlbumSong (album_id,song_id,format_id) VALUES(151,2073,2);
INSERT INTO Song (song_name,artist_id,duration) VALUES ("4th Of July - Live From The Artists Den",14,"00:08:45");
INSERT INTO AlbumSong (album_id,song_id,format_id) VALUES(151,2074,1);
INSERT INTO AlbumSong (album_id,song_id,format_id) VALUES(151,2074,2);
INSERT INTO Song (song_name,artist_id,duration) VALUES ("Outshined - Live From The Artists Den",14,"00:05:40");
INSERT INTO AlbumSong (album_id,song_id,format_id) VALUES(151,2075,1);
INSERT INTO AlbumSong (album_id,song_id,format_id) VALUES(151,2075,2);
INSERT INTO Song (song_name,artist_id,duration) VALUES ("Black Hole Sun - Live From The Artists Den",14,"00:05:50");
INSERT INTO AlbumSong (album_id,song_id,format_id) VALUES(151,2076,1);
INSERT INTO AlbumSong (album_id,song_id,format_id) VALUES(151,2076,2);
INSERT INTO Song (song_name,artist_id,duration) VALUES ("Ty Cobb - Live From The Artists Den",14,"00:03:08");
INSERT INTO AlbumSong (album_id,song_id,format_id) VALUES(151,2077,1);
INSERT INTO AlbumSong (album_id,song_id,format_id) VALUES(151,2077,2);
INSERT INTO Song (song_name,artist_id,duration) VALUES ("Slaves & Bulldozers - Live From The Artists Den",14,"00:10:37");
INSERT INTO AlbumSong (album_id,song_id,format_id) VALUES(151,2078,1);
INSERT INTO AlbumSong (album_id,song_id,format_id) VALUES(151,2078,2);
INSERT INTO Song (song_name,artist_id,duration) VALUES ("Feedbacchanal - Live From The Artists Den",14,"00:04:20");
INSERT INTO AlbumSong (album_id,song_id,format_id) VALUES(151,2079,1);
INSERT INTO AlbumSong (album_id,song_id,format_id) VALUES(151,2079,2);
INSERT INTO Album(album_id,album_name,artist_id,art_id,release_date) VALUES (151,"Live From The Artists Den",14,151,"2019-07-26");
INSERT INTO AlbumArt(path) VALUES ("/var/www/album_art/soundgarden_ultramega_ok_(expanded_reissue).jpg");
INSERT INTO Song (song_name,artist_id,duration) VALUES ("Flower",14,"00:03:26");
INSERT INTO AlbumSong (album_id,song_id,format_id) VALUES(152,2080,1);
INSERT INTO AlbumSong (album_id,song_id,format_id) VALUES(152,2080,2);
INSERT INTO Song (song_name,artist_id,duration) VALUES ("All Your Lies",14,"00:03:49");
INSERT INTO AlbumSong (album_id,song_id,format_id) VALUES(152,2081,1);
INSERT INTO AlbumSong (album_id,song_id,format_id) VALUES(152,2081,2);
INSERT INTO Song (song_name,artist_id,duration) VALUES ("665",14,"00:01:38");
INSERT INTO AlbumSong (album_id,song_id,format_id) VALUES(152,2082,1);
INSERT INTO AlbumSong (album_id,song_id,format_id) VALUES(152,2082,2);
INSERT INTO Song (song_name,artist_id,duration) VALUES ("Beyond the Wheel",14,"00:04:22");
INSERT INTO AlbumSong (album_id,song_id,format_id) VALUES(152,2083,1);
INSERT INTO AlbumSong (album_id,song_id,format_id) VALUES(152,2083,2);
INSERT INTO Song (song_name,artist_id,duration) VALUES ("667",14,"00:00:55");
INSERT INTO AlbumSong (album_id,song_id,format_id) VALUES(152,2084,1);
INSERT INTO AlbumSong (album_id,song_id,format_id) VALUES(152,2084,2);
INSERT INTO Song (song_name,artist_id,duration) VALUES ("Mood for Trouble",14,"00:04:20");
INSERT INTO AlbumSong (album_id,song_id,format_id) VALUES(152,2085,1);
INSERT INTO AlbumSong (album_id,song_id,format_id) VALUES(152,2085,2);
INSERT INTO Song (song_name,artist_id,duration) VALUES ("Circle of Power",14,"00:02:04");
INSERT INTO AlbumSong (album_id,song_id,format_id) VALUES(152,2086,1);
INSERT INTO AlbumSong (album_id,song_id,format_id) VALUES(152,2086,2);
INSERT INTO Song (song_name,artist_id,duration) VALUES ("He Didn't",14,"00:02:47");
INSERT INTO AlbumSong (album_id,song_id,format_id) VALUES(152,2087,1);
INSERT INTO AlbumSong (album_id,song_id,format_id) VALUES(152,2087,2);
INSERT INTO Song (song_name,artist_id,duration) VALUES ("Smokestack Lightning",14,"00:04:36");
INSERT INTO AlbumSong (album_id,song_id,format_id) VALUES(152,2088,1);
INSERT INTO AlbumSong (album_id,song_id,format_id) VALUES(152,2088,2);
INSERT INTO Song (song_name,artist_id,duration) VALUES ("Nazi Driver",14,"00:03:52");
INSERT INTO AlbumSong (album_id,song_id,format_id) VALUES(152,2089,1);
INSERT INTO AlbumSong (album_id,song_id,format_id) VALUES(152,2089,2);
INSERT INTO Song (song_name,artist_id,duration) VALUES ("Head Injury",14,"00:02:20");
INSERT INTO AlbumSong (album_id,song_id,format_id) VALUES(152,2090,1);
INSERT INTO AlbumSong (album_id,song_id,format_id) VALUES(152,2090,2);
INSERT INTO Song (song_name,artist_id,duration) VALUES ("Incessant Mace",14,"00:06:21");
INSERT INTO AlbumSong (album_id,song_id,format_id) VALUES(152,2091,1);
INSERT INTO AlbumSong (album_id,song_id,format_id) VALUES(152,2091,2);
INSERT INTO Song (song_name,artist_id,duration) VALUES ("One Minute of Silence",14,"00:01:02");
INSERT INTO AlbumSong (album_id,song_id,format_id) VALUES(152,2092,1);
INSERT INTO AlbumSong (album_id,song_id,format_id) VALUES(152,2092,2);
INSERT INTO Song (song_name,artist_id,duration) VALUES ("Head Injury - Early Version",14,"00:02:59");
INSERT INTO AlbumSong (album_id,song_id,format_id) VALUES(152,2093,1);
INSERT INTO AlbumSong (album_id,song_id,format_id) VALUES(152,2093,2);
INSERT INTO Song (song_name,artist_id,duration) VALUES ("Beyond the Wheel - Early Version",14,"00:04:55");
INSERT INTO AlbumSong (album_id,song_id,format_id) VALUES(152,2094,1);
INSERT INTO AlbumSong (album_id,song_id,format_id) VALUES(152,2094,2);
INSERT INTO Song (song_name,artist_id,duration) VALUES ("Incessant Mace (Short) - Early Version",14,"00:06:22");
INSERT INTO AlbumSong (album_id,song_id,format_id) VALUES(152,2095,1);
INSERT INTO AlbumSong (album_id,song_id,format_id) VALUES(152,2095,2);
INSERT INTO Song (song_name,artist_id,duration) VALUES ("He Didn't - Early Version",14,"00:02:54");
INSERT INTO AlbumSong (album_id,song_id,format_id) VALUES(152,2096,1);
INSERT INTO AlbumSong (album_id,song_id,format_id) VALUES(152,2096,2);
INSERT INTO Song (song_name,artist_id,duration) VALUES ("All Your Lies - Early Version",14,"00:03:44");
INSERT INTO AlbumSong (album_id,song_id,format_id) VALUES(152,2097,1);
INSERT INTO AlbumSong (album_id,song_id,format_id) VALUES(152,2097,2);
INSERT INTO Song (song_name,artist_id,duration) VALUES ("Incessant Mace (Long) - Early Version",14,"00:07:49");
INSERT INTO AlbumSong (album_id,song_id,format_id) VALUES(152,2098,1);
INSERT INTO AlbumSong (album_id,song_id,format_id) VALUES(152,2098,2);
INSERT INTO Album(album_id,album_name,artist_id,art_id,release_date) VALUES (152,"Ultramega OK (Expanded Reissue)",14,152,"2017-03-10");
INSERT INTO AlbumArt(path) VALUES ("/var/www/album_art/soundgarden_badmotorfinger.jpg");
INSERT INTO Song (song_name,artist_id,duration) VALUES ("Rusty Cage - Remastered",14,"00:04:26");
INSERT INTO AlbumSong (album_id,song_id,format_id) VALUES(153,2099,1);
INSERT INTO AlbumSong (album_id,song_id,format_id) VALUES(153,2099,2);
INSERT INTO Song (song_name,artist_id,duration) VALUES ("Outshined - Remastered",14,"00:05:11");
INSERT INTO AlbumSong (album_id,song_id,format_id) VALUES(153,2100,1);
INSERT INTO AlbumSong (album_id,song_id,format_id) VALUES(153,2100,2);
INSERT INTO Song (song_name,artist_id,duration) VALUES ("Slaves & Bulldozers - Remastered",14,"00:06:56");
INSERT INTO AlbumSong (album_id,song_id,format_id) VALUES(153,2101,1);
INSERT INTO AlbumSong (album_id,song_id,format_id) VALUES(153,2101,2);
INSERT INTO Song (song_name,artist_id,duration) VALUES ("Jesus Christ Pose - Remastered",14,"00:05:51");
INSERT INTO AlbumSong (album_id,song_id,format_id) VALUES(153,2102,1);
INSERT INTO AlbumSong (album_id,song_id,format_id) VALUES(153,2102,2);
INSERT INTO Song (song_name,artist_id,duration) VALUES ("Face Pollution - Remastered",14,"00:02:23");
INSERT INTO AlbumSong (album_id,song_id,format_id) VALUES(153,2103,1);
INSERT INTO AlbumSong (album_id,song_id,format_id) VALUES(153,2103,2);
INSERT INTO Song (song_name,artist_id,duration) VALUES ("Somewhere - Remastered",14,"00:04:21");
INSERT INTO AlbumSong (album_id,song_id,format_id) VALUES(153,2104,1);
INSERT INTO AlbumSong (album_id,song_id,format_id) VALUES(153,2104,2);
INSERT INTO Song (song_name,artist_id,duration) VALUES ("Searching With My Good Eye Closed - Remastered",14,"00:06:31");
INSERT INTO AlbumSong (album_id,song_id,format_id) VALUES(153,2105,1);
INSERT INTO AlbumSong (album_id,song_id,format_id) VALUES(153,2105,2);
INSERT INTO Song (song_name,artist_id,duration) VALUES ("Room A Thousand Years Wide - Remastered",14,"00:04:06");
INSERT INTO AlbumSong (album_id,song_id,format_id) VALUES(153,2106,1);
INSERT INTO AlbumSong (album_id,song_id,format_id) VALUES(153,2106,2);
INSERT INTO Song (song_name,artist_id,duration) VALUES ("Mind Riot - Remastered",14,"00:04:49");
INSERT INTO AlbumSong (album_id,song_id,format_id) VALUES(153,2107,1);
INSERT INTO AlbumSong (album_id,song_id,format_id) VALUES(153,2107,2);
INSERT INTO Song (song_name,artist_id,duration) VALUES ("Drawing Flies - Remastered",14,"00:02:26");
INSERT INTO AlbumSong (album_id,song_id,format_id) VALUES(153,2108,1);
INSERT INTO AlbumSong (album_id,song_id,format_id) VALUES(153,2108,2);
INSERT INTO Song (song_name,artist_id,duration) VALUES ("Holy Water - Remastered",14,"00:05:07");
INSERT INTO AlbumSong (album_id,song_id,format_id) VALUES(153,2109,1);
INSERT INTO AlbumSong (album_id,song_id,format_id) VALUES(153,2109,2);
INSERT INTO Song (song_name,artist_id,duration) VALUES ("New Damage - Remastered",14,"00:05:40");
INSERT INTO AlbumSong (album_id,song_id,format_id) VALUES(153,2110,1);
INSERT INTO AlbumSong (album_id,song_id,format_id) VALUES(153,2110,2);
INSERT INTO Song (song_name,artist_id,duration) VALUES ("Rusty Cage - Studio Outtake",14,"00:04:31");
INSERT INTO AlbumSong (album_id,song_id,format_id) VALUES(153,2111,1);
INSERT INTO AlbumSong (album_id,song_id,format_id) VALUES(153,2111,2);
INSERT INTO Song (song_name,artist_id,duration) VALUES ("Outshined - Studio Outtake",14,"00:05:13");
INSERT INTO AlbumSong (album_id,song_id,format_id) VALUES(153,2112,1);
INSERT INTO AlbumSong (album_id,song_id,format_id) VALUES(153,2112,2);
INSERT INTO Song (song_name,artist_id,duration) VALUES ("Slaves & Bulldozers - Studio Outtake",14,"00:07:06");
INSERT INTO AlbumSong (album_id,song_id,format_id) VALUES(153,2113,1);
INSERT INTO AlbumSong (album_id,song_id,format_id) VALUES(153,2113,2);
INSERT INTO Song (song_name,artist_id,duration) VALUES ("Jesus Christ Pose - Studio Outtake",14,"00:05:42");
INSERT INTO AlbumSong (album_id,song_id,format_id) VALUES(153,2114,1);
INSERT INTO AlbumSong (album_id,song_id,format_id) VALUES(153,2114,2);
INSERT INTO Song (song_name,artist_id,duration) VALUES ("Face Pollution - Studio Outtake",14,"00:02:26");
INSERT INTO AlbumSong (album_id,song_id,format_id) VALUES(153,2115,1);
INSERT INTO AlbumSong (album_id,song_id,format_id) VALUES(153,2115,2);
INSERT INTO Song (song_name,artist_id,duration) VALUES ("Somewhere - Studio Outtake",14,"00:04:22");
INSERT INTO AlbumSong (album_id,song_id,format_id) VALUES(153,2116,1);
INSERT INTO AlbumSong (album_id,song_id,format_id) VALUES(153,2116,2);
INSERT INTO Song (song_name,artist_id,duration) VALUES ("Searching With My Good Eye Closed - Studio Outtake",14,"00:07:01");
INSERT INTO AlbumSong (album_id,song_id,format_id) VALUES(153,2117,1);
INSERT INTO AlbumSong (album_id,song_id,format_id) VALUES(153,2117,2);
INSERT INTO Song (song_name,artist_id,duration) VALUES ("Room A Thousand Years Wide - Studio Outtake",14,"00:04:07");
INSERT INTO AlbumSong (album_id,song_id,format_id) VALUES(153,2118,1);
INSERT INTO AlbumSong (album_id,song_id,format_id) VALUES(153,2118,2);
INSERT INTO Song (song_name,artist_id,duration) VALUES ("Drawing Flies - Studio Outtake",14,"00:02:36");
INSERT INTO AlbumSong (album_id,song_id,format_id) VALUES(153,2119,1);
INSERT INTO AlbumSong (album_id,song_id,format_id) VALUES(153,2119,2);
INSERT INTO Song (song_name,artist_id,duration) VALUES ("Holy Water - Studio Outtake",14,"00:05:31");
INSERT INTO AlbumSong (album_id,song_id,format_id) VALUES(153,2120,1);
INSERT INTO AlbumSong (album_id,song_id,format_id) VALUES(153,2120,2);
INSERT INTO Song (song_name,artist_id,duration) VALUES ("Cold Bitch - Studio Outtake",14,"00:05:23");
INSERT INTO AlbumSong (album_id,song_id,format_id) VALUES(153,2121,1);
INSERT INTO AlbumSong (album_id,song_id,format_id) VALUES(153,2121,2);
INSERT INTO Song (song_name,artist_id,duration) VALUES ("She's A Politician - Studio Outtake",14,"00:01:53");
INSERT INTO AlbumSong (album_id,song_id,format_id) VALUES(153,2122,1);
INSERT INTO AlbumSong (album_id,song_id,format_id) VALUES(153,2122,2);
INSERT INTO Song (song_name,artist_id,duration) VALUES ("Black Rain (Black Days) - Studio Outtake",14,"00:04:58");
INSERT INTO AlbumSong (album_id,song_id,format_id) VALUES(153,2123,1);
INSERT INTO AlbumSong (album_id,song_id,format_id) VALUES(153,2123,2);
INSERT INTO Song (song_name,artist_id,duration) VALUES ("Birth Ritual - Studio Outtake",14,"00:05:30");
INSERT INTO AlbumSong (album_id,song_id,format_id) VALUES(153,2124,1);
INSERT INTO AlbumSong (album_id,song_id,format_id) VALUES(153,2124,2);
INSERT INTO Song (song_name,artist_id,duration) VALUES ("Blind Dogs - Studio Outtake",14,"00:07:20");
INSERT INTO AlbumSong (album_id,song_id,format_id) VALUES(153,2125,1);
INSERT INTO AlbumSong (album_id,song_id,format_id) VALUES(153,2125,2);
INSERT INTO Song (song_name,artist_id,duration) VALUES ("New Damage",14,"00:05:20");
INSERT INTO AlbumSong (album_id,song_id,format_id) VALUES(153,2126,1);
INSERT INTO AlbumSong (album_id,song_id,format_id) VALUES(153,2126,2);
INSERT INTO Song (song_name,artist_id,duration) VALUES ("Searching With My Good Eye Closed - Live At The Paramount Theatre, Seattle / 1992",14,"00:04:27");
INSERT INTO AlbumSong (album_id,song_id,format_id) VALUES(153,2127,1);
INSERT INTO AlbumSong (album_id,song_id,format_id) VALUES(153,2127,2);
INSERT INTO Song (song_name,artist_id,duration) VALUES ("Hands All Over - Live At The Paramount Theatre, Seattle / 1992",14,"00:06:06");
INSERT INTO AlbumSong (album_id,song_id,format_id) VALUES(153,2128,1);
INSERT INTO AlbumSong (album_id,song_id,format_id) VALUES(153,2128,2);
INSERT INTO Song (song_name,artist_id,duration) VALUES ("Drawing Flies - Live At The Paramount Theatre, Seattle / 1992",14,"00:02:30");
INSERT INTO AlbumSong (album_id,song_id,format_id) VALUES(153,2129,1);
INSERT INTO AlbumSong (album_id,song_id,format_id) VALUES(153,2129,2);
INSERT INTO Song (song_name,artist_id,duration) VALUES ("Room A Thousand Years Wide - Live At The Paramount Theatre, Seattle / 1992",14,"00:03:46");
INSERT INTO AlbumSong (album_id,song_id,format_id) VALUES(153,2130,1);
INSERT INTO AlbumSong (album_id,song_id,format_id) VALUES(153,2130,2);
INSERT INTO Song (song_name,artist_id,duration) VALUES ("Gun - Live At The Paramount Theatre, Seattle / 1992",14,"00:06:04");
INSERT INTO AlbumSong (album_id,song_id,format_id) VALUES(153,2131,1);
INSERT INTO AlbumSong (album_id,song_id,format_id) VALUES(153,2131,2);
INSERT INTO Song (song_name,artist_id,duration) VALUES ("Flower - Live At The Paramount Theatre, Seattle / 1992",14,"00:03:37");
INSERT INTO AlbumSong (album_id,song_id,format_id) VALUES(153,2132,1);
INSERT INTO AlbumSong (album_id,song_id,format_id) VALUES(153,2132,2);
INSERT INTO Song (song_name,artist_id,duration) VALUES ("Little Joe - Live At The Paramount Theatre, Seattle / 1992",14,"00:04:56");
INSERT INTO AlbumSong (album_id,song_id,format_id) VALUES(153,2133,1);
INSERT INTO AlbumSong (album_id,song_id,format_id) VALUES(153,2133,2);
INSERT INTO Song (song_name,artist_id,duration) VALUES ("Big Dumb Sex - Live At The Paramount Theatre, Seattle / 1992",14,"00:05:31");
INSERT INTO AlbumSong (album_id,song_id,format_id) VALUES(153,2134,1);
INSERT INTO AlbumSong (album_id,song_id,format_id) VALUES(153,2134,2);
INSERT INTO Song (song_name,artist_id,duration) VALUES ("Face Pollution - Live At The Paramount Theatre, Seattle / 1992",14,"00:02:41");
INSERT INTO AlbumSong (album_id,song_id,format_id) VALUES(153,2135,1);
INSERT INTO AlbumSong (album_id,song_id,format_id) VALUES(153,2135,2);
INSERT INTO Song (song_name,artist_id,duration) VALUES ("Incessant Mace - Live At The Paramount Theatre, Seattle / 1992",14,"00:08:51");
INSERT INTO AlbumSong (album_id,song_id,format_id) VALUES(153,2136,1);
INSERT INTO AlbumSong (album_id,song_id,format_id) VALUES(153,2136,2);
INSERT INTO Song (song_name,artist_id,duration) VALUES ("Rusty Cage - Live At The Paramount Theatre, Seattle / 1992",14,"00:06:03");
INSERT INTO AlbumSong (album_id,song_id,format_id) VALUES(153,2137,1);
INSERT INTO AlbumSong (album_id,song_id,format_id) VALUES(153,2137,2);
INSERT INTO Song (song_name,artist_id,duration) VALUES ("Outshined - Live At The Paramount Theatre, Seattle/1992",14,"00:05:45");
INSERT INTO AlbumSong (album_id,song_id,format_id) VALUES(153,2138,1);
INSERT INTO AlbumSong (album_id,song_id,format_id) VALUES(153,2138,2);
INSERT INTO Song (song_name,artist_id,duration) VALUES ("Mind Riot - Live At The Paramount Theatre, Seattle/1992",14,"00:03:55");
INSERT INTO AlbumSong (album_id,song_id,format_id) VALUES(153,2139,1);
INSERT INTO AlbumSong (album_id,song_id,format_id) VALUES(153,2139,2);
INSERT INTO Song (song_name,artist_id,duration) VALUES ("Beyond The Wheel - Live At The Paramount Theatre, Seattle/1992",14,"00:07:13");
INSERT INTO AlbumSong (album_id,song_id,format_id) VALUES(153,2140,1);
INSERT INTO AlbumSong (album_id,song_id,format_id) VALUES(153,2140,2);
INSERT INTO Song (song_name,artist_id,duration) VALUES ("Into The Void (Sealth) - Live At The Paramount Theatre, Seattle/1992",14,"00:07:30");
INSERT INTO AlbumSong (album_id,song_id,format_id) VALUES(153,2141,1);
INSERT INTO AlbumSong (album_id,song_id,format_id) VALUES(153,2141,2);
INSERT INTO Song (song_name,artist_id,duration) VALUES ("Jesus Christ Pose - Live At The Paramount Theatre, Seattle/1992",14,"00:06:27");
INSERT INTO AlbumSong (album_id,song_id,format_id) VALUES(153,2142,1);
INSERT INTO AlbumSong (album_id,song_id,format_id) VALUES(153,2142,2);
INSERT INTO Song (song_name,artist_id,duration) VALUES ("Hunted Down - Live At The Paramount Theatre, Seattle/1992",14,"00:03:08");
INSERT INTO AlbumSong (album_id,song_id,format_id) VALUES(153,2143,1);
INSERT INTO AlbumSong (album_id,song_id,format_id) VALUES(153,2143,2);
INSERT INTO Song (song_name,artist_id,duration) VALUES ("Somewhere - Live At The Paramount Theatre, Seattle/1992",14,"00:04:23");
INSERT INTO AlbumSong (album_id,song_id,format_id) VALUES(153,2144,1);
INSERT INTO AlbumSong (album_id,song_id,format_id) VALUES(153,2144,2);
INSERT INTO Song (song_name,artist_id,duration) VALUES ("Slaves & Bulldozers - Live At The Paramount Theatre, Seattle/1992",14,"00:15:51");
INSERT INTO AlbumSong (album_id,song_id,format_id) VALUES(153,2145,1);
INSERT INTO AlbumSong (album_id,song_id,format_id) VALUES(153,2145,2);
INSERT INTO Album(album_id,album_name,artist_id,art_id,release_date) VALUES (153,"Badmotorfinger",14,153,"2016-11-18");
INSERT INTO AlbumArt(path) VALUES ("/var/www/album_art/soundgarden_screaming_life_fopp.jpg");
INSERT INTO Song (song_name,artist_id,duration) VALUES ("Hunted Down - Remastered",14,"00:02:42");
INSERT INTO AlbumSong (album_id,song_id,format_id) VALUES(154,2146,1);
INSERT INTO AlbumSong (album_id,song_id,format_id) VALUES(154,2146,2);
INSERT INTO Song (song_name,artist_id,duration) VALUES ("Entering - Remastered",14,"00:04:33");
INSERT INTO AlbumSong (album_id,song_id,format_id) VALUES(154,2147,1);
INSERT INTO AlbumSong (album_id,song_id,format_id) VALUES(154,2147,2);
INSERT INTO Song (song_name,artist_id,duration) VALUES ("Tears to Forget - Remastered",14,"00:02:01");
INSERT INTO AlbumSong (album_id,song_id,format_id) VALUES(154,2148,1);
INSERT INTO AlbumSong (album_id,song_id,format_id) VALUES(154,2148,2);
INSERT INTO Song (song_name,artist_id,duration) VALUES ("Nothing to Say - Remastered",14,"00:03:57");
INSERT INTO AlbumSong (album_id,song_id,format_id) VALUES(154,2149,1);
INSERT INTO AlbumSong (album_id,song_id,format_id) VALUES(154,2149,2);
INSERT INTO Song (song_name,artist_id,duration) VALUES ("Little Joe - Remastered",14,"00:04:29");
INSERT INTO AlbumSong (album_id,song_id,format_id) VALUES(154,2150,1);
INSERT INTO AlbumSong (album_id,song_id,format_id) VALUES(154,2150,2);
INSERT INTO Song (song_name,artist_id,duration) VALUES ("Hand of God - Remastered",14,"00:04:26");
INSERT INTO AlbumSong (album_id,song_id,format_id) VALUES(154,2151,1);
INSERT INTO AlbumSong (album_id,song_id,format_id) VALUES(154,2151,2);
INSERT INTO Song (song_name,artist_id,duration) VALUES ("Sub Pop Rock City - Remastered",14,"00:03:15");
INSERT INTO AlbumSong (album_id,song_id,format_id) VALUES(154,2152,1);
INSERT INTO AlbumSong (album_id,song_id,format_id) VALUES(154,2152,2);
INSERT INTO Song (song_name,artist_id,duration) VALUES ("Fopp - Remastered",14,"00:03:37");
INSERT INTO AlbumSong (album_id,song_id,format_id) VALUES(154,2153,1);
INSERT INTO AlbumSong (album_id,song_id,format_id) VALUES(154,2153,2);
INSERT INTO Song (song_name,artist_id,duration) VALUES ("Fopp (Fucked Up Heavy Dub Mix) - Remastered",14,"00:06:28");
INSERT INTO AlbumSong (album_id,song_id,format_id) VALUES(154,2154,1);
INSERT INTO AlbumSong (album_id,song_id,format_id) VALUES(154,2154,2);
INSERT INTO Song (song_name,artist_id,duration) VALUES ("Kingdom of Come - Remastered",14,"00:02:36");
INSERT INTO AlbumSong (album_id,song_id,format_id) VALUES(154,2155,1);
INSERT INTO AlbumSong (album_id,song_id,format_id) VALUES(154,2155,2);
INSERT INTO Song (song_name,artist_id,duration) VALUES ("Swallow My Pride - Remastered",14,"00:02:20");
INSERT INTO AlbumSong (album_id,song_id,format_id) VALUES(154,2156,1);
INSERT INTO AlbumSong (album_id,song_id,format_id) VALUES(154,2156,2);
INSERT INTO Album(album_id,album_name,artist_id,art_id,release_date) VALUES (154,"Screaming Life/Fopp",14,154,"2013-11-25");
INSERT INTO AlbumArt(path) VALUES ("/var/www/album_art/soundgarden_king_animal_(deluxe_version).jpg");
INSERT INTO Song (song_name,artist_id,duration) VALUES ("Been Away Too Long",14,"00:03:36");
INSERT INTO AlbumSong (album_id,song_id,format_id) VALUES(155,2157,1);
INSERT INTO AlbumSong (album_id,song_id,format_id) VALUES(155,2157,2);
INSERT INTO Song (song_name,artist_id,duration) VALUES ("Non-State Actor",14,"00:03:57");
INSERT INTO AlbumSong (album_id,song_id,format_id) VALUES(155,2158,1);
INSERT INTO AlbumSong (album_id,song_id,format_id) VALUES(155,2158,2);
INSERT INTO Song (song_name,artist_id,duration) VALUES ("By Crooked Steps",14,"00:04:00");
INSERT INTO AlbumSong (album_id,song_id,format_id) VALUES(155,2159,1);
INSERT INTO AlbumSong (album_id,song_id,format_id) VALUES(155,2159,2);
INSERT INTO Song (song_name,artist_id,duration) VALUES ("A Thousand Days Before",14,"00:04:23");
INSERT INTO AlbumSong (album_id,song_id,format_id) VALUES(155,2160,1);
INSERT INTO AlbumSong (album_id,song_id,format_id) VALUES(155,2160,2);
INSERT INTO Song (song_name,artist_id,duration) VALUES ("Blood On The Valley Floor",14,"00:03:48");
INSERT INTO AlbumSong (album_id,song_id,format_id) VALUES(155,2161,1);
INSERT INTO AlbumSong (album_id,song_id,format_id) VALUES(155,2161,2);
INSERT INTO Song (song_name,artist_id,duration) VALUES ("Bones Of Birds",14,"00:04:22");
INSERT INTO AlbumSong (album_id,song_id,format_id) VALUES(155,2162,1);
INSERT INTO AlbumSong (album_id,song_id,format_id) VALUES(155,2162,2);
INSERT INTO Song (song_name,artist_id,duration) VALUES ("Taree",14,"00:03:38");
INSERT INTO AlbumSong (album_id,song_id,format_id) VALUES(155,2163,1);
INSERT INTO AlbumSong (album_id,song_id,format_id) VALUES(155,2163,2);
INSERT INTO Song (song_name,artist_id,duration) VALUES ("Attrition",14,"00:02:52");
INSERT INTO AlbumSong (album_id,song_id,format_id) VALUES(155,2164,1);
INSERT INTO AlbumSong (album_id,song_id,format_id) VALUES(155,2164,2);
INSERT INTO Song (song_name,artist_id,duration) VALUES ("Black Saturday",14,"00:03:29");
INSERT INTO AlbumSong (album_id,song_id,format_id) VALUES(155,2165,1);
INSERT INTO AlbumSong (album_id,song_id,format_id) VALUES(155,2165,2);
INSERT INTO Song (song_name,artist_id,duration) VALUES ("Halfway There",14,"00:03:16");
INSERT INTO AlbumSong (album_id,song_id,format_id) VALUES(155,2166,1);
INSERT INTO AlbumSong (album_id,song_id,format_id) VALUES(155,2166,2);
INSERT INTO Song (song_name,artist_id,duration) VALUES ("Worse Dreams",14,"00:04:53");
INSERT INTO AlbumSong (album_id,song_id,format_id) VALUES(155,2167,1);
INSERT INTO AlbumSong (album_id,song_id,format_id) VALUES(155,2167,2);
INSERT INTO Song (song_name,artist_id,duration) VALUES ("Eyelid's Mouth",14,"00:04:39");
INSERT INTO AlbumSong (album_id,song_id,format_id) VALUES(155,2168,1);
INSERT INTO AlbumSong (album_id,song_id,format_id) VALUES(155,2168,2);
INSERT INTO Song (song_name,artist_id,duration) VALUES ("Rowing",14,"00:05:06");
INSERT INTO AlbumSong (album_id,song_id,format_id) VALUES(155,2169,1);
INSERT INTO AlbumSong (album_id,song_id,format_id) VALUES(155,2169,2);
INSERT INTO Song (song_name,artist_id,duration) VALUES ("Worse Dreams - Demo",14,"00:03:20");
INSERT INTO AlbumSong (album_id,song_id,format_id) VALUES(155,2170,1);
INSERT INTO AlbumSong (album_id,song_id,format_id) VALUES(155,2170,2);
INSERT INTO Song (song_name,artist_id,duration) VALUES ("Black Saturday - Demo",14,"00:03:16");
INSERT INTO AlbumSong (album_id,song_id,format_id) VALUES(155,2171,1);
INSERT INTO AlbumSong (album_id,song_id,format_id) VALUES(155,2171,2);
INSERT INTO Song (song_name,artist_id,duration) VALUES ("By Crooked Steps - Demo",14,"00:04:22");
INSERT INTO AlbumSong (album_id,song_id,format_id) VALUES(155,2172,1);
INSERT INTO AlbumSong (album_id,song_id,format_id) VALUES(155,2172,2);
INSERT INTO Album(album_id,album_name,artist_id,art_id,release_date) VALUES (155,"King Animal (Deluxe Version)",14,155,"2012-11-13");
INSERT INTO AlbumArt(path) VALUES ("/var/www/album_art/soundgarden_king_animal.jpg");
INSERT INTO AlbumSong (album_id,song_id,format_id) VALUES(156,2157,1);
INSERT INTO AlbumSong (album_id,song_id,format_id) VALUES(156,2157,2);
INSERT INTO AlbumSong (album_id,song_id,format_id) VALUES(156,2158,1);
INSERT INTO AlbumSong (album_id,song_id,format_id) VALUES(156,2158,2);
INSERT INTO AlbumSong (album_id,song_id,format_id) VALUES(156,2159,1);
INSERT INTO AlbumSong (album_id,song_id,format_id) VALUES(156,2159,2);
INSERT INTO AlbumSong (album_id,song_id,format_id) VALUES(156,2160,1);
INSERT INTO AlbumSong (album_id,song_id,format_id) VALUES(156,2160,2);
INSERT INTO AlbumSong (album_id,song_id,format_id) VALUES(156,2161,1);
INSERT INTO AlbumSong (album_id,song_id,format_id) VALUES(156,2161,2);
INSERT INTO AlbumSong (album_id,song_id,format_id) VALUES(156,2162,1);
INSERT INTO AlbumSong (album_id,song_id,format_id) VALUES(156,2162,2);
INSERT INTO AlbumSong (album_id,song_id,format_id) VALUES(156,2163,1);
INSERT INTO AlbumSong (album_id,song_id,format_id) VALUES(156,2163,2);
INSERT INTO AlbumSong (album_id,song_id,format_id) VALUES(156,2164,1);
INSERT INTO AlbumSong (album_id,song_id,format_id) VALUES(156,2164,2);
INSERT INTO AlbumSong (album_id,song_id,format_id) VALUES(156,2165,1);
INSERT INTO AlbumSong (album_id,song_id,format_id) VALUES(156,2165,2);
INSERT INTO AlbumSong (album_id,song_id,format_id) VALUES(156,2166,1);
INSERT INTO AlbumSong (album_id,song_id,format_id) VALUES(156,2166,2);
INSERT INTO AlbumSong (album_id,song_id,format_id) VALUES(156,2167,1);
INSERT INTO AlbumSong (album_id,song_id,format_id) VALUES(156,2167,2);
INSERT INTO AlbumSong (album_id,song_id,format_id) VALUES(156,2168,1);
INSERT INTO AlbumSong (album_id,song_id,format_id) VALUES(156,2168,2);
INSERT INTO AlbumSong (album_id,song_id,format_id) VALUES(156,2169,1);
INSERT INTO AlbumSong (album_id,song_id,format_id) VALUES(156,2169,2);
INSERT INTO Album(album_id,album_name,artist_id,art_id,release_date) VALUES (156,"King Animal",14,156,"2012-11-13");
INSERT INTO AlbumArt(path) VALUES ("/var/www/album_art/soundgarden_commentary.jpg");
INSERT INTO Song (song_name,artist_id,duration) VALUES ("Been Away Too Long - Commentary",14,"00:01:00");
INSERT INTO AlbumSong (album_id,song_id,format_id) VALUES(157,2173,1);
INSERT INTO AlbumSong (album_id,song_id,format_id) VALUES(157,2173,2);
INSERT INTO Song (song_name,artist_id,duration) VALUES ("Non-State Actor - Commentary",14,"00:00:41");
INSERT INTO AlbumSong (album_id,song_id,format_id) VALUES(157,2174,1);
INSERT INTO AlbumSong (album_id,song_id,format_id) VALUES(157,2174,2);
INSERT INTO Song (song_name,artist_id,duration) VALUES ("By Crooked Steps - Commentary",14,"00:00:51");
INSERT INTO AlbumSong (album_id,song_id,format_id) VALUES(157,2175,1);
INSERT INTO AlbumSong (album_id,song_id,format_id) VALUES(157,2175,2);
INSERT INTO Song (song_name,artist_id,duration) VALUES ("A Thousand Days Before - Commentary",14,"00:00:49");
INSERT INTO AlbumSong (album_id,song_id,format_id) VALUES(157,2176,1);
INSERT INTO AlbumSong (album_id,song_id,format_id) VALUES(157,2176,2);
INSERT INTO Song (song_name,artist_id,duration) VALUES ("Blood On The Valley Floor - Commentary",14,"00:00:50");
INSERT INTO AlbumSong (album_id,song_id,format_id) VALUES(157,2177,1);
INSERT INTO AlbumSong (album_id,song_id,format_id) VALUES(157,2177,2);
INSERT INTO Song (song_name,artist_id,duration) VALUES ("Bones Of Birds - Commentary",14,"00:00:49");
INSERT INTO AlbumSong (album_id,song_id,format_id) VALUES(157,2178,1);
INSERT INTO AlbumSong (album_id,song_id,format_id) VALUES(157,2178,2);
INSERT INTO Song (song_name,artist_id,duration) VALUES ("Taree - Commentary",14,"00:00:40");
INSERT INTO AlbumSong (album_id,song_id,format_id) VALUES(157,2179,1);
INSERT INTO AlbumSong (album_id,song_id,format_id) VALUES(157,2179,2);
INSERT INTO Song (song_name,artist_id,duration) VALUES ("Attrition - Commentary",14,"00:00:37");
INSERT INTO AlbumSong (album_id,song_id,format_id) VALUES(157,2180,1);
INSERT INTO AlbumSong (album_id,song_id,format_id) VALUES(157,2180,2);
INSERT INTO Song (song_name,artist_id,duration) VALUES ("Black Saturday - Commentary",14,"00:00:38");
INSERT INTO AlbumSong (album_id,song_id,format_id) VALUES(157,2181,1);
INSERT INTO AlbumSong (album_id,song_id,format_id) VALUES(157,2181,2);
INSERT INTO Song (song_name,artist_id,duration) VALUES ("Halfway There - Commentary",14,"00:00:44");
INSERT INTO AlbumSong (album_id,song_id,format_id) VALUES(157,2182,1);
INSERT INTO AlbumSong (album_id,song_id,format_id) VALUES(157,2182,2);
INSERT INTO Song (song_name,artist_id,duration) VALUES ("Worse Dreams - Commentary",14,"00:00:33");
INSERT INTO AlbumSong (album_id,song_id,format_id) VALUES(157,2183,1);
INSERT INTO AlbumSong (album_id,song_id,format_id) VALUES(157,2183,2);
INSERT INTO Song (song_name,artist_id,duration) VALUES ("Eyelid's Mouth - Commentary",14,"00:00:45");
INSERT INTO AlbumSong (album_id,song_id,format_id) VALUES(157,2184,1);
INSERT INTO AlbumSong (album_id,song_id,format_id) VALUES(157,2184,2);
INSERT INTO Song (song_name,artist_id,duration) VALUES ("Rowing - Commentary",14,"00:00:27");
INSERT INTO AlbumSong (album_id,song_id,format_id) VALUES(157,2185,1);
INSERT INTO AlbumSong (album_id,song_id,format_id) VALUES(157,2185,2);
INSERT INTO Album(album_id,album_name,artist_id,art_id,release_date) VALUES (157,"Commentary",14,157,"2012-11-12");
INSERT INTO AlbumArt(path) VALUES ("/var/www/album_art/soundgarden_live_on_i-5.jpg");
INSERT INTO Song (song_name,artist_id,duration) VALUES ("Spoonman - Live At Crosby Hall, Del Mar/1996",14,"00:04:23");
INSERT INTO AlbumSong (album_id,song_id,format_id) VALUES(158,2186,1);
INSERT INTO AlbumSong (album_id,song_id,format_id) VALUES(158,2186,2);
INSERT INTO Song (song_name,artist_id,duration) VALUES ("Searching With My Good Eye Closed - Live At Crosby Hall, Del Mar/1996",14,"00:04:12");
INSERT INTO AlbumSong (album_id,song_id,format_id) VALUES(158,2187,1);
INSERT INTO AlbumSong (album_id,song_id,format_id) VALUES(158,2187,2);
INSERT INTO Song (song_name,artist_id,duration) VALUES ("Let Me Drown - Live At Crosby Hall, Del Mar/1996",14,"00:04:10");
INSERT INTO AlbumSong (album_id,song_id,format_id) VALUES(158,2188,1);
INSERT INTO AlbumSong (album_id,song_id,format_id) VALUES(158,2188,2);
INSERT INTO Song (song_name,artist_id,duration) VALUES ("Head Down - Live At Mercer Arena, Seattle/1996",14,"00:06:25");
INSERT INTO AlbumSong (album_id,song_id,format_id) VALUES(158,2189,1);
INSERT INTO AlbumSong (album_id,song_id,format_id) VALUES(158,2189,2);
INSERT INTO Song (song_name,artist_id,duration) VALUES ("Outshined - Live At Crosby Hall, Del Mar/1996",14,"00:05:12");
INSERT INTO AlbumSong (album_id,song_id,format_id) VALUES(158,2190,1);
INSERT INTO AlbumSong (album_id,song_id,format_id) VALUES(158,2190,2);
INSERT INTO Song (song_name,artist_id,duration) VALUES ("Rusty Cage - Live At PNE Forum, Vancouver/1996",14,"00:04:38");
INSERT INTO AlbumSong (album_id,song_id,format_id) VALUES(158,2191,1);
INSERT INTO AlbumSong (album_id,song_id,format_id) VALUES(158,2191,2);
INSERT INTO Song (song_name,artist_id,duration) VALUES ("Burden In My Hand - Live At Salem Armory/1996",14,"00:05:02");
INSERT INTO AlbumSong (album_id,song_id,format_id) VALUES(158,2192,1);
INSERT INTO AlbumSong (album_id,song_id,format_id) VALUES(158,2192,2);
INSERT INTO Song (song_name,artist_id,duration) VALUES ("Helter Skelter - Live At Crosby Hall, Del Mar/1996",14,"00:02:09");
INSERT INTO AlbumSong (album_id,song_id,format_id) VALUES(158,2193,1);
INSERT INTO AlbumSong (album_id,song_id,format_id) VALUES(158,2193,2);
INSERT INTO Song (song_name,artist_id,duration) VALUES ("Boot Camp - Live At Crosby Hall, Del Mar/1996",14,"00:03:16");
INSERT INTO AlbumSong (album_id,song_id,format_id) VALUES(158,2194,1);
INSERT INTO AlbumSong (album_id,song_id,format_id) VALUES(158,2194,2);
INSERT INTO Song (song_name,artist_id,duration) VALUES ("Nothing To Say - Live At Mercer Arena, Seattle/1996",14,"00:04:24");
INSERT INTO AlbumSong (album_id,song_id,format_id) VALUES(158,2195,1);
INSERT INTO AlbumSong (album_id,song_id,format_id) VALUES(158,2195,2);
INSERT INTO Song (song_name,artist_id,duration) VALUES ("Slaves & Bulldozers - Live At Kaiser Convention Center, Oakland/1996",14,"00:09:15");
INSERT INTO AlbumSong (album_id,song_id,format_id) VALUES(158,2196,1);
INSERT INTO AlbumSong (album_id,song_id,format_id) VALUES(158,2196,2);
INSERT INTO Song (song_name,artist_id,duration) VALUES ("Dusty - Live At Kaiser Convention Center, Oakland/1996",14,"00:04:32");
INSERT INTO AlbumSong (album_id,song_id,format_id) VALUES(158,2197,1);
INSERT INTO AlbumSong (album_id,song_id,format_id) VALUES(158,2197,2);
INSERT INTO Song (song_name,artist_id,duration) VALUES ("Fell On Black Days - Live At Kaiser Convention Center, Oakland/1996",14,"00:04:54");
INSERT INTO AlbumSong (album_id,song_id,format_id) VALUES(158,2198,1);
INSERT INTO AlbumSong (album_id,song_id,format_id) VALUES(158,2198,2);
INSERT INTO Song (song_name,artist_id,duration) VALUES ("Search And Destroy - Live At Mercer Arena, Seattle/1996",14,"00:03:09");
INSERT INTO AlbumSong (album_id,song_id,format_id) VALUES(158,2199,1);
INSERT INTO AlbumSong (album_id,song_id,format_id) VALUES(158,2199,2);
INSERT INTO Song (song_name,artist_id,duration) VALUES ("Ty Cobb - Live At Crosby Hall, Del Mar/1996",14,"00:02:42");
INSERT INTO AlbumSong (album_id,song_id,format_id) VALUES(158,2200,1);
INSERT INTO AlbumSong (album_id,song_id,format_id) VALUES(158,2200,2);
INSERT INTO Song (song_name,artist_id,duration) VALUES ("Black Hole Sun - Live At Mercer Arena, Seattle/1996",14,"00:03:00");
INSERT INTO AlbumSong (album_id,song_id,format_id) VALUES(158,2201,1);
INSERT INTO AlbumSong (album_id,song_id,format_id) VALUES(158,2201,2);
INSERT INTO Song (song_name,artist_id,duration) VALUES ("Jesus Christ Pose - Live At Kaiser Convention Center, Oakland/1996",14,"00:06:23");
INSERT INTO AlbumSong (album_id,song_id,format_id) VALUES(158,2202,1);
INSERT INTO AlbumSong (album_id,song_id,format_id) VALUES(158,2202,2);
INSERT INTO Album(album_id,album_name,artist_id,art_id,release_date) VALUES (158,"Live On I-5",14,158,"2011-01-01");
INSERT INTO AlbumArt(path) VALUES ("/var/www/album_art/soundgarden_down_on_the_upside.jpg");
INSERT INTO Song (song_name,artist_id,duration) VALUES ("Pretty Noose",14,"00:04:11");
INSERT INTO AlbumSong (album_id,song_id,format_id) VALUES(159,2203,1);
INSERT INTO AlbumSong (album_id,song_id,format_id) VALUES(159,2203,2);
INSERT INTO Song (song_name,artist_id,duration) VALUES ("Rhinosaur",14,"00:03:14");
INSERT INTO AlbumSong (album_id,song_id,format_id) VALUES(159,2204,1);
INSERT INTO AlbumSong (album_id,song_id,format_id) VALUES(159,2204,2);
INSERT INTO Song (song_name,artist_id,duration) VALUES ("Zero Chance",14,"00:04:18");
INSERT INTO AlbumSong (album_id,song_id,format_id) VALUES(159,2205,1);
INSERT INTO AlbumSong (album_id,song_id,format_id) VALUES(159,2205,2);
INSERT INTO Song (song_name,artist_id,duration) VALUES ("Dusty",14,"00:04:34");
INSERT INTO AlbumSong (album_id,song_id,format_id) VALUES(159,2206,1);
INSERT INTO AlbumSong (album_id,song_id,format_id) VALUES(159,2206,2);
INSERT INTO Song (song_name,artist_id,duration) VALUES ("Ty Cobb",14,"00:03:05");
INSERT INTO AlbumSong (album_id,song_id,format_id) VALUES(159,2207,1);
INSERT INTO AlbumSong (album_id,song_id,format_id) VALUES(159,2207,2);
INSERT INTO Song (song_name,artist_id,duration) VALUES ("Blow Up The Outside World",14,"00:05:45");
INSERT INTO AlbumSong (album_id,song_id,format_id) VALUES(159,2208,1);
INSERT INTO AlbumSong (album_id,song_id,format_id) VALUES(159,2208,2);
INSERT INTO Song (song_name,artist_id,duration) VALUES ("Burden In My Hand",14,"00:04:50");
INSERT INTO AlbumSong (album_id,song_id,format_id) VALUES(159,2209,1);
INSERT INTO AlbumSong (album_id,song_id,format_id) VALUES(159,2209,2);
INSERT INTO Song (song_name,artist_id,duration) VALUES ("Never Named",14,"00:02:27");
INSERT INTO AlbumSong (album_id,song_id,format_id) VALUES(159,2210,1);
INSERT INTO AlbumSong (album_id,song_id,format_id) VALUES(159,2210,2);
INSERT INTO Song (song_name,artist_id,duration) VALUES ("Applebite",14,"00:05:09");
INSERT INTO AlbumSong (album_id,song_id,format_id) VALUES(159,2211,1);
INSERT INTO AlbumSong (album_id,song_id,format_id) VALUES(159,2211,2);
INSERT INTO Song (song_name,artist_id,duration) VALUES ("Never The Machine Forever",14,"00:03:36");
INSERT INTO AlbumSong (album_id,song_id,format_id) VALUES(159,2212,1);
INSERT INTO AlbumSong (album_id,song_id,format_id) VALUES(159,2212,2);
INSERT INTO Song (song_name,artist_id,duration) VALUES ("Tighter & Tighter",14,"00:06:06");
INSERT INTO AlbumSong (album_id,song_id,format_id) VALUES(159,2213,1);
INSERT INTO AlbumSong (album_id,song_id,format_id) VALUES(159,2213,2);
INSERT INTO Song (song_name,artist_id,duration) VALUES ("No Attention",14,"00:04:26");
INSERT INTO AlbumSong (album_id,song_id,format_id) VALUES(159,2214,1);
INSERT INTO AlbumSong (album_id,song_id,format_id) VALUES(159,2214,2);
INSERT INTO Song (song_name,artist_id,duration) VALUES ("Switch Opens",14,"00:03:52");
INSERT INTO AlbumSong (album_id,song_id,format_id) VALUES(159,2215,1);
INSERT INTO AlbumSong (album_id,song_id,format_id) VALUES(159,2215,2);
INSERT INTO Song (song_name,artist_id,duration) VALUES ("Overfloater",14,"00:05:08");
INSERT INTO AlbumSong (album_id,song_id,format_id) VALUES(159,2216,1);
INSERT INTO AlbumSong (album_id,song_id,format_id) VALUES(159,2216,2);
INSERT INTO Song (song_name,artist_id,duration) VALUES ("An Unkind",14,"00:02:08");
INSERT INTO AlbumSong (album_id,song_id,format_id) VALUES(159,2217,1);
INSERT INTO AlbumSong (album_id,song_id,format_id) VALUES(159,2217,2);
INSERT INTO Song (song_name,artist_id,duration) VALUES ("Boot Camp",14,"00:02:59");
INSERT INTO AlbumSong (album_id,song_id,format_id) VALUES(159,2218,1);
INSERT INTO AlbumSong (album_id,song_id,format_id) VALUES(159,2218,2);
INSERT INTO Album(album_id,album_name,artist_id,art_id,release_date) VALUES (159,"Down On The Upside",14,159,"1996-05-21");
INSERT INTO AlbumArt(path) VALUES ("/var/www/album_art/soundgarden_superunknown_(deluxe_edition).jpg");
INSERT INTO Song (song_name,artist_id,duration) VALUES ("Let Me Drown",14,"00:03:52");
INSERT INTO AlbumSong (album_id,song_id,format_id) VALUES(160,2219,1);
INSERT INTO AlbumSong (album_id,song_id,format_id) VALUES(160,2219,2);
INSERT INTO Song (song_name,artist_id,duration) VALUES ("My Wave",14,"00:05:12");
INSERT INTO AlbumSong (album_id,song_id,format_id) VALUES(160,2220,1);
INSERT INTO AlbumSong (album_id,song_id,format_id) VALUES(160,2220,2);
INSERT INTO Song (song_name,artist_id,duration) VALUES ("Fell On Black Days",14,"00:04:43");
INSERT INTO AlbumSong (album_id,song_id,format_id) VALUES(160,2221,1);
INSERT INTO AlbumSong (album_id,song_id,format_id) VALUES(160,2221,2);
INSERT INTO Song (song_name,artist_id,duration) VALUES ("Mailman",14,"00:04:26");
INSERT INTO AlbumSong (album_id,song_id,format_id) VALUES(160,2222,1);
INSERT INTO AlbumSong (album_id,song_id,format_id) VALUES(160,2222,2);
INSERT INTO Song (song_name,artist_id,duration) VALUES ("Superunknown",14,"00:05:06");
INSERT INTO AlbumSong (album_id,song_id,format_id) VALUES(160,2223,1);
INSERT INTO AlbumSong (album_id,song_id,format_id) VALUES(160,2223,2);
INSERT INTO Song (song_name,artist_id,duration) VALUES ("Head Down",14,"00:06:09");
INSERT INTO AlbumSong (album_id,song_id,format_id) VALUES(160,2224,1);
INSERT INTO AlbumSong (album_id,song_id,format_id) VALUES(160,2224,2);
INSERT INTO Song (song_name,artist_id,duration) VALUES ("Black Hole Sun",14,"00:05:18");
INSERT INTO AlbumSong (album_id,song_id,format_id) VALUES(160,2225,1);
INSERT INTO AlbumSong (album_id,song_id,format_id) VALUES(160,2225,2);
INSERT INTO Song (song_name,artist_id,duration) VALUES ("Spoonman",14,"00:04:06");
INSERT INTO AlbumSong (album_id,song_id,format_id) VALUES(160,2226,1);
INSERT INTO AlbumSong (album_id,song_id,format_id) VALUES(160,2226,2);
INSERT INTO Song (song_name,artist_id,duration) VALUES ("Limo Wreck",14,"00:05:47");
INSERT INTO AlbumSong (album_id,song_id,format_id) VALUES(160,2227,1);
INSERT INTO AlbumSong (album_id,song_id,format_id) VALUES(160,2227,2);
INSERT INTO Song (song_name,artist_id,duration) VALUES ("The Day I Tried To Live",14,"00:05:20");
INSERT INTO AlbumSong (album_id,song_id,format_id) VALUES(160,2228,1);
INSERT INTO AlbumSong (album_id,song_id,format_id) VALUES(160,2228,2);
INSERT INTO Song (song_name,artist_id,duration) VALUES ("Kickstand",14,"00:01:34");
INSERT INTO AlbumSong (album_id,song_id,format_id) VALUES(160,2229,1);
INSERT INTO AlbumSong (album_id,song_id,format_id) VALUES(160,2229,2);
INSERT INTO Song (song_name,artist_id,duration) VALUES ("Fresh Tendrils",14,"00:04:16");
INSERT INTO AlbumSong (album_id,song_id,format_id) VALUES(160,2230,1);
INSERT INTO AlbumSong (album_id,song_id,format_id) VALUES(160,2230,2);
INSERT INTO Song (song_name,artist_id,duration) VALUES ("4th Of July",14,"00:05:08");
INSERT INTO AlbumSong (album_id,song_id,format_id) VALUES(160,2231,1);
INSERT INTO AlbumSong (album_id,song_id,format_id) VALUES(160,2231,2);
INSERT INTO Song (song_name,artist_id,duration) VALUES ("Half",14,"00:02:14");
INSERT INTO AlbumSong (album_id,song_id,format_id) VALUES(160,2232,1);
INSERT INTO AlbumSong (album_id,song_id,format_id) VALUES(160,2232,2);
INSERT INTO Song (song_name,artist_id,duration) VALUES ("Like Suicide",14,"00:07:03");
INSERT INTO AlbumSong (album_id,song_id,format_id) VALUES(160,2233,1);
INSERT INTO AlbumSong (album_id,song_id,format_id) VALUES(160,2233,2);
INSERT INTO Song (song_name,artist_id,duration) VALUES ("She Likes Surprises",14,"00:03:17");
INSERT INTO AlbumSong (album_id,song_id,format_id) VALUES(160,2234,1);
INSERT INTO AlbumSong (album_id,song_id,format_id) VALUES(160,2234,2);
INSERT INTO Song (song_name,artist_id,duration) VALUES ("Let Me Drown - Demo Version",14,"00:04:11");
INSERT INTO AlbumSong (album_id,song_id,format_id) VALUES(160,2235,1);
INSERT INTO AlbumSong (album_id,song_id,format_id) VALUES(160,2235,2);
INSERT INTO Song (song_name,artist_id,duration) VALUES ("Black Hole Sun - Demo Version",14,"00:05:38");
INSERT INTO AlbumSong (album_id,song_id,format_id) VALUES(160,2236,1);
INSERT INTO AlbumSong (album_id,song_id,format_id) VALUES(160,2236,2);
INSERT INTO Song (song_name,artist_id,duration) VALUES ("Half - Demo Version",14,"00:01:37");
INSERT INTO AlbumSong (album_id,song_id,format_id) VALUES(160,2237,1);
INSERT INTO AlbumSong (album_id,song_id,format_id) VALUES(160,2237,2);
INSERT INTO Song (song_name,artist_id,duration) VALUES ("Head Down - Rehearsal Version",14,"00:05:26");
INSERT INTO AlbumSong (album_id,song_id,format_id) VALUES(160,2238,1);
INSERT INTO AlbumSong (album_id,song_id,format_id) VALUES(160,2238,2);
INSERT INTO Song (song_name,artist_id,duration) VALUES ("Limo Wreck - Rehearsal Version",14,"00:05:42");
INSERT INTO AlbumSong (album_id,song_id,format_id) VALUES(160,2239,1);
INSERT INTO AlbumSong (album_id,song_id,format_id) VALUES(160,2239,2);
INSERT INTO Song (song_name,artist_id,duration) VALUES ("The Day I Tried To Live - Rehearsal Version",14,"00:06:03");
INSERT INTO AlbumSong (album_id,song_id,format_id) VALUES(160,2240,1);
INSERT INTO AlbumSong (album_id,song_id,format_id) VALUES(160,2240,2);
INSERT INTO Song (song_name,artist_id,duration) VALUES ("Like Suicide - Acoustic Version",14,"00:06:12");
INSERT INTO AlbumSong (album_id,song_id,format_id) VALUES(160,2241,1);
INSERT INTO AlbumSong (album_id,song_id,format_id) VALUES(160,2241,2);
INSERT INTO Song (song_name,artist_id,duration) VALUES ("Black Days III",14,"00:04:03");
INSERT INTO AlbumSong (album_id,song_id,format_id) VALUES(160,2242,1);
INSERT INTO AlbumSong (album_id,song_id,format_id) VALUES(160,2242,2);
INSERT INTO Song (song_name,artist_id,duration) VALUES ("Birth Ritual - Original Demo Version",14,"00:05:50");
INSERT INTO AlbumSong (album_id,song_id,format_id) VALUES(160,2243,1);
INSERT INTO AlbumSong (album_id,song_id,format_id) VALUES(160,2243,2);
INSERT INTO Song (song_name,artist_id,duration) VALUES ("Exit Stonehenge",14,"00:01:21");
INSERT INTO AlbumSong (album_id,song_id,format_id) VALUES(160,2244,1);
INSERT INTO AlbumSong (album_id,song_id,format_id) VALUES(160,2244,2);
INSERT INTO Song (song_name,artist_id,duration) VALUES ("Kyle Petty, Son Of Richard",14,"00:04:06");
INSERT INTO AlbumSong (album_id,song_id,format_id) VALUES(160,2245,1);
INSERT INTO AlbumSong (album_id,song_id,format_id) VALUES(160,2245,2);
INSERT INTO Song (song_name,artist_id,duration) VALUES ("Jerry Garcia's Finger",14,"00:03:24");
INSERT INTO AlbumSong (album_id,song_id,format_id) VALUES(160,2246,1);
INSERT INTO AlbumSong (album_id,song_id,format_id) VALUES(160,2246,2);
INSERT INTO Song (song_name,artist_id,duration) VALUES ("Spoonman - Alternate Steve Fisk Remix",14,"00:05:21");
INSERT INTO AlbumSong (album_id,song_id,format_id) VALUES(160,2247,1);
INSERT INTO AlbumSong (album_id,song_id,format_id) VALUES(160,2247,2);
INSERT INTO Song (song_name,artist_id,duration) VALUES ("The Day I Tried To Live - Alternate Mix",14,"00:05:26");
INSERT INTO AlbumSong (album_id,song_id,format_id) VALUES(160,2248,1);
INSERT INTO AlbumSong (album_id,song_id,format_id) VALUES(160,2248,2);
INSERT INTO Song (song_name,artist_id,duration) VALUES ("4th Of July - Instrumental",14,"00:05:13");
INSERT INTO AlbumSong (album_id,song_id,format_id) VALUES(160,2249,1);
INSERT INTO AlbumSong (album_id,song_id,format_id) VALUES(160,2249,2);
INSERT INTO Song (song_name,artist_id,duration) VALUES ("Superunknown - Instrumental",14,"00:05:09");
INSERT INTO AlbumSong (album_id,song_id,format_id) VALUES(160,2250,1);
INSERT INTO AlbumSong (album_id,song_id,format_id) VALUES(160,2250,2);
INSERT INTO Album(album_id,album_name,artist_id,art_id,release_date) VALUES (160,"Superunknown (Deluxe Edition)",14,160,"1994-03-09");
INSERT INTO AlbumArt(path) VALUES ("/var/www/album_art/soundgarden_superunknown_(super_deluxe).jpg");
INSERT INTO AlbumSong (album_id,song_id,format_id) VALUES(161,2219,1);
INSERT INTO AlbumSong (album_id,song_id,format_id) VALUES(161,2219,2);
INSERT INTO AlbumSong (album_id,song_id,format_id) VALUES(161,2220,1);
INSERT INTO AlbumSong (album_id,song_id,format_id) VALUES(161,2220,2);
INSERT INTO AlbumSong (album_id,song_id,format_id) VALUES(161,2221,1);
INSERT INTO AlbumSong (album_id,song_id,format_id) VALUES(161,2221,2);
INSERT INTO AlbumSong (album_id,song_id,format_id) VALUES(161,2222,1);
INSERT INTO AlbumSong (album_id,song_id,format_id) VALUES(161,2222,2);
INSERT INTO AlbumSong (album_id,song_id,format_id) VALUES(161,2223,1);
INSERT INTO AlbumSong (album_id,song_id,format_id) VALUES(161,2223,2);
INSERT INTO AlbumSong (album_id,song_id,format_id) VALUES(161,2224,1);
INSERT INTO AlbumSong (album_id,song_id,format_id) VALUES(161,2224,2);
INSERT INTO AlbumSong (album_id,song_id,format_id) VALUES(161,2225,1);
INSERT INTO AlbumSong (album_id,song_id,format_id) VALUES(161,2225,2);
INSERT INTO AlbumSong (album_id,song_id,format_id) VALUES(161,2226,1);
INSERT INTO AlbumSong (album_id,song_id,format_id) VALUES(161,2226,2);
INSERT INTO AlbumSong (album_id,song_id,format_id) VALUES(161,2227,1);
INSERT INTO AlbumSong (album_id,song_id,format_id) VALUES(161,2227,2);
INSERT INTO AlbumSong (album_id,song_id,format_id) VALUES(161,2228,1);
INSERT INTO AlbumSong (album_id,song_id,format_id) VALUES(161,2228,2);
INSERT INTO AlbumSong (album_id,song_id,format_id) VALUES(161,2229,1);
INSERT INTO AlbumSong (album_id,song_id,format_id) VALUES(161,2229,2);
INSERT INTO AlbumSong (album_id,song_id,format_id) VALUES(161,2230,1);
INSERT INTO AlbumSong (album_id,song_id,format_id) VALUES(161,2230,2);
INSERT INTO AlbumSong (album_id,song_id,format_id) VALUES(161,2231,1);
INSERT INTO AlbumSong (album_id,song_id,format_id) VALUES(161,2231,2);
INSERT INTO AlbumSong (album_id,song_id,format_id) VALUES(161,2232,1);
INSERT INTO AlbumSong (album_id,song_id,format_id) VALUES(161,2232,2);
INSERT INTO AlbumSong (album_id,song_id,format_id) VALUES(161,2233,1);
INSERT INTO AlbumSong (album_id,song_id,format_id) VALUES(161,2233,2);
INSERT INTO AlbumSong (album_id,song_id,format_id) VALUES(161,2234,1);
INSERT INTO AlbumSong (album_id,song_id,format_id) VALUES(161,2234,2);
INSERT INTO AlbumSong (album_id,song_id,format_id) VALUES(161,2248,1);
INSERT INTO AlbumSong (album_id,song_id,format_id) VALUES(161,2248,2);
INSERT INTO AlbumSong (album_id,song_id,format_id) VALUES(161,2247,1);
INSERT INTO AlbumSong (album_id,song_id,format_id) VALUES(161,2247,2);
INSERT INTO Song (song_name,artist_id,duration) VALUES ("Beyond The Wheel - Live At Exibition Stadium, Toronto / 1993",14,"00:05:49");
INSERT INTO AlbumSong (album_id,song_id,format_id) VALUES(161,2251,1);
INSERT INTO AlbumSong (album_id,song_id,format_id) VALUES(161,2251,2);
INSERT INTO Song (song_name,artist_id,duration) VALUES ("Fell On Black Days - Live At Pine Knob Music Theater, Clarkston, MI / 1993",14,"00:04:51");
INSERT INTO AlbumSong (album_id,song_id,format_id) VALUES(161,2252,1);
INSERT INTO AlbumSong (album_id,song_id,format_id) VALUES(161,2252,2);
INSERT INTO AlbumSong (album_id,song_id,format_id) VALUES(161,2243,1);
INSERT INTO AlbumSong (album_id,song_id,format_id) VALUES(161,2243,2);
INSERT INTO Song (song_name,artist_id,duration) VALUES ("Jesus Christ Pose - Live At Rushmore Plaza Civic Center, Rapid City, SD / 1993",14,"00:07:09");
INSERT INTO AlbumSong (album_id,song_id,format_id) VALUES(161,2253,1);
INSERT INTO AlbumSong (album_id,song_id,format_id) VALUES(161,2253,2);
INSERT INTO AlbumSong (album_id,song_id,format_id) VALUES(161,2241,1);
INSERT INTO AlbumSong (album_id,song_id,format_id) VALUES(161,2241,2);
INSERT INTO Song (song_name,artist_id,duration) VALUES ("Kickstand - Live At Jones Beach Amphitheatre, Wantagh, NY / 1993",14,"00:01:59");
INSERT INTO AlbumSong (album_id,song_id,format_id) VALUES(161,2254,1);
INSERT INTO AlbumSong (album_id,song_id,format_id) VALUES(161,2254,2);
INSERT INTO Song (song_name,artist_id,duration) VALUES ("My Wave - Live At Jones Beach Amphitheatre, Wantagh, NY / 1993",14,"00:04:28");
INSERT INTO AlbumSong (album_id,song_id,format_id) VALUES(161,2255,1);
INSERT INTO AlbumSong (album_id,song_id,format_id) VALUES(161,2255,2);
INSERT INTO Song (song_name,artist_id,duration) VALUES ("Spoonman - Steve Fisk Remix",14,"00:06:57");
INSERT INTO AlbumSong (album_id,song_id,format_id) VALUES(161,2256,1);
INSERT INTO AlbumSong (album_id,song_id,format_id) VALUES(161,2256,2);
INSERT INTO AlbumSong (album_id,song_id,format_id) VALUES(161,2244,1);
INSERT INTO AlbumSong (album_id,song_id,format_id) VALUES(161,2244,2);
INSERT INTO AlbumSong (album_id,song_id,format_id) VALUES(161,2245,1);
INSERT INTO AlbumSong (album_id,song_id,format_id) VALUES(161,2245,2);
INSERT INTO AlbumSong (album_id,song_id,format_id) VALUES(161,2242,1);
INSERT INTO AlbumSong (album_id,song_id,format_id) VALUES(161,2242,2);
INSERT INTO Song (song_name,artist_id,duration) VALUES ("Ghostmotorfinger",14,"00:01:33");
INSERT INTO AlbumSong (album_id,song_id,format_id) VALUES(161,2257,1);
INSERT INTO AlbumSong (album_id,song_id,format_id) VALUES(161,2257,2);
INSERT INTO AlbumSong (album_id,song_id,format_id) VALUES(161,2246,1);
INSERT INTO AlbumSong (album_id,song_id,format_id) VALUES(161,2246,2);
INSERT INTO Song (song_name,artist_id,duration) VALUES ("Fell On Black Days - Video Version",14,"00:05:27");
INSERT INTO AlbumSong (album_id,song_id,format_id) VALUES(161,2258,1);
INSERT INTO AlbumSong (album_id,song_id,format_id) VALUES(161,2258,2);
INSERT INTO AlbumSong (album_id,song_id,format_id) VALUES(161,2235,1);
INSERT INTO AlbumSong (album_id,song_id,format_id) VALUES(161,2235,2);
INSERT INTO Song (song_name,artist_id,duration) VALUES ("Fell On Black Days - Demo Version",14,"00:04:54");
INSERT INTO AlbumSong (album_id,song_id,format_id) VALUES(161,2259,1);
INSERT INTO AlbumSong (album_id,song_id,format_id) VALUES(161,2259,2);
INSERT INTO Song (song_name,artist_id,duration) VALUES ("Superunknown",14,"00:05:37");
INSERT INTO AlbumSong (album_id,song_id,format_id) VALUES(161,2260,1);
INSERT INTO AlbumSong (album_id,song_id,format_id) VALUES(161,2260,2);
INSERT INTO Song (song_name,artist_id,duration) VALUES ("Black Hole Sun - Demo Version",14,"00:05:39");
INSERT INTO AlbumSong (album_id,song_id,format_id) VALUES(161,2261,1);
INSERT INTO AlbumSong (album_id,song_id,format_id) VALUES(161,2261,2);
INSERT INTO Song (song_name,artist_id,duration) VALUES ("Spoonman - Demo Version",14,"00:03:38");
INSERT INTO AlbumSong (album_id,song_id,format_id) VALUES(161,2262,1);
INSERT INTO AlbumSong (album_id,song_id,format_id) VALUES(161,2262,2);
INSERT INTO Song (song_name,artist_id,duration) VALUES ("Fresh Tendrils - Demo Version",14,"00:03:47");
INSERT INTO AlbumSong (album_id,song_id,format_id) VALUES(161,2263,1);
INSERT INTO AlbumSong (album_id,song_id,format_id) VALUES(161,2263,2);
INSERT INTO Song (song_name,artist_id,duration) VALUES ("4th Of July - Demo Version",14,"00:05:06");
INSERT INTO AlbumSong (album_id,song_id,format_id) VALUES(161,2264,1);
INSERT INTO AlbumSong (album_id,song_id,format_id) VALUES(161,2264,2);
INSERT INTO AlbumSong (album_id,song_id,format_id) VALUES(161,2237,1);
INSERT INTO AlbumSong (album_id,song_id,format_id) VALUES(161,2237,2);
INSERT INTO Song (song_name,artist_id,duration) VALUES ("Like Suicide - Demo Version",14,"00:09:10");
INSERT INTO AlbumSong (album_id,song_id,format_id) VALUES(161,2265,1);
INSERT INTO AlbumSong (album_id,song_id,format_id) VALUES(161,2265,2);
INSERT INTO Song (song_name,artist_id,duration) VALUES ("Black Hole Sun - Rehearsal Version",14,"00:05:46");
INSERT INTO AlbumSong (album_id,song_id,format_id) VALUES(161,2266,1);
INSERT INTO AlbumSong (album_id,song_id,format_id) VALUES(161,2266,2);
INSERT INTO Song (song_name,artist_id,duration) VALUES ("Bing Bing Goes To Church - Rehearsal Version",14,"00:02:05");
INSERT INTO AlbumSong (album_id,song_id,format_id) VALUES(161,2267,1);
INSERT INTO AlbumSong (album_id,song_id,format_id) VALUES(161,2267,2);
INSERT INTO Song (song_name,artist_id,duration) VALUES ("Half (Instrumentally) - Rehearsal Version",14,"00:03:42");
INSERT INTO AlbumSong (album_id,song_id,format_id) VALUES(161,2268,1);
INSERT INTO AlbumSong (album_id,song_id,format_id) VALUES(161,2268,2);
INSERT INTO AlbumSong (album_id,song_id,format_id) VALUES(161,2238,1);
INSERT INTO AlbumSong (album_id,song_id,format_id) VALUES(161,2238,2);
INSERT INTO Song (song_name,artist_id,duration) VALUES ("Kyle Petty, Son Of Richard - Rehearsal Version",14,"00:03:29");
INSERT INTO AlbumSong (album_id,song_id,format_id) VALUES(161,2269,1);
INSERT INTO AlbumSong (album_id,song_id,format_id) VALUES(161,2269,2);
INSERT INTO Song (song_name,artist_id,duration) VALUES ("Let Me Drown - Rehearsal Version",14,"00:03:54");
INSERT INTO AlbumSong (album_id,song_id,format_id) VALUES(161,2270,1);
INSERT INTO AlbumSong (album_id,song_id,format_id) VALUES(161,2270,2);
INSERT INTO AlbumSong (album_id,song_id,format_id) VALUES(161,2239,1);
INSERT INTO AlbumSong (album_id,song_id,format_id) VALUES(161,2239,2);
INSERT INTO Song (song_name,artist_id,duration) VALUES ("My Wave - Rehearsal Version",14,"00:04:36");
INSERT INTO AlbumSong (album_id,song_id,format_id) VALUES(161,2271,1);
INSERT INTO AlbumSong (album_id,song_id,format_id) VALUES(161,2271,2);
INSERT INTO Song (song_name,artist_id,duration) VALUES ("Fresh Tendrils - Rehearsal Version",14,"00:04:19");
INSERT INTO AlbumSong (album_id,song_id,format_id) VALUES(161,2272,1);
INSERT INTO AlbumSong (album_id,song_id,format_id) VALUES(161,2272,2);
INSERT INTO Album(album_id,album_name,artist_id,art_id,release_date) VALUES (161,"Superunknown (Super Deluxe)",14,161,"1994-03-09");
INSERT INTO AlbumArt(path) VALUES ("/var/www/album_art/soundgarden_superunknown_(20th_anniversary).jpg");
INSERT INTO AlbumSong (album_id,song_id,format_id) VALUES(162,2219,1);
INSERT INTO AlbumSong (album_id,song_id,format_id) VALUES(162,2219,2);
INSERT INTO AlbumSong (album_id,song_id,format_id) VALUES(162,2220,1);
INSERT INTO AlbumSong (album_id,song_id,format_id) VALUES(162,2220,2);
INSERT INTO AlbumSong (album_id,song_id,format_id) VALUES(162,2221,1);
INSERT INTO AlbumSong (album_id,song_id,format_id) VALUES(162,2221,2);
INSERT INTO AlbumSong (album_id,song_id,format_id) VALUES(162,2222,1);
INSERT INTO AlbumSong (album_id,song_id,format_id) VALUES(162,2222,2);
INSERT INTO AlbumSong (album_id,song_id,format_id) VALUES(162,2223,1);
INSERT INTO AlbumSong (album_id,song_id,format_id) VALUES(162,2223,2);
INSERT INTO AlbumSong (album_id,song_id,format_id) VALUES(162,2224,1);
INSERT INTO AlbumSong (album_id,song_id,format_id) VALUES(162,2224,2);
INSERT INTO AlbumSong (album_id,song_id,format_id) VALUES(162,2225,1);
INSERT INTO AlbumSong (album_id,song_id,format_id) VALUES(162,2225,2);
INSERT INTO AlbumSong (album_id,song_id,format_id) VALUES(162,2226,1);
INSERT INTO AlbumSong (album_id,song_id,format_id) VALUES(162,2226,2);
INSERT INTO AlbumSong (album_id,song_id,format_id) VALUES(162,2227,1);
INSERT INTO AlbumSong (album_id,song_id,format_id) VALUES(162,2227,2);
INSERT INTO AlbumSong (album_id,song_id,format_id) VALUES(162,2228,1);
INSERT INTO AlbumSong (album_id,song_id,format_id) VALUES(162,2228,2);
INSERT INTO AlbumSong (album_id,song_id,format_id) VALUES(162,2229,1);
INSERT INTO AlbumSong (album_id,song_id,format_id) VALUES(162,2229,2);
INSERT INTO AlbumSong (album_id,song_id,format_id) VALUES(162,2230,1);
INSERT INTO AlbumSong (album_id,song_id,format_id) VALUES(162,2230,2);
INSERT INTO AlbumSong (album_id,song_id,format_id) VALUES(162,2231,1);
INSERT INTO AlbumSong (album_id,song_id,format_id) VALUES(162,2231,2);
INSERT INTO AlbumSong (album_id,song_id,format_id) VALUES(162,2232,1);
INSERT INTO AlbumSong (album_id,song_id,format_id) VALUES(162,2232,2);
INSERT INTO AlbumSong (album_id,song_id,format_id) VALUES(162,2233,1);
INSERT INTO AlbumSong (album_id,song_id,format_id) VALUES(162,2233,2);
INSERT INTO Album(album_id,album_name,artist_id,art_id,release_date) VALUES (162,"Superunknown (20th Anniversary)",14,162,"1994-03-09");
INSERT INTO AlbumArt(path) VALUES ("/var/www/album_art/soundgarden_badmotorfinger_(25th_anniversary_remaster).jpg");
INSERT INTO AlbumSong (album_id,song_id,format_id) VALUES(163,2099,1);
INSERT INTO AlbumSong (album_id,song_id,format_id) VALUES(163,2099,2);
INSERT INTO AlbumSong (album_id,song_id,format_id) VALUES(163,2100,1);
INSERT INTO AlbumSong (album_id,song_id,format_id) VALUES(163,2100,2);
INSERT INTO AlbumSong (album_id,song_id,format_id) VALUES(163,2101,1);
INSERT INTO AlbumSong (album_id,song_id,format_id) VALUES(163,2101,2);
INSERT INTO AlbumSong (album_id,song_id,format_id) VALUES(163,2102,1);
INSERT INTO AlbumSong (album_id,song_id,format_id) VALUES(163,2102,2);
INSERT INTO AlbumSong (album_id,song_id,format_id) VALUES(163,2103,1);
INSERT INTO AlbumSong (album_id,song_id,format_id) VALUES(163,2103,2);
INSERT INTO AlbumSong (album_id,song_id,format_id) VALUES(163,2104,1);
INSERT INTO AlbumSong (album_id,song_id,format_id) VALUES(163,2104,2);
INSERT INTO AlbumSong (album_id,song_id,format_id) VALUES(163,2105,1);
INSERT INTO AlbumSong (album_id,song_id,format_id) VALUES(163,2105,2);
INSERT INTO AlbumSong (album_id,song_id,format_id) VALUES(163,2106,1);
INSERT INTO AlbumSong (album_id,song_id,format_id) VALUES(163,2106,2);
INSERT INTO AlbumSong (album_id,song_id,format_id) VALUES(163,2107,1);
INSERT INTO AlbumSong (album_id,song_id,format_id) VALUES(163,2107,2);
INSERT INTO AlbumSong (album_id,song_id,format_id) VALUES(163,2108,1);
INSERT INTO AlbumSong (album_id,song_id,format_id) VALUES(163,2108,2);
INSERT INTO AlbumSong (album_id,song_id,format_id) VALUES(163,2109,1);
INSERT INTO AlbumSong (album_id,song_id,format_id) VALUES(163,2109,2);
INSERT INTO AlbumSong (album_id,song_id,format_id) VALUES(163,2110,1);
INSERT INTO AlbumSong (album_id,song_id,format_id) VALUES(163,2110,2);
INSERT INTO Album(album_id,album_name,artist_id,art_id,release_date) VALUES (163,"Badmotorfinger (25th Anniversary Remaster)",14,163,"1991-10-08");
INSERT INTO AlbumArt(path) VALUES ("/var/www/album_art/soundgarden_louder_than_love.jpg");
INSERT INTO Song (song_name,artist_id,duration) VALUES ("Ugly Truth",14,"00:05:26");
INSERT INTO AlbumSong (album_id,song_id,format_id) VALUES(164,2273,1);
INSERT INTO AlbumSong (album_id,song_id,format_id) VALUES(164,2273,2);
INSERT INTO Song (song_name,artist_id,duration) VALUES ("Hands All Over",14,"00:06:00");
INSERT INTO AlbumSong (album_id,song_id,format_id) VALUES(164,2274,1);
INSERT INTO AlbumSong (album_id,song_id,format_id) VALUES(164,2274,2);
INSERT INTO Song (song_name,artist_id,duration) VALUES ("Gun",14,"00:04:42");
INSERT INTO AlbumSong (album_id,song_id,format_id) VALUES(164,2275,1);
INSERT INTO AlbumSong (album_id,song_id,format_id) VALUES(164,2275,2);
INSERT INTO Song (song_name,artist_id,duration) VALUES ("Power Trip",14,"00:04:09");
INSERT INTO AlbumSong (album_id,song_id,format_id) VALUES(164,2276,1);
INSERT INTO AlbumSong (album_id,song_id,format_id) VALUES(164,2276,2);
INSERT INTO Song (song_name,artist_id,duration) VALUES ("Get On The Snake",14,"00:03:43");
INSERT INTO AlbumSong (album_id,song_id,format_id) VALUES(164,2277,1);
INSERT INTO AlbumSong (album_id,song_id,format_id) VALUES(164,2277,2);
INSERT INTO Song (song_name,artist_id,duration) VALUES ("Full On Kevin's Mom",14,"00:03:36");
INSERT INTO AlbumSong (album_id,song_id,format_id) VALUES(164,2278,1);
INSERT INTO AlbumSong (album_id,song_id,format_id) VALUES(164,2278,2);
INSERT INTO Song (song_name,artist_id,duration) VALUES ("Loud Love",14,"00:04:57");
INSERT INTO AlbumSong (album_id,song_id,format_id) VALUES(164,2279,1);
INSERT INTO AlbumSong (album_id,song_id,format_id) VALUES(164,2279,2);
INSERT INTO Song (song_name,artist_id,duration) VALUES ("I Awake",14,"00:04:21");
INSERT INTO AlbumSong (album_id,song_id,format_id) VALUES(164,2280,1);
INSERT INTO AlbumSong (album_id,song_id,format_id) VALUES(164,2280,2);
INSERT INTO Song (song_name,artist_id,duration) VALUES ("No Wrong No Right",14,"00:04:47");
INSERT INTO AlbumSong (album_id,song_id,format_id) VALUES(164,2281,1);
INSERT INTO AlbumSong (album_id,song_id,format_id) VALUES(164,2281,2);
INSERT INTO Song (song_name,artist_id,duration) VALUES ("Uncovered",14,"00:04:30");
INSERT INTO AlbumSong (album_id,song_id,format_id) VALUES(164,2282,1);
INSERT INTO AlbumSong (album_id,song_id,format_id) VALUES(164,2282,2);
INSERT INTO Song (song_name,artist_id,duration) VALUES ("Big Dumb Sex",14,"00:04:11");
INSERT INTO AlbumSong (album_id,song_id,format_id) VALUES(164,2283,1);
INSERT INTO AlbumSong (album_id,song_id,format_id) VALUES(164,2283,2);
INSERT INTO Song (song_name,artist_id,duration) VALUES ("Full On",14,"00:02:42");
INSERT INTO AlbumSong (album_id,song_id,format_id) VALUES(164,2284,1);
INSERT INTO AlbumSong (album_id,song_id,format_id) VALUES(164,2284,2);
INSERT INTO Album(album_id,album_name,artist_id,art_id,release_date) VALUES (164,"Louder Than Love",14,164,"1989-01-01");
INSERT INTO Artist (artist_name,genre_id,description) VALUES ("Hole",2,"");
INSERT INTO AlbumArt(path) VALUES ("/var/www/album_art/hole_nobody's_daughter.jpg");
INSERT INTO Song (song_name,artist_id,duration) VALUES ("Nobody's Daughter",15,"00:05:19");
INSERT INTO AlbumSong (album_id,song_id,format_id) VALUES(165,2285,1);
INSERT INTO AlbumSong (album_id,song_id,format_id) VALUES(165,2285,2);
INSERT INTO Song (song_name,artist_id,duration) VALUES ("Skinny Little Bitch",15,"00:03:10");
INSERT INTO AlbumSong (album_id,song_id,format_id) VALUES(165,2286,1);
INSERT INTO AlbumSong (album_id,song_id,format_id) VALUES(165,2286,2);
INSERT INTO Song (song_name,artist_id,duration) VALUES ("Honey",15,"00:04:19");
INSERT INTO AlbumSong (album_id,song_id,format_id) VALUES(165,2287,1);
INSERT INTO AlbumSong (album_id,song_id,format_id) VALUES(165,2287,2);
INSERT INTO Song (song_name,artist_id,duration) VALUES ("Pacific Coast Highway",15,"00:05:14");
INSERT INTO AlbumSong (album_id,song_id,format_id) VALUES(165,2288,1);
INSERT INTO AlbumSong (album_id,song_id,format_id) VALUES(165,2288,2);
INSERT INTO Song (song_name,artist_id,duration) VALUES ("Samantha",15,"00:04:16");
INSERT INTO AlbumSong (album_id,song_id,format_id) VALUES(165,2289,1);
INSERT INTO AlbumSong (album_id,song_id,format_id) VALUES(165,2289,2);
INSERT INTO Song (song_name,artist_id,duration) VALUES ("Someone Else's Bed",15,"00:04:27");
INSERT INTO AlbumSong (album_id,song_id,format_id) VALUES(165,2290,1);
INSERT INTO AlbumSong (album_id,song_id,format_id) VALUES(165,2290,2);
INSERT INTO Song (song_name,artist_id,duration) VALUES ("For Once In Your Life",15,"00:03:34");
INSERT INTO AlbumSong (album_id,song_id,format_id) VALUES(165,2291,1);
INSERT INTO AlbumSong (album_id,song_id,format_id) VALUES(165,2291,2);
INSERT INTO Song (song_name,artist_id,duration) VALUES ("Letter To God",15,"00:04:04");
INSERT INTO AlbumSong (album_id,song_id,format_id) VALUES(165,2292,1);
INSERT INTO AlbumSong (album_id,song_id,format_id) VALUES(165,2292,2);
INSERT INTO Song (song_name,artist_id,duration) VALUES ("Loser Dust",15,"00:03:25");
INSERT INTO AlbumSong (album_id,song_id,format_id) VALUES(165,2293,1);
INSERT INTO AlbumSong (album_id,song_id,format_id) VALUES(165,2293,2);
INSERT INTO Song (song_name,artist_id,duration) VALUES ("How Dirty Girls Get Clean",15,"00:04:54");
INSERT INTO AlbumSong (album_id,song_id,format_id) VALUES(165,2294,1);
INSERT INTO AlbumSong (album_id,song_id,format_id) VALUES(165,2294,2);
INSERT INTO Song (song_name,artist_id,duration) VALUES ("Never Go Hungry",15,"00:04:28");
INSERT INTO AlbumSong (album_id,song_id,format_id) VALUES(165,2295,1);
INSERT INTO AlbumSong (album_id,song_id,format_id) VALUES(165,2295,2);
INSERT INTO Song (song_name,artist_id,duration) VALUES ("Happy Ending Story",15,"00:03:53");
INSERT INTO AlbumSong (album_id,song_id,format_id) VALUES(165,2296,1);
INSERT INTO AlbumSong (album_id,song_id,format_id) VALUES(165,2296,2);
INSERT INTO Song (song_name,artist_id,duration) VALUES ("Codine",15,"00:03:56");
INSERT INTO AlbumSong (album_id,song_id,format_id) VALUES(165,2297,1);
INSERT INTO AlbumSong (album_id,song_id,format_id) VALUES(165,2297,2);
INSERT INTO Album(album_id,album_name,artist_id,art_id,release_date) VALUES (165,"Nobody's Daughter",15,165,"2010-01-01");
INSERT INTO AlbumArt(path) VALUES ("/var/www/album_art/hole_celebrity_skin.jpg");
INSERT INTO Song (song_name,artist_id,duration) VALUES ("Celebrity Skin",15,"00:02:42");
INSERT INTO AlbumSong (album_id,song_id,format_id) VALUES(166,2298,1);
INSERT INTO AlbumSong (album_id,song_id,format_id) VALUES(166,2298,2);
INSERT INTO Song (song_name,artist_id,duration) VALUES ("Awful",15,"00:03:16");
INSERT INTO AlbumSong (album_id,song_id,format_id) VALUES(166,2299,1);
INSERT INTO AlbumSong (album_id,song_id,format_id) VALUES(166,2299,2);
INSERT INTO Song (song_name,artist_id,duration) VALUES ("Hit So Hard",15,"00:04:00");
INSERT INTO AlbumSong (album_id,song_id,format_id) VALUES(166,2300,1);
INSERT INTO AlbumSong (album_id,song_id,format_id) VALUES(166,2300,2);
INSERT INTO Song (song_name,artist_id,duration) VALUES ("Malibu",15,"00:03:50");
INSERT INTO AlbumSong (album_id,song_id,format_id) VALUES(166,2301,1);
INSERT INTO AlbumSong (album_id,song_id,format_id) VALUES(166,2301,2);
INSERT INTO Song (song_name,artist_id,duration) VALUES ("Reasons To Be Beautiful",15,"00:05:19");
INSERT INTO AlbumSong (album_id,song_id,format_id) VALUES(166,2302,1);
INSERT INTO AlbumSong (album_id,song_id,format_id) VALUES(166,2302,2);
INSERT INTO Song (song_name,artist_id,duration) VALUES ("Dying",15,"00:03:44");
INSERT INTO AlbumSong (album_id,song_id,format_id) VALUES(166,2303,1);
INSERT INTO AlbumSong (album_id,song_id,format_id) VALUES(166,2303,2);
INSERT INTO Song (song_name,artist_id,duration) VALUES ("Use Once & Destroy",15,"00:05:04");
INSERT INTO AlbumSong (album_id,song_id,format_id) VALUES(166,2304,1);
INSERT INTO AlbumSong (album_id,song_id,format_id) VALUES(166,2304,2);
INSERT INTO Song (song_name,artist_id,duration) VALUES ("Northern Star",15,"00:04:58");
INSERT INTO AlbumSong (album_id,song_id,format_id) VALUES(166,2305,1);
INSERT INTO AlbumSong (album_id,song_id,format_id) VALUES(166,2305,2);
INSERT INTO Song (song_name,artist_id,duration) VALUES ("Boys On The Radio",15,"00:05:09");
INSERT INTO AlbumSong (album_id,song_id,format_id) VALUES(166,2306,1);
INSERT INTO AlbumSong (album_id,song_id,format_id) VALUES(166,2306,2);
INSERT INTO Song (song_name,artist_id,duration) VALUES ("Heaven Tonight",15,"00:03:31");
INSERT INTO AlbumSong (album_id,song_id,format_id) VALUES(166,2307,1);
INSERT INTO AlbumSong (album_id,song_id,format_id) VALUES(166,2307,2);
INSERT INTO Song (song_name,artist_id,duration) VALUES ("Playing Your Song",15,"00:03:19");
INSERT INTO AlbumSong (album_id,song_id,format_id) VALUES(166,2308,1);
INSERT INTO AlbumSong (album_id,song_id,format_id) VALUES(166,2308,2);
INSERT INTO Song (song_name,artist_id,duration) VALUES ("Petals",15,"00:05:29");
INSERT INTO AlbumSong (album_id,song_id,format_id) VALUES(166,2309,1);
INSERT INTO AlbumSong (album_id,song_id,format_id) VALUES(166,2309,2);
INSERT INTO Album(album_id,album_name,artist_id,art_id,release_date) VALUES (166,"Celebrity Skin",15,166,"1998-01-01");
INSERT INTO AlbumArt(path) VALUES ("/var/www/album_art/hole_live_through_this.jpg");
INSERT INTO Song (song_name,artist_id,duration) VALUES ("Violet",15,"00:03:24");
INSERT INTO AlbumSong (album_id,song_id,format_id) VALUES(167,2310,1);
INSERT INTO AlbumSong (album_id,song_id,format_id) VALUES(167,2310,2);
INSERT INTO Song (song_name,artist_id,duration) VALUES ("Miss World",15,"00:03:00");
INSERT INTO AlbumSong (album_id,song_id,format_id) VALUES(167,2311,1);
INSERT INTO AlbumSong (album_id,song_id,format_id) VALUES(167,2311,2);
INSERT INTO Song (song_name,artist_id,duration) VALUES ("Plump",15,"00:02:34");
INSERT INTO AlbumSong (album_id,song_id,format_id) VALUES(167,2312,1);
INSERT INTO AlbumSong (album_id,song_id,format_id) VALUES(167,2312,2);
INSERT INTO Song (song_name,artist_id,duration) VALUES ("Asking For It",15,"00:03:29");
INSERT INTO AlbumSong (album_id,song_id,format_id) VALUES(167,2313,1);
INSERT INTO AlbumSong (album_id,song_id,format_id) VALUES(167,2313,2);
INSERT INTO Song (song_name,artist_id,duration) VALUES ("Jennifer's Body",15,"00:03:40");
INSERT INTO AlbumSong (album_id,song_id,format_id) VALUES(167,2314,1);
INSERT INTO AlbumSong (album_id,song_id,format_id) VALUES(167,2314,2);
INSERT INTO Song (song_name,artist_id,duration) VALUES ("Doll Parts",15,"00:03:31");
INSERT INTO AlbumSong (album_id,song_id,format_id) VALUES(167,2315,1);
INSERT INTO AlbumSong (album_id,song_id,format_id) VALUES(167,2315,2);
INSERT INTO Song (song_name,artist_id,duration) VALUES ("Credit In The Straight World",15,"00:03:11");
INSERT INTO AlbumSong (album_id,song_id,format_id) VALUES(167,2316,1);
INSERT INTO AlbumSong (album_id,song_id,format_id) VALUES(167,2316,2);
INSERT INTO Song (song_name,artist_id,duration) VALUES ("Softer, Softest",15,"00:03:27");
INSERT INTO AlbumSong (album_id,song_id,format_id) VALUES(167,2317,1);
INSERT INTO AlbumSong (album_id,song_id,format_id) VALUES(167,2317,2);
INSERT INTO Song (song_name,artist_id,duration) VALUES ("She Walks On Me",15,"00:03:23");
INSERT INTO AlbumSong (album_id,song_id,format_id) VALUES(167,2318,1);
INSERT INTO AlbumSong (album_id,song_id,format_id) VALUES(167,2318,2);
INSERT INTO Song (song_name,artist_id,duration) VALUES ("I Think That I Would Die",15,"00:03:36");
INSERT INTO AlbumSong (album_id,song_id,format_id) VALUES(167,2319,1);
INSERT INTO AlbumSong (album_id,song_id,format_id) VALUES(167,2319,2);
INSERT INTO Song (song_name,artist_id,duration) VALUES ("Gutless",15,"00:02:15");
INSERT INTO AlbumSong (album_id,song_id,format_id) VALUES(167,2320,1);
INSERT INTO AlbumSong (album_id,song_id,format_id) VALUES(167,2320,2);
INSERT INTO Song (song_name,artist_id,duration) VALUES ("Rock Star",15,"00:02:42");
INSERT INTO AlbumSong (album_id,song_id,format_id) VALUES(167,2321,1);
INSERT INTO AlbumSong (album_id,song_id,format_id) VALUES(167,2321,2);
INSERT INTO Album(album_id,album_name,artist_id,art_id,release_date) VALUES (167,"Live Through This",15,167,"1994-01-01");
INSERT INTO AlbumArt(path) VALUES ("/var/www/album_art/hole_pretty_on_the_inside.jpg");
INSERT INTO Song (song_name,artist_id,duration) VALUES ("Teenage Whore",15,"00:02:57");
INSERT INTO AlbumSong (album_id,song_id,format_id) VALUES(168,2322,1);
INSERT INTO AlbumSong (album_id,song_id,format_id) VALUES(168,2322,2);
INSERT INTO Song (song_name,artist_id,duration) VALUES ("Babydoll",15,"00:04:59");
INSERT INTO AlbumSong (album_id,song_id,format_id) VALUES(168,2323,1);
INSERT INTO AlbumSong (album_id,song_id,format_id) VALUES(168,2323,2);
INSERT INTO Song (song_name,artist_id,duration) VALUES ("Garbage Man",15,"00:03:19");
INSERT INTO AlbumSong (album_id,song_id,format_id) VALUES(168,2324,1);
INSERT INTO AlbumSong (album_id,song_id,format_id) VALUES(168,2324,2);
INSERT INTO Song (song_name,artist_id,duration) VALUES ("Sassy",15,"00:01:43");
INSERT INTO AlbumSong (album_id,song_id,format_id) VALUES(168,2325,1);
INSERT INTO AlbumSong (album_id,song_id,format_id) VALUES(168,2325,2);
INSERT INTO Song (song_name,artist_id,duration) VALUES ("Good Sister - Bad Sister",15,"00:05:47");
INSERT INTO AlbumSong (album_id,song_id,format_id) VALUES(168,2326,1);
INSERT INTO AlbumSong (album_id,song_id,format_id) VALUES(168,2326,2);
INSERT INTO Song (song_name,artist_id,duration) VALUES ("Mrs. Jones",15,"00:05:25");
INSERT INTO AlbumSong (album_id,song_id,format_id) VALUES(168,2327,1);
INSERT INTO AlbumSong (album_id,song_id,format_id) VALUES(168,2327,2);
INSERT INTO Song (song_name,artist_id,duration) VALUES ("Berry",15,"00:02:46");
INSERT INTO AlbumSong (album_id,song_id,format_id) VALUES(168,2328,1);
INSERT INTO AlbumSong (album_id,song_id,format_id) VALUES(168,2328,2);
INSERT INTO Song (song_name,artist_id,duration) VALUES ("Loaded",15,"00:04:19");
INSERT INTO AlbumSong (album_id,song_id,format_id) VALUES(168,2329,1);
INSERT INTO AlbumSong (album_id,song_id,format_id) VALUES(168,2329,2);
INSERT INTO Song (song_name,artist_id,duration) VALUES ("Starbelly",15,"00:01:46");
INSERT INTO AlbumSong (album_id,song_id,format_id) VALUES(168,2330,1);
INSERT INTO AlbumSong (album_id,song_id,format_id) VALUES(168,2330,2);
INSERT INTO Song (song_name,artist_id,duration) VALUES ("Pretty On The Inside",15,"00:01:28");
INSERT INTO AlbumSong (album_id,song_id,format_id) VALUES(168,2331,1);
INSERT INTO AlbumSong (album_id,song_id,format_id) VALUES(168,2331,2);
INSERT INTO Song (song_name,artist_id,duration) VALUES ("Clouds",15,"00:03:56");
INSERT INTO AlbumSong (album_id,song_id,format_id) VALUES(168,2332,1);
INSERT INTO AlbumSong (album_id,song_id,format_id) VALUES(168,2332,2);
INSERT INTO Album(album_id,album_name,artist_id,art_id,release_date) VALUES (168,"Pretty On The Inside",15,168,"1991-01-01");
INSERT INTO Artist (artist_name,genre_id,description) VALUES ("Foo Fighters",2,"");
INSERT INTO AlbumArt(path) VALUES ("/var/www/album_art/foo_fighters_dream_widow.jpg");
INSERT INTO Song (song_name,artist_id,duration) VALUES ("Encino",16,"00:01:38");
INSERT INTO AlbumSong (album_id,song_id,format_id) VALUES(169,2333,1);
INSERT INTO AlbumSong (album_id,song_id,format_id) VALUES(169,2333,2);
INSERT INTO Song (song_name,artist_id,duration) VALUES ("Cold",16,"00:05:13");
INSERT INTO AlbumSong (album_id,song_id,format_id) VALUES(169,2334,1);
INSERT INTO AlbumSong (album_id,song_id,format_id) VALUES(169,2334,2);
INSERT INTO Song (song_name,artist_id,duration) VALUES ("March of the Insane",16,"00:03:31");
INSERT INTO AlbumSong (album_id,song_id,format_id) VALUES(169,2335,1);
INSERT INTO AlbumSong (album_id,song_id,format_id) VALUES(169,2335,2);
INSERT INTO Song (song_name,artist_id,duration) VALUES ("The Sweet Abyss",16,"00:04:19");
INSERT INTO AlbumSong (album_id,song_id,format_id) VALUES(169,2336,1);
INSERT INTO AlbumSong (album_id,song_id,format_id) VALUES(169,2336,2);
INSERT INTO Song (song_name,artist_id,duration) VALUES ("Angel With Severed Wings",16,"00:04:32");
INSERT INTO AlbumSong (album_id,song_id,format_id) VALUES(169,2337,1);
INSERT INTO AlbumSong (album_id,song_id,format_id) VALUES(169,2337,2);
INSERT INTO Song (song_name,artist_id,duration) VALUES ("Come All Ye Unfaithful",16,"00:05:34");
INSERT INTO AlbumSong (album_id,song_id,format_id) VALUES(169,2338,1);
INSERT INTO AlbumSong (album_id,song_id,format_id) VALUES(169,2338,2);
INSERT INTO Song (song_name,artist_id,duration) VALUES ("Becoming",16,"00:07:20");
INSERT INTO AlbumSong (album_id,song_id,format_id) VALUES(169,2339,1);
INSERT INTO AlbumSong (album_id,song_id,format_id) VALUES(169,2339,2);
INSERT INTO Song (song_name,artist_id,duration) VALUES ("Lacrimus dei Ebrius",16,"00:10:20");
INSERT INTO AlbumSong (album_id,song_id,format_id) VALUES(169,2340,1);
INSERT INTO AlbumSong (album_id,song_id,format_id) VALUES(169,2340,2);
INSERT INTO Album(album_id,album_name,artist_id,art_id,release_date) VALUES (169,"Dream Widow",16,169,"2022-03-25");
INSERT INTO AlbumArt(path) VALUES ("/var/www/album_art/foo_fighters_dee_gees___hail_satin_-_foo_fighters___live.jpg");
INSERT INTO Song (song_name,artist_id,duration) VALUES ("You Should Be Dancing",16,"00:03:52");
INSERT INTO AlbumSong (album_id,song_id,format_id) VALUES(170,2341,1);
INSERT INTO AlbumSong (album_id,song_id,format_id) VALUES(170,2341,2);
INSERT INTO Song (song_name,artist_id,duration) VALUES ("Night Fever",16,"00:03:33");
INSERT INTO AlbumSong (album_id,song_id,format_id) VALUES(170,2342,1);
INSERT INTO AlbumSong (album_id,song_id,format_id) VALUES(170,2342,2);
INSERT INTO Song (song_name,artist_id,duration) VALUES ("Tragedy",16,"00:04:47");
INSERT INTO AlbumSong (album_id,song_id,format_id) VALUES(170,2343,1);
INSERT INTO AlbumSong (album_id,song_id,format_id) VALUES(170,2343,2);
INSERT INTO Song (song_name,artist_id,duration) VALUES ("Shadow Dancing",16,"00:04:15");
INSERT INTO AlbumSong (album_id,song_id,format_id) VALUES(170,2344,1);
INSERT INTO AlbumSong (album_id,song_id,format_id) VALUES(170,2344,2);
INSERT INTO Song (song_name,artist_id,duration) VALUES ("More Than A Woman",16,"00:03:08");
INSERT INTO AlbumSong (album_id,song_id,format_id) VALUES(170,2345,1);
INSERT INTO AlbumSong (album_id,song_id,format_id) VALUES(170,2345,2);
INSERT INTO Song (song_name,artist_id,duration) VALUES ("Making A Fire",16,"00:04:12");
INSERT INTO AlbumSong (album_id,song_id,format_id) VALUES(170,2346,1);
INSERT INTO AlbumSong (album_id,song_id,format_id) VALUES(170,2346,2);
INSERT INTO Song (song_name,artist_id,duration) VALUES ("Shame Shame",16,"00:04:02");
INSERT INTO AlbumSong (album_id,song_id,format_id) VALUES(170,2347,1);
INSERT INTO AlbumSong (album_id,song_id,format_id) VALUES(170,2347,2);
INSERT INTO Song (song_name,artist_id,duration) VALUES ("Waiting On A War",16,"00:04:04");
INSERT INTO AlbumSong (album_id,song_id,format_id) VALUES(170,2348,1);
INSERT INTO AlbumSong (album_id,song_id,format_id) VALUES(170,2348,2);
INSERT INTO Song (song_name,artist_id,duration) VALUES ("No Son Of Mine",16,"00:03:25");
INSERT INTO AlbumSong (album_id,song_id,format_id) VALUES(170,2349,1);
INSERT INTO AlbumSong (album_id,song_id,format_id) VALUES(170,2349,2);
INSERT INTO Song (song_name,artist_id,duration) VALUES ("Cloudspotter",16,"00:03:43");
INSERT INTO AlbumSong (album_id,song_id,format_id) VALUES(170,2350,1);
INSERT INTO AlbumSong (album_id,song_id,format_id) VALUES(170,2350,2);
INSERT INTO Album(album_id,album_name,artist_id,art_id,release_date) VALUES (170,"Dee Gees / Hail Satin - Foo Fighters / Live",16,170,"2021-07-19");
INSERT INTO AlbumArt(path) VALUES ("/var/www/album_art/foo_fighters_medicine_at_midnight.jpg");
INSERT INTO Song (song_name,artist_id,duration) VALUES ("Making A Fire",16,"00:04:15");
INSERT INTO AlbumSong (album_id,song_id,format_id) VALUES(171,2351,1);
INSERT INTO AlbumSong (album_id,song_id,format_id) VALUES(171,2351,2);
INSERT INTO Song (song_name,artist_id,duration) VALUES ("Shame Shame",16,"00:04:17");
INSERT INTO AlbumSong (album_id,song_id,format_id) VALUES(171,2352,1);
INSERT INTO AlbumSong (album_id,song_id,format_id) VALUES(171,2352,2);
INSERT INTO Song (song_name,artist_id,duration) VALUES ("Cloudspotter",16,"00:03:53");
INSERT INTO AlbumSong (album_id,song_id,format_id) VALUES(171,2353,1);
INSERT INTO AlbumSong (album_id,song_id,format_id) VALUES(171,2353,2);
INSERT INTO Song (song_name,artist_id,duration) VALUES ("Waiting On A War",16,"00:04:13");
INSERT INTO AlbumSong (album_id,song_id,format_id) VALUES(171,2354,1);
INSERT INTO AlbumSong (album_id,song_id,format_id) VALUES(171,2354,2);
INSERT INTO Song (song_name,artist_id,duration) VALUES ("Medicine At Midnight",16,"00:03:29");
INSERT INTO AlbumSong (album_id,song_id,format_id) VALUES(171,2355,1);
INSERT INTO AlbumSong (album_id,song_id,format_id) VALUES(171,2355,2);
INSERT INTO Song (song_name,artist_id,duration) VALUES ("No Son Of Mine",16,"00:03:28");
INSERT INTO AlbumSong (album_id,song_id,format_id) VALUES(171,2356,1);
INSERT INTO AlbumSong (album_id,song_id,format_id) VALUES(171,2356,2);
INSERT INTO Song (song_name,artist_id,duration) VALUES ("Holding Poison",16,"00:04:24");
INSERT INTO AlbumSong (album_id,song_id,format_id) VALUES(171,2357,1);
INSERT INTO AlbumSong (album_id,song_id,format_id) VALUES(171,2357,2);
INSERT INTO Song (song_name,artist_id,duration) VALUES ("Chasing Birds",16,"00:04:12");
INSERT INTO AlbumSong (album_id,song_id,format_id) VALUES(171,2358,1);
INSERT INTO AlbumSong (album_id,song_id,format_id) VALUES(171,2358,2);
INSERT INTO Song (song_name,artist_id,duration) VALUES ("Love Dies Young",16,"00:04:21");
INSERT INTO AlbumSong (album_id,song_id,format_id) VALUES(171,2359,1);
INSERT INTO AlbumSong (album_id,song_id,format_id) VALUES(171,2359,2);
INSERT INTO Album(album_id,album_name,artist_id,art_id,release_date) VALUES (171,"Medicine At Midnight",16,171,"2021-02-05");
INSERT INTO AlbumArt(path) VALUES ("/var/www/album_art/foo_fighters_medicine_at_midnight_(track_commentary).jpg");
INSERT INTO Song (song_name,artist_id,duration) VALUES ("Making A Fire - Track Commentary",16,"00:00:46");
INSERT INTO AlbumSong (album_id,song_id,format_id) VALUES(172,2360,1);
INSERT INTO AlbumSong (album_id,song_id,format_id) VALUES(172,2360,2);
INSERT INTO Song (song_name,artist_id,duration) VALUES ("Shame Shame - Track Commentary",16,"00:00:34");
INSERT INTO AlbumSong (album_id,song_id,format_id) VALUES(172,2361,1);
INSERT INTO AlbumSong (album_id,song_id,format_id) VALUES(172,2361,2);
INSERT INTO Song (song_name,artist_id,duration) VALUES ("Cloudspotter - Track Commentary",16,"00:00:48");
INSERT INTO AlbumSong (album_id,song_id,format_id) VALUES(172,2362,1);
INSERT INTO AlbumSong (album_id,song_id,format_id) VALUES(172,2362,2);
INSERT INTO Song (song_name,artist_id,duration) VALUES ("Waiting On A War - Track Commentary",16,"00:00:42");
INSERT INTO AlbumSong (album_id,song_id,format_id) VALUES(172,2363,1);
INSERT INTO AlbumSong (album_id,song_id,format_id) VALUES(172,2363,2);
INSERT INTO Song (song_name,artist_id,duration) VALUES ("Medicine At Midnight - Track Commentary",16,"00:00:45");
INSERT INTO AlbumSong (album_id,song_id,format_id) VALUES(172,2364,1);
INSERT INTO AlbumSong (album_id,song_id,format_id) VALUES(172,2364,2);
INSERT INTO Song (song_name,artist_id,duration) VALUES ("No Son Of Mine - Track Commentary",16,"00:00:41");
INSERT INTO AlbumSong (album_id,song_id,format_id) VALUES(172,2365,1);
INSERT INTO AlbumSong (album_id,song_id,format_id) VALUES(172,2365,2);
INSERT INTO Song (song_name,artist_id,duration) VALUES ("Holding Poison - Track Commentary",16,"00:00:49");
INSERT INTO AlbumSong (album_id,song_id,format_id) VALUES(172,2366,1);
INSERT INTO AlbumSong (album_id,song_id,format_id) VALUES(172,2366,2);
INSERT INTO Song (song_name,artist_id,duration) VALUES ("Chasing Birds - Track Commentary",16,"00:00:46");
INSERT INTO AlbumSong (album_id,song_id,format_id) VALUES(172,2367,1);
INSERT INTO AlbumSong (album_id,song_id,format_id) VALUES(172,2367,2);
INSERT INTO Song (song_name,artist_id,duration) VALUES ("Love Dies Young - Track Commentary",16,"00:00:53");
INSERT INTO AlbumSong (album_id,song_id,format_id) VALUES(172,2368,1);
INSERT INTO AlbumSong (album_id,song_id,format_id) VALUES(172,2368,2);
INSERT INTO Album(album_id,album_name,artist_id,art_id,release_date) VALUES (172,"Medicine At Midnight (Track Commentary)",16,172,"2021-02-03");
INSERT INTO AlbumArt(path) VALUES ("/var/www/album_art/foo_fighters_concrete_and_gold.jpg");
INSERT INTO Song (song_name,artist_id,duration) VALUES ("T-Shirt",16,"00:01:22");
INSERT INTO AlbumSong (album_id,song_id,format_id) VALUES(173,2369,1);
INSERT INTO AlbumSong (album_id,song_id,format_id) VALUES(173,2369,2);
INSERT INTO Song (song_name,artist_id,duration) VALUES ("Run",16,"00:05:23");
INSERT INTO AlbumSong (album_id,song_id,format_id) VALUES(173,2370,1);
INSERT INTO AlbumSong (album_id,song_id,format_id) VALUES(173,2370,2);
INSERT INTO Song (song_name,artist_id,duration) VALUES ("Make It Right",16,"00:04:39");
INSERT INTO AlbumSong (album_id,song_id,format_id) VALUES(173,2371,1);
INSERT INTO AlbumSong (album_id,song_id,format_id) VALUES(173,2371,2);
INSERT INTO Song (song_name,artist_id,duration) VALUES ("The Sky Is A Neighborhood",16,"00:04:04");
INSERT INTO AlbumSong (album_id,song_id,format_id) VALUES(173,2372,1);
INSERT INTO AlbumSong (album_id,song_id,format_id) VALUES(173,2372,2);
INSERT INTO Song (song_name,artist_id,duration) VALUES ("La Dee Da",16,"00:04:02");
INSERT INTO AlbumSong (album_id,song_id,format_id) VALUES(173,2373,1);
INSERT INTO AlbumSong (album_id,song_id,format_id) VALUES(173,2373,2);
INSERT INTO Song (song_name,artist_id,duration) VALUES ("Dirty Water",16,"00:05:20");
INSERT INTO AlbumSong (album_id,song_id,format_id) VALUES(173,2374,1);
INSERT INTO AlbumSong (album_id,song_id,format_id) VALUES(173,2374,2);
INSERT INTO Song (song_name,artist_id,duration) VALUES ("Arrows",16,"00:04:26");
INSERT INTO AlbumSong (album_id,song_id,format_id) VALUES(173,2375,1);
INSERT INTO AlbumSong (album_id,song_id,format_id) VALUES(173,2375,2);
INSERT INTO Song (song_name,artist_id,duration) VALUES ("Happy Ever After (Zero Hour)",16,"00:03:40");
INSERT INTO AlbumSong (album_id,song_id,format_id) VALUES(173,2376,1);
INSERT INTO AlbumSong (album_id,song_id,format_id) VALUES(173,2376,2);
INSERT INTO Song (song_name,artist_id,duration) VALUES ("Sunday Rain",16,"00:06:11");
INSERT INTO AlbumSong (album_id,song_id,format_id) VALUES(173,2377,1);
INSERT INTO AlbumSong (album_id,song_id,format_id) VALUES(173,2377,2);
INSERT INTO Song (song_name,artist_id,duration) VALUES ("The Line",16,"00:03:38");
INSERT INTO AlbumSong (album_id,song_id,format_id) VALUES(173,2378,1);
INSERT INTO AlbumSong (album_id,song_id,format_id) VALUES(173,2378,2);
INSERT INTO Song (song_name,artist_id,duration) VALUES ("Concrete and Gold",16,"00:05:31");
INSERT INTO AlbumSong (album_id,song_id,format_id) VALUES(173,2379,1);
INSERT INTO AlbumSong (album_id,song_id,format_id) VALUES(173,2379,2);
INSERT INTO Album(album_id,album_name,artist_id,art_id,release_date) VALUES (173,"Concrete and Gold",16,173,"2017-09-15");
INSERT INTO AlbumArt(path) VALUES ("/var/www/album_art/foo_fighters_sonic_highways.jpg");
INSERT INTO Song (song_name,artist_id,duration) VALUES ("Something from Nothing",16,"00:04:48");
INSERT INTO AlbumSong (album_id,song_id,format_id) VALUES(174,2380,1);
INSERT INTO AlbumSong (album_id,song_id,format_id) VALUES(174,2380,2);
INSERT INTO Song (song_name,artist_id,duration) VALUES ("The Feast and The Famine",16,"00:03:49");
INSERT INTO AlbumSong (album_id,song_id,format_id) VALUES(174,2381,1);
INSERT INTO AlbumSong (album_id,song_id,format_id) VALUES(174,2381,2);
INSERT INTO Song (song_name,artist_id,duration) VALUES ("Congregation",16,"00:05:11");
INSERT INTO AlbumSong (album_id,song_id,format_id) VALUES(174,2382,1);
INSERT INTO AlbumSong (album_id,song_id,format_id) VALUES(174,2382,2);
INSERT INTO Song (song_name,artist_id,duration) VALUES ("What Did I Do?/God As My Witness",16,"00:05:43");
INSERT INTO AlbumSong (album_id,song_id,format_id) VALUES(174,2383,1);
INSERT INTO AlbumSong (album_id,song_id,format_id) VALUES(174,2383,2);
INSERT INTO Song (song_name,artist_id,duration) VALUES ("Outside",16,"00:05:14");
INSERT INTO AlbumSong (album_id,song_id,format_id) VALUES(174,2384,1);
INSERT INTO AlbumSong (album_id,song_id,format_id) VALUES(174,2384,2);
INSERT INTO Song (song_name,artist_id,duration) VALUES ("In The Clear",16,"00:04:03");
INSERT INTO AlbumSong (album_id,song_id,format_id) VALUES(174,2385,1);
INSERT INTO AlbumSong (album_id,song_id,format_id) VALUES(174,2385,2);
INSERT INTO Song (song_name,artist_id,duration) VALUES ("Subterranean",16,"00:06:07");
INSERT INTO AlbumSong (album_id,song_id,format_id) VALUES(174,2386,1);
INSERT INTO AlbumSong (album_id,song_id,format_id) VALUES(174,2386,2);
INSERT INTO Song (song_name,artist_id,duration) VALUES ("I Am A River",16,"00:07:08");
INSERT INTO AlbumSong (album_id,song_id,format_id) VALUES(174,2387,1);
INSERT INTO AlbumSong (album_id,song_id,format_id) VALUES(174,2387,2);
INSERT INTO Album(album_id,album_name,artist_id,art_id,release_date) VALUES (174,"Sonic Highways",16,174,"2014-11-09");
INSERT INTO AlbumArt(path) VALUES ("/var/www/album_art/foo_fighters_wasting_light.jpg");
INSERT INTO Song (song_name,artist_id,duration) VALUES ("Bridge Burning",16,"00:04:46");
INSERT INTO AlbumSong (album_id,song_id,format_id) VALUES(175,2388,1);
INSERT INTO AlbumSong (album_id,song_id,format_id) VALUES(175,2388,2);
INSERT INTO Song (song_name,artist_id,duration) VALUES ("Rope",16,"00:04:19");
INSERT INTO AlbumSong (album_id,song_id,format_id) VALUES(175,2389,1);
INSERT INTO AlbumSong (album_id,song_id,format_id) VALUES(175,2389,2);
INSERT INTO Song (song_name,artist_id,duration) VALUES ("Dear Rosemary",16,"00:04:26");
INSERT INTO AlbumSong (album_id,song_id,format_id) VALUES(175,2390,1);
INSERT INTO AlbumSong (album_id,song_id,format_id) VALUES(175,2390,2);
INSERT INTO Song (song_name,artist_id,duration) VALUES ("White Limo",16,"00:03:22");
INSERT INTO AlbumSong (album_id,song_id,format_id) VALUES(175,2391,1);
INSERT INTO AlbumSong (album_id,song_id,format_id) VALUES(175,2391,2);
INSERT INTO Song (song_name,artist_id,duration) VALUES ("Arlandria",16,"00:04:27");
INSERT INTO AlbumSong (album_id,song_id,format_id) VALUES(175,2392,1);
INSERT INTO AlbumSong (album_id,song_id,format_id) VALUES(175,2392,2);
INSERT INTO Song (song_name,artist_id,duration) VALUES ("These Days",16,"00:04:58");
INSERT INTO AlbumSong (album_id,song_id,format_id) VALUES(175,2393,1);
INSERT INTO AlbumSong (album_id,song_id,format_id) VALUES(175,2393,2);
INSERT INTO Song (song_name,artist_id,duration) VALUES ("Back & Forth",16,"00:03:51");
INSERT INTO AlbumSong (album_id,song_id,format_id) VALUES(175,2394,1);
INSERT INTO AlbumSong (album_id,song_id,format_id) VALUES(175,2394,2);
INSERT INTO Song (song_name,artist_id,duration) VALUES ("A Matter Of Time",16,"00:04:36");
INSERT INTO AlbumSong (album_id,song_id,format_id) VALUES(175,2395,1);
INSERT INTO AlbumSong (album_id,song_id,format_id) VALUES(175,2395,2);
INSERT INTO Song (song_name,artist_id,duration) VALUES ("Miss The Misery",16,"00:04:31");
INSERT INTO AlbumSong (album_id,song_id,format_id) VALUES(175,2396,1);
INSERT INTO AlbumSong (album_id,song_id,format_id) VALUES(175,2396,2);
INSERT INTO Song (song_name,artist_id,duration) VALUES ("I Should Have Known",16,"00:04:15");
INSERT INTO AlbumSong (album_id,song_id,format_id) VALUES(175,2397,1);
INSERT INTO AlbumSong (album_id,song_id,format_id) VALUES(175,2397,2);
INSERT INTO Song (song_name,artist_id,duration) VALUES ("Walk",16,"00:04:15");
INSERT INTO AlbumSong (album_id,song_id,format_id) VALUES(175,2398,1);
INSERT INTO AlbumSong (album_id,song_id,format_id) VALUES(175,2398,2);
INSERT INTO Album(album_id,album_name,artist_id,art_id,release_date) VALUES (175,"Wasting Light",16,175,"2011-04-12");
INSERT INTO AlbumArt(path) VALUES ("/var/www/album_art/foo_fighters_echoes,_silence,_patience_&_grace.jpg");
INSERT INTO Song (song_name,artist_id,duration) VALUES ("The Pretender",16,"00:04:29");
INSERT INTO AlbumSong (album_id,song_id,format_id) VALUES(176,2399,1);
INSERT INTO AlbumSong (album_id,song_id,format_id) VALUES(176,2399,2);
INSERT INTO Song (song_name,artist_id,duration) VALUES ("Let It Die",16,"00:04:04");
INSERT INTO AlbumSong (album_id,song_id,format_id) VALUES(176,2400,1);
INSERT INTO AlbumSong (album_id,song_id,format_id) VALUES(176,2400,2);
INSERT INTO Song (song_name,artist_id,duration) VALUES ("Erase/Replace",16,"00:04:13");
INSERT INTO AlbumSong (album_id,song_id,format_id) VALUES(176,2401,1);
INSERT INTO AlbumSong (album_id,song_id,format_id) VALUES(176,2401,2);
INSERT INTO Song (song_name,artist_id,duration) VALUES ("Long Road To Ruin",16,"00:03:44");
INSERT INTO AlbumSong (album_id,song_id,format_id) VALUES(176,2402,1);
INSERT INTO AlbumSong (album_id,song_id,format_id) VALUES(176,2402,2);
INSERT INTO Song (song_name,artist_id,duration) VALUES ("Come Alive",16,"00:05:10");
INSERT INTO AlbumSong (album_id,song_id,format_id) VALUES(176,2403,1);
INSERT INTO AlbumSong (album_id,song_id,format_id) VALUES(176,2403,2);
INSERT INTO Song (song_name,artist_id,duration) VALUES ("Stranger Things Have Happened",16,"00:05:21");
INSERT INTO AlbumSong (album_id,song_id,format_id) VALUES(176,2404,1);
INSERT INTO AlbumSong (album_id,song_id,format_id) VALUES(176,2404,2);
INSERT INTO Song (song_name,artist_id,duration) VALUES ("Cheer Up, Boys (Your Make Up Is Running)",16,"00:03:41");
INSERT INTO AlbumSong (album_id,song_id,format_id) VALUES(176,2405,1);
INSERT INTO AlbumSong (album_id,song_id,format_id) VALUES(176,2405,2);
INSERT INTO Song (song_name,artist_id,duration) VALUES ("Summer's End",16,"00:04:37");
INSERT INTO AlbumSong (album_id,song_id,format_id) VALUES(176,2406,1);
INSERT INTO AlbumSong (album_id,song_id,format_id) VALUES(176,2406,2);
INSERT INTO Song (song_name,artist_id,duration) VALUES ("Ballad Of The Beaconsfield Miners",16,"00:02:32");
INSERT INTO AlbumSong (album_id,song_id,format_id) VALUES(176,2407,1);
INSERT INTO AlbumSong (album_id,song_id,format_id) VALUES(176,2407,2);
INSERT INTO Song (song_name,artist_id,duration) VALUES ("Statues",16,"00:03:47");
INSERT INTO AlbumSong (album_id,song_id,format_id) VALUES(176,2408,1);
INSERT INTO AlbumSong (album_id,song_id,format_id) VALUES(176,2408,2);
INSERT INTO Song (song_name,artist_id,duration) VALUES ("But, Honestly",16,"00:04:35");
INSERT INTO AlbumSong (album_id,song_id,format_id) VALUES(176,2409,1);
INSERT INTO AlbumSong (album_id,song_id,format_id) VALUES(176,2409,2);
INSERT INTO Song (song_name,artist_id,duration) VALUES ("Home",16,"00:04:53");
INSERT INTO AlbumSong (album_id,song_id,format_id) VALUES(176,2410,1);
INSERT INTO AlbumSong (album_id,song_id,format_id) VALUES(176,2410,2);
INSERT INTO Album(album_id,album_name,artist_id,art_id,release_date) VALUES (176,"Echoes, Silence, Patience & Grace",16,176,"2007-09-25");
INSERT INTO AlbumArt(path) VALUES ("/var/www/album_art/foo_fighters_skin_and_bones_(live).jpg");
INSERT INTO Song (song_name,artist_id,duration) VALUES ("Razor - Live at the Pantages Theatre, Los Angeles, CA - August 2006",16,"00:06:48");
INSERT INTO AlbumSong (album_id,song_id,format_id) VALUES(177,2411,1);
INSERT INTO AlbumSong (album_id,song_id,format_id) VALUES(177,2411,2);
INSERT INTO Song (song_name,artist_id,duration) VALUES ("Over And Out - Live at the Pantages Theatre, Los Angeles, CA - August 2006",16,"00:05:56");
INSERT INTO AlbumSong (album_id,song_id,format_id) VALUES(177,2412,1);
INSERT INTO AlbumSong (album_id,song_id,format_id) VALUES(177,2412,2);
INSERT INTO Song (song_name,artist_id,duration) VALUES ("Walking After You - Live at the Pantages Theatre, Los Angeles, CA - August 2006",16,"00:05:18");
INSERT INTO AlbumSong (album_id,song_id,format_id) VALUES(177,2413,1);
INSERT INTO AlbumSong (album_id,song_id,format_id) VALUES(177,2413,2);
INSERT INTO Song (song_name,artist_id,duration) VALUES ("Marigold - Live at the Pantages Theatre, Los Angeles, CA - August 2006",16,"00:03:19");
INSERT INTO AlbumSong (album_id,song_id,format_id) VALUES(177,2414,1);
INSERT INTO AlbumSong (album_id,song_id,format_id) VALUES(177,2414,2);
INSERT INTO Song (song_name,artist_id,duration) VALUES ("My Hero - Live at the Pantages Theatre, Los Angeles, CA - August 2006",16,"00:04:51");
INSERT INTO AlbumSong (album_id,song_id,format_id) VALUES(177,2415,1);
INSERT INTO AlbumSong (album_id,song_id,format_id) VALUES(177,2415,2);
INSERT INTO Song (song_name,artist_id,duration) VALUES ("Next Year - Live at the Pantages Theatre, Los Angeles, CA - August 2006",16,"00:04:34");
INSERT INTO AlbumSong (album_id,song_id,format_id) VALUES(177,2416,1);
INSERT INTO AlbumSong (album_id,song_id,format_id) VALUES(177,2416,2);
INSERT INTO Song (song_name,artist_id,duration) VALUES ("Another Round - Live at the Pantages Theatre, Los Angeles, CA - August 2006",16,"00:04:55");
INSERT INTO AlbumSong (album_id,song_id,format_id) VALUES(177,2417,1);
INSERT INTO AlbumSong (album_id,song_id,format_id) VALUES(177,2417,2);
INSERT INTO Song (song_name,artist_id,duration) VALUES ("Big Me - Live at the Pantages Theatre, Los Angeles, CA - August 2006",16,"00:03:01");
INSERT INTO AlbumSong (album_id,song_id,format_id) VALUES(177,2418,1);
INSERT INTO AlbumSong (album_id,song_id,format_id) VALUES(177,2418,2);
INSERT INTO Song (song_name,artist_id,duration) VALUES ("Cold Day In The Sun - Live at the Pantages Theatre, Los Angeles, CA - August 2006",16,"00:03:26");
INSERT INTO AlbumSong (album_id,song_id,format_id) VALUES(177,2419,1);
INSERT INTO AlbumSong (album_id,song_id,format_id) VALUES(177,2419,2);
INSERT INTO Song (song_name,artist_id,duration) VALUES ("Skin And Bones - Live at the Pantages Theatre, Los Angeles, CA - August 2006",16,"00:04:00");
INSERT INTO AlbumSong (album_id,song_id,format_id) VALUES(177,2420,1);
INSERT INTO AlbumSong (album_id,song_id,format_id) VALUES(177,2420,2);
INSERT INTO Song (song_name,artist_id,duration) VALUES ("February Stars - Live at the Pantages Theatre, Los Angeles, CA - August 2006",16,"00:05:51");
INSERT INTO AlbumSong (album_id,song_id,format_id) VALUES(177,2421,1);
INSERT INTO AlbumSong (album_id,song_id,format_id) VALUES(177,2421,2);
INSERT INTO Song (song_name,artist_id,duration) VALUES ("Times Like These - Live at the Pantages Theatre, Los Angeles, CA - August 2006",16,"00:05:25");
INSERT INTO AlbumSong (album_id,song_id,format_id) VALUES(177,2422,1);
INSERT INTO AlbumSong (album_id,song_id,format_id) VALUES(177,2422,2);
INSERT INTO Song (song_name,artist_id,duration) VALUES ("Friend Of A Friend - Live at the Pantages Theatre, Los Angeles, CA - August 2006",16,"00:04:01");
INSERT INTO AlbumSong (album_id,song_id,format_id) VALUES(177,2423,1);
INSERT INTO AlbumSong (album_id,song_id,format_id) VALUES(177,2423,2);
INSERT INTO Song (song_name,artist_id,duration) VALUES ("Best Of You - Live at the Pantages Theatre, Los Angeles, CA - August 2006",16,"00:05:02");
INSERT INTO AlbumSong (album_id,song_id,format_id) VALUES(177,2424,1);
INSERT INTO AlbumSong (album_id,song_id,format_id) VALUES(177,2424,2);
INSERT INTO Song (song_name,artist_id,duration) VALUES ("Everlong - Live at the Pantages Theatre, Los Angeles, CA - August 2006",16,"00:06:37");
INSERT INTO AlbumSong (album_id,song_id,format_id) VALUES(177,2425,1);
INSERT INTO AlbumSong (album_id,song_id,format_id) VALUES(177,2425,2);
INSERT INTO Album(album_id,album_name,artist_id,art_id,release_date) VALUES (177,"Skin And Bones (Live)",16,177,"2006-11-07");
INSERT INTO AlbumArt(path) VALUES ("/var/www/album_art/foo_fighters_in_your_honor.jpg");
INSERT INTO Song (song_name,artist_id,duration) VALUES ("In Your Honor",16,"00:03:50");
INSERT INTO AlbumSong (album_id,song_id,format_id) VALUES(178,2426,1);
INSERT INTO AlbumSong (album_id,song_id,format_id) VALUES(178,2426,2);
INSERT INTO Song (song_name,artist_id,duration) VALUES ("No Way Back",16,"00:03:16");
INSERT INTO AlbumSong (album_id,song_id,format_id) VALUES(178,2427,1);
INSERT INTO AlbumSong (album_id,song_id,format_id) VALUES(178,2427,2);
INSERT INTO Song (song_name,artist_id,duration) VALUES ("Best of You",16,"00:04:15");
INSERT INTO AlbumSong (album_id,song_id,format_id) VALUES(178,2428,1);
INSERT INTO AlbumSong (album_id,song_id,format_id) VALUES(178,2428,2);
INSERT INTO Song (song_name,artist_id,duration) VALUES ("DOA",16,"00:04:12");
INSERT INTO AlbumSong (album_id,song_id,format_id) VALUES(178,2429,1);
INSERT INTO AlbumSong (album_id,song_id,format_id) VALUES(178,2429,2);
INSERT INTO Song (song_name,artist_id,duration) VALUES ("Hell",16,"00:01:57");
INSERT INTO AlbumSong (album_id,song_id,format_id) VALUES(178,2430,1);
INSERT INTO AlbumSong (album_id,song_id,format_id) VALUES(178,2430,2);
INSERT INTO Song (song_name,artist_id,duration) VALUES ("The Last Song",16,"00:03:19");
INSERT INTO AlbumSong (album_id,song_id,format_id) VALUES(178,2431,1);
INSERT INTO AlbumSong (album_id,song_id,format_id) VALUES(178,2431,2);
INSERT INTO Song (song_name,artist_id,duration) VALUES ("Free Me",16,"00:04:38");
INSERT INTO AlbumSong (album_id,song_id,format_id) VALUES(178,2432,1);
INSERT INTO AlbumSong (album_id,song_id,format_id) VALUES(178,2432,2);
INSERT INTO Song (song_name,artist_id,duration) VALUES ("Resolve",16,"00:04:48");
INSERT INTO AlbumSong (album_id,song_id,format_id) VALUES(178,2433,1);
INSERT INTO AlbumSong (album_id,song_id,format_id) VALUES(178,2433,2);
INSERT INTO Song (song_name,artist_id,duration) VALUES ("The Deepest Blues Are Black",16,"00:03:58");
INSERT INTO AlbumSong (album_id,song_id,format_id) VALUES(178,2434,1);
INSERT INTO AlbumSong (album_id,song_id,format_id) VALUES(178,2434,2);
INSERT INTO Song (song_name,artist_id,duration) VALUES ("End Over End",16,"00:05:52");
INSERT INTO AlbumSong (album_id,song_id,format_id) VALUES(178,2435,1);
INSERT INTO AlbumSong (album_id,song_id,format_id) VALUES(178,2435,2);
INSERT INTO Song (song_name,artist_id,duration) VALUES ("Still",16,"00:05:13");
INSERT INTO AlbumSong (album_id,song_id,format_id) VALUES(178,2436,1);
INSERT INTO AlbumSong (album_id,song_id,format_id) VALUES(178,2436,2);
INSERT INTO Song (song_name,artist_id,duration) VALUES ("What If I Do?",16,"00:05:02");
INSERT INTO AlbumSong (album_id,song_id,format_id) VALUES(178,2437,1);
INSERT INTO AlbumSong (album_id,song_id,format_id) VALUES(178,2437,2);
INSERT INTO Song (song_name,artist_id,duration) VALUES ("Miracle",16,"00:03:29");
INSERT INTO AlbumSong (album_id,song_id,format_id) VALUES(178,2438,1);
INSERT INTO AlbumSong (album_id,song_id,format_id) VALUES(178,2438,2);
INSERT INTO Song (song_name,artist_id,duration) VALUES ("Another Round",16,"00:04:25");
INSERT INTO AlbumSong (album_id,song_id,format_id) VALUES(178,2439,1);
INSERT INTO AlbumSong (album_id,song_id,format_id) VALUES(178,2439,2);
INSERT INTO Song (song_name,artist_id,duration) VALUES ("Friend Of A Friend",16,"00:03:13");
INSERT INTO AlbumSong (album_id,song_id,format_id) VALUES(178,2440,1);
INSERT INTO AlbumSong (album_id,song_id,format_id) VALUES(178,2440,2);
INSERT INTO Song (song_name,artist_id,duration) VALUES ("Over And Out",16,"00:05:16");
INSERT INTO AlbumSong (album_id,song_id,format_id) VALUES(178,2441,1);
INSERT INTO AlbumSong (album_id,song_id,format_id) VALUES(178,2441,2);
INSERT INTO Song (song_name,artist_id,duration) VALUES ("On The Mend",16,"00:04:31");
INSERT INTO AlbumSong (album_id,song_id,format_id) VALUES(178,2442,1);
INSERT INTO AlbumSong (album_id,song_id,format_id) VALUES(178,2442,2);
INSERT INTO Song (song_name,artist_id,duration) VALUES ("Virginia Moon",16,"00:03:49");
INSERT INTO AlbumSong (album_id,song_id,format_id) VALUES(178,2443,1);
INSERT INTO AlbumSong (album_id,song_id,format_id) VALUES(178,2443,2);
INSERT INTO Song (song_name,artist_id,duration) VALUES ("Cold Day In The Sun",16,"00:03:20");
INSERT INTO AlbumSong (album_id,song_id,format_id) VALUES(178,2444,1);
INSERT INTO AlbumSong (album_id,song_id,format_id) VALUES(178,2444,2);
INSERT INTO Song (song_name,artist_id,duration) VALUES ("Razor",16,"00:04:53");
INSERT INTO AlbumSong (album_id,song_id,format_id) VALUES(178,2445,1);
INSERT INTO AlbumSong (album_id,song_id,format_id) VALUES(178,2445,2);
INSERT INTO Album(album_id,album_name,artist_id,art_id,release_date) VALUES (178,"In Your Honor",16,178,"2005-06-14");
INSERT INTO AlbumArt(path) VALUES ("/var/www/album_art/foo_fighters_one_by_one_(expanded_edition).jpg");
INSERT INTO Song (song_name,artist_id,duration) VALUES ("All My Life",16,"00:04:23");
INSERT INTO AlbumSong (album_id,song_id,format_id) VALUES(179,2446,1);
INSERT INTO AlbumSong (album_id,song_id,format_id) VALUES(179,2446,2);
INSERT INTO Song (song_name,artist_id,duration) VALUES ("Low",16,"00:04:28");
INSERT INTO AlbumSong (album_id,song_id,format_id) VALUES(179,2447,1);
INSERT INTO AlbumSong (album_id,song_id,format_id) VALUES(179,2447,2);
INSERT INTO Song (song_name,artist_id,duration) VALUES ("Have It All",16,"00:04:58");
INSERT INTO AlbumSong (album_id,song_id,format_id) VALUES(179,2448,1);
INSERT INTO AlbumSong (album_id,song_id,format_id) VALUES(179,2448,2);
INSERT INTO Song (song_name,artist_id,duration) VALUES ("Times Like These",16,"00:04:25");
INSERT INTO AlbumSong (album_id,song_id,format_id) VALUES(179,2449,1);
INSERT INTO AlbumSong (album_id,song_id,format_id) VALUES(179,2449,2);
INSERT INTO Song (song_name,artist_id,duration) VALUES ("Disenchanted Lullaby",16,"00:04:33");
INSERT INTO AlbumSong (album_id,song_id,format_id) VALUES(179,2450,1);
INSERT INTO AlbumSong (album_id,song_id,format_id) VALUES(179,2450,2);
INSERT INTO Song (song_name,artist_id,duration) VALUES ("Tired Of You",16,"00:05:11");
INSERT INTO AlbumSong (album_id,song_id,format_id) VALUES(179,2451,1);
INSERT INTO AlbumSong (album_id,song_id,format_id) VALUES(179,2451,2);
INSERT INTO Song (song_name,artist_id,duration) VALUES ("Halo",16,"00:05:06");
INSERT INTO AlbumSong (album_id,song_id,format_id) VALUES(179,2452,1);
INSERT INTO AlbumSong (album_id,song_id,format_id) VALUES(179,2452,2);
INSERT INTO Song (song_name,artist_id,duration) VALUES ("Lonely As You",16,"00:04:37");
INSERT INTO AlbumSong (album_id,song_id,format_id) VALUES(179,2453,1);
INSERT INTO AlbumSong (album_id,song_id,format_id) VALUES(179,2453,2);
INSERT INTO Song (song_name,artist_id,duration) VALUES ("Overdrive",16,"00:04:30");
INSERT INTO AlbumSong (album_id,song_id,format_id) VALUES(179,2454,1);
INSERT INTO AlbumSong (album_id,song_id,format_id) VALUES(179,2454,2);
INSERT INTO Song (song_name,artist_id,duration) VALUES ("Burn Away",16,"00:04:57");
INSERT INTO AlbumSong (album_id,song_id,format_id) VALUES(179,2455,1);
INSERT INTO AlbumSong (album_id,song_id,format_id) VALUES(179,2455,2);
INSERT INTO Song (song_name,artist_id,duration) VALUES ("Come Back",16,"00:07:47");
INSERT INTO AlbumSong (album_id,song_id,format_id) VALUES(179,2456,1);
INSERT INTO AlbumSong (album_id,song_id,format_id) VALUES(179,2456,2);
INSERT INTO Song (song_name,artist_id,duration) VALUES ("Walking A Line",16,"00:03:55");
INSERT INTO AlbumSong (album_id,song_id,format_id) VALUES(179,2457,1);
INSERT INTO AlbumSong (album_id,song_id,format_id) VALUES(179,2457,2);
INSERT INTO Song (song_name,artist_id,duration) VALUES ("Sister Europe",16,"00:05:10");
INSERT INTO AlbumSong (album_id,song_id,format_id) VALUES(179,2458,1);
INSERT INTO AlbumSong (album_id,song_id,format_id) VALUES(179,2458,2);
INSERT INTO Song (song_name,artist_id,duration) VALUES ("Danny Says",16,"00:02:57");
INSERT INTO AlbumSong (album_id,song_id,format_id) VALUES(179,2459,1);
INSERT INTO AlbumSong (album_id,song_id,format_id) VALUES(179,2459,2);
INSERT INTO Song (song_name,artist_id,duration) VALUES ("Life Of Illusion",16,"00:03:39");
INSERT INTO AlbumSong (album_id,song_id,format_id) VALUES(179,2460,1);
INSERT INTO AlbumSong (album_id,song_id,format_id) VALUES(179,2460,2);
INSERT INTO Song (song_name,artist_id,duration) VALUES ("For All The Cows - Live In Amsterdam",16,"00:03:31");
INSERT INTO AlbumSong (album_id,song_id,format_id) VALUES(179,2461,1);
INSERT INTO AlbumSong (album_id,song_id,format_id) VALUES(179,2461,2);
INSERT INTO Song (song_name,artist_id,duration) VALUES ("Monkey Wrench - Live at Cold Live At The Chapel, Melbourne, Australia - Feb 2000",16,"00:04:02");
INSERT INTO AlbumSong (album_id,song_id,format_id) VALUES(179,2462,1);
INSERT INTO AlbumSong (album_id,song_id,format_id) VALUES(179,2462,2);
INSERT INTO Album(album_id,album_name,artist_id,art_id,release_date) VALUES (179,"One By One (Expanded Edition)",16,179,"2002-10-22");
INSERT INTO AlbumArt(path) VALUES ("/var/www/album_art/foo_fighters_there_is_nothing_left_to_lose.jpg");
INSERT INTO Song (song_name,artist_id,duration) VALUES ("Stacked Actors",16,"00:04:16");
INSERT INTO AlbumSong (album_id,song_id,format_id) VALUES(180,2463,1);
INSERT INTO AlbumSong (album_id,song_id,format_id) VALUES(180,2463,2);
INSERT INTO Song (song_name,artist_id,duration) VALUES ("Breakout",16,"00:03:20");
INSERT INTO AlbumSong (album_id,song_id,format_id) VALUES(180,2464,1);
INSERT INTO AlbumSong (album_id,song_id,format_id) VALUES(180,2464,2);
INSERT INTO Song (song_name,artist_id,duration) VALUES ("Learn to Fly",16,"00:03:55");
INSERT INTO AlbumSong (album_id,song_id,format_id) VALUES(180,2465,1);
INSERT INTO AlbumSong (album_id,song_id,format_id) VALUES(180,2465,2);
INSERT INTO Song (song_name,artist_id,duration) VALUES ("Gimme Stitches",16,"00:03:42");
INSERT INTO AlbumSong (album_id,song_id,format_id) VALUES(180,2466,1);
INSERT INTO AlbumSong (album_id,song_id,format_id) VALUES(180,2466,2);
INSERT INTO Song (song_name,artist_id,duration) VALUES ("Generator",16,"00:03:47");
INSERT INTO AlbumSong (album_id,song_id,format_id) VALUES(180,2467,1);
INSERT INTO AlbumSong (album_id,song_id,format_id) VALUES(180,2467,2);
INSERT INTO Song (song_name,artist_id,duration) VALUES ("Aurora",16,"00:05:49");
INSERT INTO AlbumSong (album_id,song_id,format_id) VALUES(180,2468,1);
INSERT INTO AlbumSong (album_id,song_id,format_id) VALUES(180,2468,2);
INSERT INTO Song (song_name,artist_id,duration) VALUES ("Live-In Skin",16,"00:03:52");
INSERT INTO AlbumSong (album_id,song_id,format_id) VALUES(180,2469,1);
INSERT INTO AlbumSong (album_id,song_id,format_id) VALUES(180,2469,2);
INSERT INTO Song (song_name,artist_id,duration) VALUES ("Next Year",16,"00:04:36");
INSERT INTO AlbumSong (album_id,song_id,format_id) VALUES(180,2470,1);
INSERT INTO AlbumSong (album_id,song_id,format_id) VALUES(180,2470,2);
INSERT INTO Song (song_name,artist_id,duration) VALUES ("Headwires",16,"00:04:37");
INSERT INTO AlbumSong (album_id,song_id,format_id) VALUES(180,2471,1);
INSERT INTO AlbumSong (album_id,song_id,format_id) VALUES(180,2471,2);
INSERT INTO Song (song_name,artist_id,duration) VALUES ("Ain't It The Life",16,"00:04:14");
INSERT INTO AlbumSong (album_id,song_id,format_id) VALUES(180,2472,1);
INSERT INTO AlbumSong (album_id,song_id,format_id) VALUES(180,2472,2);
INSERT INTO Song (song_name,artist_id,duration) VALUES ("M.I.A.",16,"00:04:03");
INSERT INTO AlbumSong (album_id,song_id,format_id) VALUES(180,2473,1);
INSERT INTO AlbumSong (album_id,song_id,format_id) VALUES(180,2473,2);
INSERT INTO Album(album_id,album_name,artist_id,art_id,release_date) VALUES (180,"There Is Nothing Left To Lose",16,180,"1999-11-02");
INSERT INTO AlbumArt(path) VALUES ("/var/www/album_art/foo_fighters_the_colour_and_the_shape.jpg");
INSERT INTO Song (song_name,artist_id,duration) VALUES ("Doll",16,"00:01:23");
INSERT INTO AlbumSong (album_id,song_id,format_id) VALUES(181,2474,1);
INSERT INTO AlbumSong (album_id,song_id,format_id) VALUES(181,2474,2);
INSERT INTO Song (song_name,artist_id,duration) VALUES ("Monkey Wrench",16,"00:03:51");
INSERT INTO AlbumSong (album_id,song_id,format_id) VALUES(181,2475,1);
INSERT INTO AlbumSong (album_id,song_id,format_id) VALUES(181,2475,2);
INSERT INTO Song (song_name,artist_id,duration) VALUES ("Hey, Johnny Park!",16,"00:04:08");
INSERT INTO AlbumSong (album_id,song_id,format_id) VALUES(181,2476,1);
INSERT INTO AlbumSong (album_id,song_id,format_id) VALUES(181,2476,2);
INSERT INTO Song (song_name,artist_id,duration) VALUES ("My Poor Brain",16,"00:03:33");
INSERT INTO AlbumSong (album_id,song_id,format_id) VALUES(181,2477,1);
INSERT INTO AlbumSong (album_id,song_id,format_id) VALUES(181,2477,2);
INSERT INTO Song (song_name,artist_id,duration) VALUES ("Wind Up",16,"00:02:30");
INSERT INTO AlbumSong (album_id,song_id,format_id) VALUES(181,2478,1);
INSERT INTO AlbumSong (album_id,song_id,format_id) VALUES(181,2478,2);
INSERT INTO Song (song_name,artist_id,duration) VALUES ("Up In Arms",16,"00:02:15");
INSERT INTO AlbumSong (album_id,song_id,format_id) VALUES(181,2479,1);
INSERT INTO AlbumSong (album_id,song_id,format_id) VALUES(181,2479,2);
INSERT INTO Song (song_name,artist_id,duration) VALUES ("My Hero",16,"00:04:20");
INSERT INTO AlbumSong (album_id,song_id,format_id) VALUES(181,2480,1);
INSERT INTO AlbumSong (album_id,song_id,format_id) VALUES(181,2480,2);
INSERT INTO Song (song_name,artist_id,duration) VALUES ("See You",16,"00:02:26");
INSERT INTO AlbumSong (album_id,song_id,format_id) VALUES(181,2481,1);
INSERT INTO AlbumSong (album_id,song_id,format_id) VALUES(181,2481,2);
INSERT INTO Song (song_name,artist_id,duration) VALUES ("Enough Space",16,"00:02:36");
INSERT INTO AlbumSong (album_id,song_id,format_id) VALUES(181,2482,1);
INSERT INTO AlbumSong (album_id,song_id,format_id) VALUES(181,2482,2);
INSERT INTO Song (song_name,artist_id,duration) VALUES ("February Stars",16,"00:04:49");
INSERT INTO AlbumSong (album_id,song_id,format_id) VALUES(181,2483,1);
INSERT INTO AlbumSong (album_id,song_id,format_id) VALUES(181,2483,2);
INSERT INTO Song (song_name,artist_id,duration) VALUES ("Everlong",16,"00:04:10");
INSERT INTO AlbumSong (album_id,song_id,format_id) VALUES(181,2484,1);
INSERT INTO AlbumSong (album_id,song_id,format_id) VALUES(181,2484,2);
INSERT INTO Song (song_name,artist_id,duration) VALUES ("Walking After You",16,"00:05:03");
INSERT INTO AlbumSong (album_id,song_id,format_id) VALUES(181,2485,1);
INSERT INTO AlbumSong (album_id,song_id,format_id) VALUES(181,2485,2);
INSERT INTO Song (song_name,artist_id,duration) VALUES ("New Way Home",16,"00:05:40");
INSERT INTO AlbumSong (album_id,song_id,format_id) VALUES(181,2486,1);
INSERT INTO AlbumSong (album_id,song_id,format_id) VALUES(181,2486,2);
INSERT INTO Song (song_name,artist_id,duration) VALUES ("The Colour And The Shape",16,"00:03:24");
INSERT INTO AlbumSong (album_id,song_id,format_id) VALUES(181,2487,1);
INSERT INTO AlbumSong (album_id,song_id,format_id) VALUES(181,2487,2);
INSERT INTO Album(album_id,album_name,artist_id,art_id,release_date) VALUES (181,"The Colour And The Shape",16,181,"1997-05-20");
INSERT INTO AlbumArt(path) VALUES ("/var/www/album_art/foo_fighters_foo_fighters.jpg");
INSERT INTO Song (song_name,artist_id,duration) VALUES ("This Is a Call",16,"00:03:53");
INSERT INTO AlbumSong (album_id,song_id,format_id) VALUES(182,2488,1);
INSERT INTO AlbumSong (album_id,song_id,format_id) VALUES(182,2488,2);
INSERT INTO Song (song_name,artist_id,duration) VALUES ("I'll Stick Around",16,"00:03:52");
INSERT INTO AlbumSong (album_id,song_id,format_id) VALUES(182,2489,1);
INSERT INTO AlbumSong (album_id,song_id,format_id) VALUES(182,2489,2);
INSERT INTO Song (song_name,artist_id,duration) VALUES ("Big Me",16,"00:02:12");
INSERT INTO AlbumSong (album_id,song_id,format_id) VALUES(182,2490,1);
INSERT INTO AlbumSong (album_id,song_id,format_id) VALUES(182,2490,2);
INSERT INTO Song (song_name,artist_id,duration) VALUES ("Alone + Easy Target",16,"00:04:05");
INSERT INTO AlbumSong (album_id,song_id,format_id) VALUES(182,2491,1);
INSERT INTO AlbumSong (album_id,song_id,format_id) VALUES(182,2491,2);
INSERT INTO Song (song_name,artist_id,duration) VALUES ("Good Grief",16,"00:04:01");
INSERT INTO AlbumSong (album_id,song_id,format_id) VALUES(182,2492,1);
INSERT INTO AlbumSong (album_id,song_id,format_id) VALUES(182,2492,2);
INSERT INTO Song (song_name,artist_id,duration) VALUES ("Floaty",16,"00:04:29");
INSERT INTO AlbumSong (album_id,song_id,format_id) VALUES(182,2493,1);
INSERT INTO AlbumSong (album_id,song_id,format_id) VALUES(182,2493,2);
INSERT INTO Song (song_name,artist_id,duration) VALUES ("Weenie Beenie",16,"00:02:45");
INSERT INTO AlbumSong (album_id,song_id,format_id) VALUES(182,2494,1);
INSERT INTO AlbumSong (album_id,song_id,format_id) VALUES(182,2494,2);
INSERT INTO Song (song_name,artist_id,duration) VALUES ("Oh, George",16,"00:03:01");
INSERT INTO AlbumSong (album_id,song_id,format_id) VALUES(182,2495,1);
INSERT INTO AlbumSong (album_id,song_id,format_id) VALUES(182,2495,2);
INSERT INTO Song (song_name,artist_id,duration) VALUES ("For All the Cows",16,"00:03:29");
INSERT INTO AlbumSong (album_id,song_id,format_id) VALUES(182,2496,1);
INSERT INTO AlbumSong (album_id,song_id,format_id) VALUES(182,2496,2);
INSERT INTO Song (song_name,artist_id,duration) VALUES ("X-Static",16,"00:04:13");
INSERT INTO AlbumSong (album_id,song_id,format_id) VALUES(182,2497,1);
INSERT INTO AlbumSong (album_id,song_id,format_id) VALUES(182,2497,2);
INSERT INTO Song (song_name,artist_id,duration) VALUES ("Wattershed",16,"00:02:13");
INSERT INTO AlbumSong (album_id,song_id,format_id) VALUES(182,2498,1);
INSERT INTO AlbumSong (album_id,song_id,format_id) VALUES(182,2498,2);
INSERT INTO Song (song_name,artist_id,duration) VALUES ("Exhausted",16,"00:05:49");
INSERT INTO AlbumSong (album_id,song_id,format_id) VALUES(182,2499,1);
INSERT INTO AlbumSong (album_id,song_id,format_id) VALUES(182,2499,2);
INSERT INTO Album(album_id,album_name,artist_id,art_id,release_date) VALUES (182,"Foo Fighters",16,182,"1995-07-04");
INSERT INTO Artist (artist_name,genre_id,description) VALUES ("Dinosaur Jr.",2,"");
INSERT INTO AlbumArt(path) VALUES ("/var/www/album_art/dinosaur_jr._emptiness_at_the_sinclair.jpg");
INSERT INTO Song (song_name,artist_id,duration) VALUES ("Bulbs of Passion - Live from The Sinclair",17,"00:04:35");
INSERT INTO AlbumSong (album_id,song_id,format_id) VALUES(183,2500,1);
INSERT INTO AlbumSong (album_id,song_id,format_id) VALUES(183,2500,2);
INSERT INTO Song (song_name,artist_id,duration) VALUES ("Thumb - Live from The Sinclair",17,"00:06:43");
INSERT INTO AlbumSong (album_id,song_id,format_id) VALUES(183,2501,1);
INSERT INTO AlbumSong (album_id,song_id,format_id) VALUES(183,2501,2);
INSERT INTO Song (song_name,artist_id,duration) VALUES ("I Ain't - Live from The Sinclair",17,"00:04:11");
INSERT INTO AlbumSong (album_id,song_id,format_id) VALUES(183,2502,1);
INSERT INTO AlbumSong (album_id,song_id,format_id) VALUES(183,2502,2);
INSERT INTO Song (song_name,artist_id,duration) VALUES ("I Met The Stones - Live from The Sinclair",17,"00:03:54");
INSERT INTO AlbumSong (album_id,song_id,format_id) VALUES(183,2503,1);
INSERT INTO AlbumSong (album_id,song_id,format_id) VALUES(183,2503,2);
INSERT INTO Song (song_name,artist_id,duration) VALUES ("Garden - Live from The Sinclair",17,"00:03:21");
INSERT INTO AlbumSong (album_id,song_id,format_id) VALUES(183,2504,1);
INSERT INTO AlbumSong (album_id,song_id,format_id) VALUES(183,2504,2);
INSERT INTO Song (song_name,artist_id,duration) VALUES ("Just Like Heaven - Live from The Sinclair",17,"00:03:10");
INSERT INTO AlbumSong (album_id,song_id,format_id) VALUES(183,2505,1);
INSERT INTO AlbumSong (album_id,song_id,format_id) VALUES(183,2505,2);
INSERT INTO Song (song_name,artist_id,duration) VALUES ("I Ran Away - Live from The Sinclair",17,"00:03:33");
INSERT INTO AlbumSong (album_id,song_id,format_id) VALUES(183,2506,1);
INSERT INTO AlbumSong (album_id,song_id,format_id) VALUES(183,2506,2);
INSERT INTO Song (song_name,artist_id,duration) VALUES ("Tarpit - Live from The Sinclair",17,"00:04:26");
INSERT INTO AlbumSong (album_id,song_id,format_id) VALUES(183,2507,1);
INSERT INTO AlbumSong (album_id,song_id,format_id) VALUES(183,2507,2);
INSERT INTO Song (song_name,artist_id,duration) VALUES ("Been There All The Time - Live from The Sinclair",17,"00:04:05");
INSERT INTO AlbumSong (album_id,song_id,format_id) VALUES(183,2508,1);
INSERT INTO AlbumSong (album_id,song_id,format_id) VALUES(183,2508,2);
INSERT INTO Song (song_name,artist_id,duration) VALUES ("Get Me - Live from The Sinclair",17,"00:05:54");
INSERT INTO AlbumSong (album_id,song_id,format_id) VALUES(183,2509,1);
INSERT INTO AlbumSong (album_id,song_id,format_id) VALUES(183,2509,2);
INSERT INTO Song (song_name,artist_id,duration) VALUES ("Pieces - Live from The Sinclair",17,"00:04:17");
INSERT INTO AlbumSong (album_id,song_id,format_id) VALUES(183,2510,1);
INSERT INTO AlbumSong (album_id,song_id,format_id) VALUES(183,2510,2);
INSERT INTO Song (song_name,artist_id,duration) VALUES ("Feel The Pain - Live from The Sinclair",17,"00:04:07");
INSERT INTO AlbumSong (album_id,song_id,format_id) VALUES(183,2511,1);
INSERT INTO AlbumSong (album_id,song_id,format_id) VALUES(183,2511,2);
INSERT INTO Song (song_name,artist_id,duration) VALUES ("Start Choppin - Live from The Sinclair",17,"00:05:26");
INSERT INTO AlbumSong (album_id,song_id,format_id) VALUES(183,2512,1);
INSERT INTO AlbumSong (album_id,song_id,format_id) VALUES(183,2512,2);
INSERT INTO Song (song_name,artist_id,duration) VALUES ("Forget The Swan - Live from The Sinclair",17,"00:09:37");
INSERT INTO AlbumSong (album_id,song_id,format_id) VALUES(183,2513,1);
INSERT INTO AlbumSong (album_id,song_id,format_id) VALUES(183,2513,2);
INSERT INTO Song (song_name,artist_id,duration) VALUES ("Repulsion > Chunks - Live from The Sinclair",17,"00:05:17");
INSERT INTO AlbumSong (album_id,song_id,format_id) VALUES(183,2514,1);
INSERT INTO AlbumSong (album_id,song_id,format_id) VALUES(183,2514,2);
INSERT INTO Song (song_name,artist_id,duration) VALUES ("Freak Scene - Live from The Sinclair",17,"00:04:33");
INSERT INTO AlbumSong (album_id,song_id,format_id) VALUES(183,2515,1);
INSERT INTO AlbumSong (album_id,song_id,format_id) VALUES(183,2515,2);
INSERT INTO Album(album_id,album_name,artist_id,art_id,release_date) VALUES (183,"Emptiness at The Sinclair",17,183,"2021-10-29");
INSERT INTO AlbumArt(path) VALUES ("/var/www/album_art/dinosaur_jr._sweep_it_into_space.jpg");
INSERT INTO Song (song_name,artist_id,duration) VALUES ("I Ain't",17,"00:04:11");
INSERT INTO AlbumSong (album_id,song_id,format_id) VALUES(184,2516,1);
INSERT INTO AlbumSong (album_id,song_id,format_id) VALUES(184,2516,2);
INSERT INTO Song (song_name,artist_id,duration) VALUES ("I Met The Stones",17,"00:03:45");
INSERT INTO AlbumSong (album_id,song_id,format_id) VALUES(184,2517,1);
INSERT INTO AlbumSong (album_id,song_id,format_id) VALUES(184,2517,2);
INSERT INTO Song (song_name,artist_id,duration) VALUES ("To Be Waiting",17,"00:04:12");
INSERT INTO AlbumSong (album_id,song_id,format_id) VALUES(184,2518,1);
INSERT INTO AlbumSong (album_id,song_id,format_id) VALUES(184,2518,2);
INSERT INTO Song (song_name,artist_id,duration) VALUES ("I Ran Away",17,"00:03:30");
INSERT INTO AlbumSong (album_id,song_id,format_id) VALUES(184,2519,1);
INSERT INTO AlbumSong (album_id,song_id,format_id) VALUES(184,2519,2);
INSERT INTO Song (song_name,artist_id,duration) VALUES ("Garden",17,"00:03:02");
INSERT INTO AlbumSong (album_id,song_id,format_id) VALUES(184,2520,1);
INSERT INTO AlbumSong (album_id,song_id,format_id) VALUES(184,2520,2);
INSERT INTO Song (song_name,artist_id,duration) VALUES ("Hide Another Round",17,"00:03:58");
INSERT INTO AlbumSong (album_id,song_id,format_id) VALUES(184,2521,1);
INSERT INTO AlbumSong (album_id,song_id,format_id) VALUES(184,2521,2);
INSERT INTO Song (song_name,artist_id,duration) VALUES ("And Me",17,"00:03:35");
INSERT INTO AlbumSong (album_id,song_id,format_id) VALUES(184,2522,1);
INSERT INTO AlbumSong (album_id,song_id,format_id) VALUES(184,2522,2);
INSERT INTO Song (song_name,artist_id,duration) VALUES ("I Expect It Always",17,"00:03:39");
INSERT INTO AlbumSong (album_id,song_id,format_id) VALUES(184,2523,1);
INSERT INTO AlbumSong (album_id,song_id,format_id) VALUES(184,2523,2);
INSERT INTO Song (song_name,artist_id,duration) VALUES ("Take It Back",17,"00:04:02");
INSERT INTO AlbumSong (album_id,song_id,format_id) VALUES(184,2524,1);
INSERT INTO AlbumSong (album_id,song_id,format_id) VALUES(184,2524,2);
INSERT INTO Song (song_name,artist_id,duration) VALUES ("N Say",17,"00:03:15");
INSERT INTO AlbumSong (album_id,song_id,format_id) VALUES(184,2525,1);
INSERT INTO AlbumSong (album_id,song_id,format_id) VALUES(184,2525,2);
INSERT INTO Song (song_name,artist_id,duration) VALUES ("Walking To You",17,"00:04:41");
INSERT INTO AlbumSong (album_id,song_id,format_id) VALUES(184,2526,1);
INSERT INTO AlbumSong (album_id,song_id,format_id) VALUES(184,2526,2);
INSERT INTO Song (song_name,artist_id,duration) VALUES ("You Wonder",17,"00:03:03");
INSERT INTO AlbumSong (album_id,song_id,format_id) VALUES(184,2527,1);
INSERT INTO AlbumSong (album_id,song_id,format_id) VALUES(184,2527,2);
INSERT INTO Album(album_id,album_name,artist_id,art_id,release_date) VALUES (184,"Sweep It Into Space",17,184,"2021-04-23");
INSERT INTO AlbumArt(path) VALUES ("/var/www/album_art/dinosaur_jr._give_a_glimpse_of_what_yer_not.jpg");
INSERT INTO Song (song_name,artist_id,duration) VALUES ("Goin Down",17,"00:04:02");
INSERT INTO AlbumSong (album_id,song_id,format_id) VALUES(185,2528,1);
INSERT INTO AlbumSong (album_id,song_id,format_id) VALUES(185,2528,2);
INSERT INTO Song (song_name,artist_id,duration) VALUES ("Tiny",17,"00:03:12");
INSERT INTO AlbumSong (album_id,song_id,format_id) VALUES(185,2529,1);
INSERT INTO AlbumSong (album_id,song_id,format_id) VALUES(185,2529,2);
INSERT INTO Song (song_name,artist_id,duration) VALUES ("Be a Part",17,"00:04:37");
INSERT INTO AlbumSong (album_id,song_id,format_id) VALUES(185,2530,1);
INSERT INTO AlbumSong (album_id,song_id,format_id) VALUES(185,2530,2);
INSERT INTO Song (song_name,artist_id,duration) VALUES ("I Told Everyone",17,"00:03:40");
INSERT INTO AlbumSong (album_id,song_id,format_id) VALUES(185,2531,1);
INSERT INTO AlbumSong (album_id,song_id,format_id) VALUES(185,2531,2);
INSERT INTO Song (song_name,artist_id,duration) VALUES ("Love Is...",17,"00:03:40");
INSERT INTO AlbumSong (album_id,song_id,format_id) VALUES(185,2532,1);
INSERT INTO AlbumSong (album_id,song_id,format_id) VALUES(185,2532,2);
INSERT INTO Song (song_name,artist_id,duration) VALUES ("Good to Know",17,"00:03:27");
INSERT INTO AlbumSong (album_id,song_id,format_id) VALUES(185,2533,1);
INSERT INTO AlbumSong (album_id,song_id,format_id) VALUES(185,2533,2);
INSERT INTO Song (song_name,artist_id,duration) VALUES ("I Walk for Miles",17,"00:05:34");
INSERT INTO AlbumSong (album_id,song_id,format_id) VALUES(185,2534,1);
INSERT INTO AlbumSong (album_id,song_id,format_id) VALUES(185,2534,2);
INSERT INTO Song (song_name,artist_id,duration) VALUES ("Lost All Day",17,"00:05:06");
INSERT INTO AlbumSong (album_id,song_id,format_id) VALUES(185,2535,1);
INSERT INTO AlbumSong (album_id,song_id,format_id) VALUES(185,2535,2);
INSERT INTO Song (song_name,artist_id,duration) VALUES ("Knocked Around",17,"00:04:46");
INSERT INTO AlbumSong (album_id,song_id,format_id) VALUES(185,2536,1);
INSERT INTO AlbumSong (album_id,song_id,format_id) VALUES(185,2536,2);
INSERT INTO Song (song_name,artist_id,duration) VALUES ("Mirror",17,"00:04:17");
INSERT INTO AlbumSong (album_id,song_id,format_id) VALUES(185,2537,1);
INSERT INTO AlbumSong (album_id,song_id,format_id) VALUES(185,2537,2);
INSERT INTO Song (song_name,artist_id,duration) VALUES ("Left/Right",17,"00:03:51");
INSERT INTO AlbumSong (album_id,song_id,format_id) VALUES(185,2538,1);
INSERT INTO AlbumSong (album_id,song_id,format_id) VALUES(185,2538,2);
INSERT INTO Album(album_id,album_name,artist_id,art_id,release_date) VALUES (185,"Give a Glimpse of What Yer Not",17,185,"2016-08-05");
INSERT INTO AlbumArt(path) VALUES ("/var/www/album_art/dinosaur_jr._i_bet_on_sky.jpg");
INSERT INTO Song (song_name,artist_id,duration) VALUES ("Don't Pretend You Didn't Know",17,"00:05:31");
INSERT INTO AlbumSong (album_id,song_id,format_id) VALUES(186,2539,1);
INSERT INTO AlbumSong (album_id,song_id,format_id) VALUES(186,2539,2);
INSERT INTO Song (song_name,artist_id,duration) VALUES ("Watch the Corners",17,"00:05:00");
INSERT INTO AlbumSong (album_id,song_id,format_id) VALUES(186,2540,1);
INSERT INTO AlbumSong (album_id,song_id,format_id) VALUES(186,2540,2);
INSERT INTO Song (song_name,artist_id,duration) VALUES ("Almost Fare",17,"00:04:52");
INSERT INTO AlbumSong (album_id,song_id,format_id) VALUES(186,2541,1);
INSERT INTO AlbumSong (album_id,song_id,format_id) VALUES(186,2541,2);
INSERT INTO Song (song_name,artist_id,duration) VALUES ("Stick a Toe In",17,"00:05:22");
INSERT INTO AlbumSong (album_id,song_id,format_id) VALUES(186,2542,1);
INSERT INTO AlbumSong (album_id,song_id,format_id) VALUES(186,2542,2);
INSERT INTO Song (song_name,artist_id,duration) VALUES ("Rude",17,"00:02:50");
INSERT INTO AlbumSong (album_id,song_id,format_id) VALUES(186,2543,1);
INSERT INTO AlbumSong (album_id,song_id,format_id) VALUES(186,2543,2);
INSERT INTO Song (song_name,artist_id,duration) VALUES ("I Know It Oh So Well",17,"00:04:42");
INSERT INTO AlbumSong (album_id,song_id,format_id) VALUES(186,2544,1);
INSERT INTO AlbumSong (album_id,song_id,format_id) VALUES(186,2544,2);
INSERT INTO Song (song_name,artist_id,duration) VALUES ("Pierce The Morning Rain",17,"00:02:45");
INSERT INTO AlbumSong (album_id,song_id,format_id) VALUES(186,2545,1);
INSERT INTO AlbumSong (album_id,song_id,format_id) VALUES(186,2545,2);
INSERT INTO Song (song_name,artist_id,duration) VALUES ("What Was That",17,"00:05:27");
INSERT INTO AlbumSong (album_id,song_id,format_id) VALUES(186,2546,1);
INSERT INTO AlbumSong (album_id,song_id,format_id) VALUES(186,2546,2);
INSERT INTO Song (song_name,artist_id,duration) VALUES ("Recognition",17,"00:03:51");
INSERT INTO AlbumSong (album_id,song_id,format_id) VALUES(186,2547,1);
INSERT INTO AlbumSong (album_id,song_id,format_id) VALUES(186,2547,2);
INSERT INTO Song (song_name,artist_id,duration) VALUES ("See It On Your Side",17,"00:06:41");
INSERT INTO AlbumSong (album_id,song_id,format_id) VALUES(186,2548,1);
INSERT INTO AlbumSong (album_id,song_id,format_id) VALUES(186,2548,2);
INSERT INTO Album(album_id,album_name,artist_id,art_id,release_date) VALUES (186,"I Bet On Sky",17,186,"2012-09-18");
INSERT INTO AlbumArt(path) VALUES ("/var/www/album_art/dinosaur_jr._farm.jpg");
INSERT INTO Song (song_name,artist_id,duration) VALUES ("Pieces",17,"00:04:30");
INSERT INTO AlbumSong (album_id,song_id,format_id) VALUES(187,2549,1);
INSERT INTO AlbumSong (album_id,song_id,format_id) VALUES(187,2549,2);
INSERT INTO Song (song_name,artist_id,duration) VALUES ("I Want You To Know",17,"00:04:30");
INSERT INTO AlbumSong (album_id,song_id,format_id) VALUES(187,2550,1);
INSERT INTO AlbumSong (album_id,song_id,format_id) VALUES(187,2550,2);
INSERT INTO Song (song_name,artist_id,duration) VALUES ("Ocean In The Way",17,"00:04:19");
INSERT INTO AlbumSong (album_id,song_id,format_id) VALUES(187,2551,1);
INSERT INTO AlbumSong (album_id,song_id,format_id) VALUES(187,2551,2);
INSERT INTO Song (song_name,artist_id,duration) VALUES ("Plans",17,"00:06:40");
INSERT INTO AlbumSong (album_id,song_id,format_id) VALUES(187,2552,1);
INSERT INTO AlbumSong (album_id,song_id,format_id) VALUES(187,2552,2);
INSERT INTO Song (song_name,artist_id,duration) VALUES ("Your Weather",17,"00:03:06");
INSERT INTO AlbumSong (album_id,song_id,format_id) VALUES(187,2553,1);
INSERT INTO AlbumSong (album_id,song_id,format_id) VALUES(187,2553,2);
INSERT INTO Song (song_name,artist_id,duration) VALUES ("Over It",17,"00:03:47");
INSERT INTO AlbumSong (album_id,song_id,format_id) VALUES(187,2554,1);
INSERT INTO AlbumSong (album_id,song_id,format_id) VALUES(187,2554,2);
INSERT INTO Song (song_name,artist_id,duration) VALUES ("Friends",17,"00:04:31");
INSERT INTO AlbumSong (album_id,song_id,format_id) VALUES(187,2555,1);
INSERT INTO AlbumSong (album_id,song_id,format_id) VALUES(187,2555,2);
INSERT INTO Song (song_name,artist_id,duration) VALUES ("Said The People",17,"00:07:41");
INSERT INTO AlbumSong (album_id,song_id,format_id) VALUES(187,2556,1);
INSERT INTO AlbumSong (album_id,song_id,format_id) VALUES(187,2556,2);
INSERT INTO Song (song_name,artist_id,duration) VALUES ("There's No Here",17,"00:03:37");
INSERT INTO AlbumSong (album_id,song_id,format_id) VALUES(187,2557,1);
INSERT INTO AlbumSong (album_id,song_id,format_id) VALUES(187,2557,2);
INSERT INTO Song (song_name,artist_id,duration) VALUES ("See You",17,"00:05:46");
INSERT INTO AlbumSong (album_id,song_id,format_id) VALUES(187,2558,1);
INSERT INTO AlbumSong (album_id,song_id,format_id) VALUES(187,2558,2);
INSERT INTO Song (song_name,artist_id,duration) VALUES ("I Don't Wanna Go There",17,"00:08:40");
INSERT INTO AlbumSong (album_id,song_id,format_id) VALUES(187,2559,1);
INSERT INTO AlbumSong (album_id,song_id,format_id) VALUES(187,2559,2);
INSERT INTO Song (song_name,artist_id,duration) VALUES ("Imagination Blind",17,"00:03:21");
INSERT INTO AlbumSong (album_id,song_id,format_id) VALUES(187,2560,1);
INSERT INTO AlbumSong (album_id,song_id,format_id) VALUES(187,2560,2);
INSERT INTO Album(album_id,album_name,artist_id,art_id,release_date) VALUES (187,"Farm",17,187,"2009-06-23");
INSERT INTO AlbumArt(path) VALUES ("/var/www/album_art/dinosaur_jr._j_mascis_live_at_cbgb's__the_first_acoustic_show.jpg");
INSERT INTO Song (song_name,artist_id,duration) VALUES ("What Else Is New? - Live from CBGB's 12/93",17,"00:03:16");
INSERT INTO AlbumSong (album_id,song_id,format_id) VALUES(188,2561,1);
INSERT INTO AlbumSong (album_id,song_id,format_id) VALUES(188,2561,2);
INSERT INTO Song (song_name,artist_id,duration) VALUES ("Thumb - Live from CBGB's 12/93",17,"00:02:52");
INSERT INTO AlbumSong (album_id,song_id,format_id) VALUES(188,2562,1);
INSERT INTO AlbumSong (album_id,song_id,format_id) VALUES(188,2562,2);
INSERT INTO Song (song_name,artist_id,duration) VALUES ("Keeblin' - Live from CBGB's 12/93",17,"00:02:55");
INSERT INTO AlbumSong (album_id,song_id,format_id) VALUES(188,2563,1);
INSERT INTO AlbumSong (album_id,song_id,format_id) VALUES(188,2563,2);
INSERT INTO Song (song_name,artist_id,duration) VALUES ("Not You Again - Live from CBGB's 12/93",17,"00:02:33");
INSERT INTO AlbumSong (album_id,song_id,format_id) VALUES(188,2564,1);
INSERT INTO AlbumSong (album_id,song_id,format_id) VALUES(188,2564,2);
INSERT INTO Song (song_name,artist_id,duration) VALUES ("Flying Cloud - Live from CBGB's 12/93",17,"00:02:52");
INSERT INTO AlbumSong (album_id,song_id,format_id) VALUES(188,2565,1);
INSERT INTO AlbumSong (album_id,song_id,format_id) VALUES(188,2565,2);
INSERT INTO Song (song_name,artist_id,duration) VALUES ("Every Mother's Son - Live from CBGB's 12/93",17,"00:03:22");
INSERT INTO AlbumSong (album_id,song_id,format_id) VALUES(188,2566,1);
INSERT INTO AlbumSong (album_id,song_id,format_id) VALUES(188,2566,2);
INSERT INTO Song (song_name,artist_id,duration) VALUES ("Not the Same - Live from CBGB's 12/93",17,"00:05:32");
INSERT INTO AlbumSong (album_id,song_id,format_id) VALUES(188,2567,1);
INSERT INTO AlbumSong (album_id,song_id,format_id) VALUES(188,2567,2);
INSERT INTO Song (song_name,artist_id,duration) VALUES ("Throw Down - Live from CBGB's 12/93",17,"00:00:48");
INSERT INTO AlbumSong (album_id,song_id,format_id) VALUES(188,2568,1);
INSERT INTO AlbumSong (album_id,song_id,format_id) VALUES(188,2568,2);
INSERT INTO Song (song_name,artist_id,duration) VALUES ("Get Me - Live from CBGB's 12/93",17,"00:02:59");
INSERT INTO AlbumSong (album_id,song_id,format_id) VALUES(188,2569,1);
INSERT INTO AlbumSong (album_id,song_id,format_id) VALUES(188,2569,2);
INSERT INTO Song (song_name,artist_id,duration) VALUES ("Quest - Live from CBGB's 12/93",17,"00:04:50");
INSERT INTO AlbumSong (album_id,song_id,format_id) VALUES(188,2570,1);
INSERT INTO AlbumSong (album_id,song_id,format_id) VALUES(188,2570,2);
INSERT INTO Song (song_name,artist_id,duration) VALUES ("On the Run - Live from CBGB's 12/93",17,"00:02:23");
INSERT INTO AlbumSong (album_id,song_id,format_id) VALUES(188,2571,1);
INSERT INTO AlbumSong (album_id,song_id,format_id) VALUES(188,2571,2);
INSERT INTO Song (song_name,artist_id,duration) VALUES ("Repulsion - Live from CBGB's 12/93",17,"00:02:40");
INSERT INTO AlbumSong (album_id,song_id,format_id) VALUES(188,2572,1);
INSERT INTO AlbumSong (album_id,song_id,format_id) VALUES(188,2572,2);
INSERT INTO Album(album_id,album_name,artist_id,art_id,release_date) VALUES (188,"J Mascis Live at CBGB's: The First Acoustic Show",17,188,"2007-10-22");
INSERT INTO AlbumArt(path) VALUES ("/var/www/album_art/dinosaur_jr._beyond.jpg");
INSERT INTO Song (song_name,artist_id,duration) VALUES ("Almost Ready",17,"00:03:08");
INSERT INTO AlbumSong (album_id,song_id,format_id) VALUES(189,2573,1);
INSERT INTO AlbumSong (album_id,song_id,format_id) VALUES(189,2573,2);
INSERT INTO Song (song_name,artist_id,duration) VALUES ("Crumble",17,"00:04:04");
INSERT INTO AlbumSong (album_id,song_id,format_id) VALUES(189,2574,1);
INSERT INTO AlbumSong (album_id,song_id,format_id) VALUES(189,2574,2);
INSERT INTO Song (song_name,artist_id,duration) VALUES ("Pick Me Up",17,"00:06:32");
INSERT INTO AlbumSong (album_id,song_id,format_id) VALUES(189,2575,1);
INSERT INTO AlbumSong (album_id,song_id,format_id) VALUES(189,2575,2);
INSERT INTO Song (song_name,artist_id,duration) VALUES ("Back To Your Heart",17,"00:04:30");
INSERT INTO AlbumSong (album_id,song_id,format_id) VALUES(189,2576,1);
INSERT INTO AlbumSong (album_id,song_id,format_id) VALUES(189,2576,2);
INSERT INTO Song (song_name,artist_id,duration) VALUES ("This Is All I Came To Do",17,"00:05:21");
INSERT INTO AlbumSong (album_id,song_id,format_id) VALUES(189,2577,1);
INSERT INTO AlbumSong (album_id,song_id,format_id) VALUES(189,2577,2);
INSERT INTO Song (song_name,artist_id,duration) VALUES ("Been There All The Time",17,"00:03:40");
INSERT INTO AlbumSong (album_id,song_id,format_id) VALUES(189,2578,1);
INSERT INTO AlbumSong (album_id,song_id,format_id) VALUES(189,2578,2);
INSERT INTO Song (song_name,artist_id,duration) VALUES ("It's Me",17,"00:05:14");
INSERT INTO AlbumSong (album_id,song_id,format_id) VALUES(189,2579,1);
INSERT INTO AlbumSong (album_id,song_id,format_id) VALUES(189,2579,2);
INSERT INTO Song (song_name,artist_id,duration) VALUES ("We're Not Alone",17,"00:04:35");
INSERT INTO AlbumSong (album_id,song_id,format_id) VALUES(189,2580,1);
INSERT INTO AlbumSong (album_id,song_id,format_id) VALUES(189,2580,2);
INSERT INTO Song (song_name,artist_id,duration) VALUES ("I Got Lost",17,"00:04:37");
INSERT INTO AlbumSong (album_id,song_id,format_id) VALUES(189,2581,1);
INSERT INTO AlbumSong (album_id,song_id,format_id) VALUES(189,2581,2);
INSERT INTO Song (song_name,artist_id,duration) VALUES ("Lightning Bulb",17,"00:03:45");
INSERT INTO AlbumSong (album_id,song_id,format_id) VALUES(189,2582,1);
INSERT INTO AlbumSong (album_id,song_id,format_id) VALUES(189,2582,2);
INSERT INTO Song (song_name,artist_id,duration) VALUES ("What If I Knew",17,"00:04:01");
INSERT INTO AlbumSong (album_id,song_id,format_id) VALUES(189,2583,1);
INSERT INTO AlbumSong (album_id,song_id,format_id) VALUES(189,2583,2);
INSERT INTO Album(album_id,album_name,artist_id,art_id,release_date) VALUES (189,"Beyond",17,189,"2007-05-01");
INSERT INTO AlbumArt(path) VALUES ("/var/www/album_art/dinosaur_jr._live_in_the_middle_east.jpg");
INSERT INTO Song (song_name,artist_id,duration) VALUES ("Gargoyle - Live",17,"00:04:31");
INSERT INTO AlbumSong (album_id,song_id,format_id) VALUES(190,2584,1);
INSERT INTO AlbumSong (album_id,song_id,format_id) VALUES(190,2584,2);
INSERT INTO Song (song_name,artist_id,duration) VALUES ("Kracked - Live",17,"00:03:10");
INSERT INTO AlbumSong (album_id,song_id,format_id) VALUES(190,2585,1);
INSERT INTO AlbumSong (album_id,song_id,format_id) VALUES(190,2585,2);
INSERT INTO Song (song_name,artist_id,duration) VALUES ("Bulbs of Passion - Live",17,"00:04:07");
INSERT INTO AlbumSong (album_id,song_id,format_id) VALUES(190,2586,1);
INSERT INTO AlbumSong (album_id,song_id,format_id) VALUES(190,2586,2);
INSERT INTO Song (song_name,artist_id,duration) VALUES ("Little Fury Things - Live",17,"00:03:10");
INSERT INTO AlbumSong (album_id,song_id,format_id) VALUES(190,2587,1);
INSERT INTO AlbumSong (album_id,song_id,format_id) VALUES(190,2587,2);
INSERT INTO Song (song_name,artist_id,duration) VALUES ("Lose - Live",17,"00:03:47");
INSERT INTO AlbumSong (album_id,song_id,format_id) VALUES(190,2588,1);
INSERT INTO AlbumSong (album_id,song_id,format_id) VALUES(190,2588,2);
INSERT INTO Song (song_name,artist_id,duration) VALUES ("Forget The Swan - Live",17,"00:07:10");
INSERT INTO AlbumSong (album_id,song_id,format_id) VALUES(190,2589,1);
INSERT INTO AlbumSong (album_id,song_id,format_id) VALUES(190,2589,2);
INSERT INTO Song (song_name,artist_id,duration) VALUES ("The Post - Live",17,"00:03:37");
INSERT INTO AlbumSong (album_id,song_id,format_id) VALUES(190,2590,1);
INSERT INTO AlbumSong (album_id,song_id,format_id) VALUES(190,2590,2);
INSERT INTO Song (song_name,artist_id,duration) VALUES ("Budge - Live",17,"00:02:48");
INSERT INTO AlbumSong (album_id,song_id,format_id) VALUES(190,2591,1);
INSERT INTO AlbumSong (album_id,song_id,format_id) VALUES(190,2591,2);
INSERT INTO Song (song_name,artist_id,duration) VALUES ("The Lung - Live",17,"00:06:24");
INSERT INTO AlbumSong (album_id,song_id,format_id) VALUES(190,2592,1);
INSERT INTO AlbumSong (album_id,song_id,format_id) VALUES(190,2592,2);
INSERT INTO Song (song_name,artist_id,duration) VALUES ("The Wagon - Live",17,"00:04:52");
INSERT INTO AlbumSong (album_id,song_id,format_id) VALUES(190,2593,1);
INSERT INTO AlbumSong (album_id,song_id,format_id) VALUES(190,2593,2);
INSERT INTO Song (song_name,artist_id,duration) VALUES ("Raisans - Live",17,"00:05:42");
INSERT INTO AlbumSong (album_id,song_id,format_id) VALUES(190,2594,1);
INSERT INTO AlbumSong (album_id,song_id,format_id) VALUES(190,2594,2);
INSERT INTO Song (song_name,artist_id,duration) VALUES ("SludgeFeast - Live",17,"00:06:39");
INSERT INTO AlbumSong (album_id,song_id,format_id) VALUES(190,2595,1);
INSERT INTO AlbumSong (album_id,song_id,format_id) VALUES(190,2595,2);
INSERT INTO Song (song_name,artist_id,duration) VALUES ("Mountain Man - Live",17,"00:04:29");
INSERT INTO AlbumSong (album_id,song_id,format_id) VALUES(190,2596,1);
INSERT INTO AlbumSong (album_id,song_id,format_id) VALUES(190,2596,2);
INSERT INTO Song (song_name,artist_id,duration) VALUES ("Chunks - Live",17,"00:02:21");
INSERT INTO AlbumSong (album_id,song_id,format_id) VALUES(190,2597,1);
INSERT INTO AlbumSong (album_id,song_id,format_id) VALUES(190,2597,2);
INSERT INTO Song (song_name,artist_id,duration) VALUES ("Freak Scene - Live",17,"00:03:11");
INSERT INTO AlbumSong (album_id,song_id,format_id) VALUES(190,2598,1);
INSERT INTO AlbumSong (album_id,song_id,format_id) VALUES(190,2598,2);
INSERT INTO Song (song_name,artist_id,duration) VALUES ("In a Jar - Live",17,"00:03:34");
INSERT INTO AlbumSong (album_id,song_id,format_id) VALUES(190,2599,1);
INSERT INTO AlbumSong (album_id,song_id,format_id) VALUES(190,2599,2);
INSERT INTO Song (song_name,artist_id,duration) VALUES ("Repulsion - Live",17,"00:03:32");
INSERT INTO AlbumSong (album_id,song_id,format_id) VALUES(190,2600,1);
INSERT INTO AlbumSong (album_id,song_id,format_id) VALUES(190,2600,2);
INSERT INTO Song (song_name,artist_id,duration) VALUES ("Just Like Heaven - Live",17,"00:02:59");
INSERT INTO AlbumSong (album_id,song_id,format_id) VALUES(190,2601,1);
INSERT INTO AlbumSong (album_id,song_id,format_id) VALUES(190,2601,2);
INSERT INTO Album(album_id,album_name,artist_id,art_id,release_date) VALUES (190,"Live In The Middle East",17,190,"2006-01-01");
INSERT INTO AlbumArt(path) VALUES ("/var/www/album_art/dinosaur_jr._hand_it_over.jpg");
INSERT INTO Song (song_name,artist_id,duration) VALUES ("I Don't Think - 2019 Remaster",17,"00:03:21");
INSERT INTO AlbumSong (album_id,song_id,format_id) VALUES(191,2602,1);
INSERT INTO AlbumSong (album_id,song_id,format_id) VALUES(191,2602,2);
INSERT INTO Song (song_name,artist_id,duration) VALUES ("Never Bought It - 2019 Remaster",17,"00:03:42");
INSERT INTO AlbumSong (album_id,song_id,format_id) VALUES(191,2603,1);
INSERT INTO AlbumSong (album_id,song_id,format_id) VALUES(191,2603,2);
INSERT INTO Song (song_name,artist_id,duration) VALUES ("Nothin's Goin On - 2019 Remaster",17,"00:03:14");
INSERT INTO AlbumSong (album_id,song_id,format_id) VALUES(191,2604,1);
INSERT INTO AlbumSong (album_id,song_id,format_id) VALUES(191,2604,2);
INSERT INTO Song (song_name,artist_id,duration) VALUES ("I'm Insane - 2019 Remaster",17,"00:03:53");
INSERT INTO AlbumSong (album_id,song_id,format_id) VALUES(191,2605,1);
INSERT INTO AlbumSong (album_id,song_id,format_id) VALUES(191,2605,2);
INSERT INTO Song (song_name,artist_id,duration) VALUES ("Can't We Move This Along - 2019 Remaster",17,"00:03:41");
INSERT INTO AlbumSong (album_id,song_id,format_id) VALUES(191,2606,1);
INSERT INTO AlbumSong (album_id,song_id,format_id) VALUES(191,2606,2);
INSERT INTO Song (song_name,artist_id,duration) VALUES ("Alone - 2019 Remaster",17,"00:08:01");
INSERT INTO AlbumSong (album_id,song_id,format_id) VALUES(191,2607,1);
INSERT INTO AlbumSong (album_id,song_id,format_id) VALUES(191,2607,2);
INSERT INTO Song (song_name,artist_id,duration) VALUES ("Sure Not Over You - 2019 Remaster",17,"00:04:09");
INSERT INTO AlbumSong (album_id,song_id,format_id) VALUES(191,2608,1);
INSERT INTO AlbumSong (album_id,song_id,format_id) VALUES(191,2608,2);
INSERT INTO Song (song_name,artist_id,duration) VALUES ("Loaded - 2019 Remaster",17,"00:03:27");
INSERT INTO AlbumSong (album_id,song_id,format_id) VALUES(191,2609,1);
INSERT INTO AlbumSong (album_id,song_id,format_id) VALUES(191,2609,2);
INSERT INTO Song (song_name,artist_id,duration) VALUES ("Mick - 2019 Remaster",17,"00:04:39");
INSERT INTO AlbumSong (album_id,song_id,format_id) VALUES(191,2610,1);
INSERT INTO AlbumSong (album_id,song_id,format_id) VALUES(191,2610,2);
INSERT INTO Song (song_name,artist_id,duration) VALUES ("I Know Yer Insane - 2019 Remaster",17,"00:03:03");
INSERT INTO AlbumSong (album_id,song_id,format_id) VALUES(191,2611,1);
INSERT INTO AlbumSong (album_id,song_id,format_id) VALUES(191,2611,2);
INSERT INTO Song (song_name,artist_id,duration) VALUES ("Gettin' Rough - 2019 Remaster",17,"00:02:12");
INSERT INTO AlbumSong (album_id,song_id,format_id) VALUES(191,2612,1);
INSERT INTO AlbumSong (album_id,song_id,format_id) VALUES(191,2612,2);
INSERT INTO Song (song_name,artist_id,duration) VALUES ("Gotta Know - 2019 Remaster",17,"00:04:50");
INSERT INTO AlbumSong (album_id,song_id,format_id) VALUES(191,2613,1);
INSERT INTO AlbumSong (album_id,song_id,format_id) VALUES(191,2613,2);
INSERT INTO Song (song_name,artist_id,duration) VALUES ("Take A Run At The Sun",17,"00:03:34");
INSERT INTO AlbumSong (album_id,song_id,format_id) VALUES(191,2614,1);
INSERT INTO AlbumSong (album_id,song_id,format_id) VALUES(191,2614,2);
INSERT INTO Song (song_name,artist_id,duration) VALUES ("Don't You Think It's Time",17,"00:02:27");
INSERT INTO AlbumSong (album_id,song_id,format_id) VALUES(191,2615,1);
INSERT INTO AlbumSong (album_id,song_id,format_id) VALUES(191,2615,2);
INSERT INTO Song (song_name,artist_id,duration) VALUES ("The Pickle Song",17,"00:01:48");
INSERT INTO AlbumSong (album_id,song_id,format_id) VALUES(191,2616,1);
INSERT INTO AlbumSong (album_id,song_id,format_id) VALUES(191,2616,2);
INSERT INTO Song (song_name,artist_id,duration) VALUES ("I Misunderstood",17,"00:03:47");
INSERT INTO AlbumSong (album_id,song_id,format_id) VALUES(191,2617,1);
INSERT INTO AlbumSong (album_id,song_id,format_id) VALUES(191,2617,2);
INSERT INTO Song (song_name,artist_id,duration) VALUES ("What We Do Is Secret",17,"00:00:48");
INSERT INTO AlbumSong (album_id,song_id,format_id) VALUES(191,2618,1);
INSERT INTO AlbumSong (album_id,song_id,format_id) VALUES(191,2618,2);
INSERT INTO Song (song_name,artist_id,duration) VALUES ("Never Bought It - Live, ABC-TV, Australia",17,"00:02:34");
INSERT INTO AlbumSong (album_id,song_id,format_id) VALUES(191,2619,1);
INSERT INTO AlbumSong (album_id,song_id,format_id) VALUES(191,2619,2);
INSERT INTO Song (song_name,artist_id,duration) VALUES ("Sure Not Over You - Live, ABC-TV, Australia",17,"00:03:44");
INSERT INTO AlbumSong (album_id,song_id,format_id) VALUES(191,2620,1);
INSERT INTO AlbumSong (album_id,song_id,format_id) VALUES(191,2620,2);
INSERT INTO Song (song_name,artist_id,duration) VALUES ("Out There - Live, Stockholm, 13 August 1997",17,"00:05:31");
INSERT INTO AlbumSong (album_id,song_id,format_id) VALUES(191,2621,1);
INSERT INTO AlbumSong (album_id,song_id,format_id) VALUES(191,2621,2);
INSERT INTO Song (song_name,artist_id,duration) VALUES ("Never Bought It - Live, Stockholm, 13 August 1997",17,"00:04:07");
INSERT INTO AlbumSong (album_id,song_id,format_id) VALUES(191,2622,1);
INSERT INTO AlbumSong (album_id,song_id,format_id) VALUES(191,2622,2);
INSERT INTO Song (song_name,artist_id,duration) VALUES ("Repulsion - Live, Stockholm, 13 August 1997",17,"00:03:20");
INSERT INTO AlbumSong (album_id,song_id,format_id) VALUES(191,2623,1);
INSERT INTO AlbumSong (album_id,song_id,format_id) VALUES(191,2623,2);
INSERT INTO Song (song_name,artist_id,duration) VALUES ("Feel The Pain - Live, Stockholm, 13 August 1997",17,"00:04:31");
INSERT INTO AlbumSong (album_id,song_id,format_id) VALUES(191,2624,1);
INSERT INTO AlbumSong (album_id,song_id,format_id) VALUES(191,2624,2);
INSERT INTO Song (song_name,artist_id,duration) VALUES ("Get Me - Live, Stockholm, 13 August 1997",17,"00:06:22");
INSERT INTO AlbumSong (album_id,song_id,format_id) VALUES(191,2625,1);
INSERT INTO AlbumSong (album_id,song_id,format_id) VALUES(191,2625,2);
INSERT INTO Song (song_name,artist_id,duration) VALUES ("Freak Scene - Live, Stockholm, 13 August 1997",17,"00:02:56");
INSERT INTO AlbumSong (album_id,song_id,format_id) VALUES(191,2626,1);
INSERT INTO AlbumSong (album_id,song_id,format_id) VALUES(191,2626,2);
INSERT INTO Song (song_name,artist_id,duration) VALUES ("Sludgefeast - Live, Stockholm, 13 August 1997",17,"00:07:51");
INSERT INTO AlbumSong (album_id,song_id,format_id) VALUES(191,2627,1);
INSERT INTO AlbumSong (album_id,song_id,format_id) VALUES(191,2627,2);
INSERT INTO Song (song_name,artist_id,duration) VALUES ("Alone - Live, Stockholm, 13 August 1997",17,"00:10:53");
INSERT INTO AlbumSong (album_id,song_id,format_id) VALUES(191,2628,1);
INSERT INTO AlbumSong (album_id,song_id,format_id) VALUES(191,2628,2);
INSERT INTO Song (song_name,artist_id,duration) VALUES ("What Else Is New - Live, Stockholm, 13 August 1997",17,"00:09:32");
INSERT INTO AlbumSong (album_id,song_id,format_id) VALUES(191,2629,1);
INSERT INTO AlbumSong (album_id,song_id,format_id) VALUES(191,2629,2);
INSERT INTO Album(album_id,album_name,artist_id,art_id,release_date) VALUES (191,"Hand It Over",17,191,"1997-03-25");
INSERT INTO AlbumArt(path) VALUES ("/var/www/album_art/dinosaur_jr._without_a_sound.jpg");
INSERT INTO Song (song_name,artist_id,duration) VALUES ("Feel the Pain",17,"00:04:19");
INSERT INTO AlbumSong (album_id,song_id,format_id) VALUES(192,2630,1);
INSERT INTO AlbumSong (album_id,song_id,format_id) VALUES(192,2630,2);
INSERT INTO Song (song_name,artist_id,duration) VALUES ("I Don't Think So",17,"00:03:36");
INSERT INTO AlbumSong (album_id,song_id,format_id) VALUES(192,2631,1);
INSERT INTO AlbumSong (album_id,song_id,format_id) VALUES(192,2631,2);
INSERT INTO Song (song_name,artist_id,duration) VALUES ("Yeah, Right",17,"00:02:47");
INSERT INTO AlbumSong (album_id,song_id,format_id) VALUES(192,2632,1);
INSERT INTO AlbumSong (album_id,song_id,format_id) VALUES(192,2632,2);
INSERT INTO Song (song_name,artist_id,duration) VALUES ("Outta Hand",17,"00:05:00");
INSERT INTO AlbumSong (album_id,song_id,format_id) VALUES(192,2633,1);
INSERT INTO AlbumSong (album_id,song_id,format_id) VALUES(192,2633,2);
INSERT INTO Song (song_name,artist_id,duration) VALUES ("Grab It",17,"00:03:32");
INSERT INTO AlbumSong (album_id,song_id,format_id) VALUES(192,2634,1);
INSERT INTO AlbumSong (album_id,song_id,format_id) VALUES(192,2634,2);
INSERT INTO Song (song_name,artist_id,duration) VALUES ("Even You",17,"00:03:23");
INSERT INTO AlbumSong (album_id,song_id,format_id) VALUES(192,2635,1);
INSERT INTO AlbumSong (album_id,song_id,format_id) VALUES(192,2635,2);
INSERT INTO Song (song_name,artist_id,duration) VALUES ("Mind Glow",17,"00:04:03");
INSERT INTO AlbumSong (album_id,song_id,format_id) VALUES(192,2636,1);
INSERT INTO AlbumSong (album_id,song_id,format_id) VALUES(192,2636,2);
INSERT INTO Song (song_name,artist_id,duration) VALUES ("Get Out of This",17,"00:05:23");
INSERT INTO AlbumSong (album_id,song_id,format_id) VALUES(192,2637,1);
INSERT INTO AlbumSong (album_id,song_id,format_id) VALUES(192,2637,2);
INSERT INTO Song (song_name,artist_id,duration) VALUES ("On the Brink",17,"00:03:14");
INSERT INTO AlbumSong (album_id,song_id,format_id) VALUES(192,2638,1);
INSERT INTO AlbumSong (album_id,song_id,format_id) VALUES(192,2638,2);
INSERT INTO Song (song_name,artist_id,duration) VALUES ("Seemed Like the Thing to Do",17,"00:05:48");
INSERT INTO AlbumSong (album_id,song_id,format_id) VALUES(192,2639,1);
INSERT INTO AlbumSong (album_id,song_id,format_id) VALUES(192,2639,2);
INSERT INTO Song (song_name,artist_id,duration) VALUES ("Over Your Shoulder",17,"00:04:52");
INSERT INTO AlbumSong (album_id,song_id,format_id) VALUES(192,2640,1);
INSERT INTO AlbumSong (album_id,song_id,format_id) VALUES(192,2640,2);
INSERT INTO Album(album_id,album_name,artist_id,art_id,release_date) VALUES (192,"Without a Sound",17,192,"1994-08-23");
INSERT INTO AlbumArt(path) VALUES ("/var/www/album_art/dinosaur_jr._without_a_sound_(expanded_&_remastered_edition).jpg");
INSERT INTO Song (song_name,artist_id,duration) VALUES ("Feel The Pain - 2019 Remaster",17,"00:04:18");
INSERT INTO AlbumSong (album_id,song_id,format_id) VALUES(193,2641,1);
INSERT INTO AlbumSong (album_id,song_id,format_id) VALUES(193,2641,2);
INSERT INTO Song (song_name,artist_id,duration) VALUES ("I Don't Think So - 2019 Remaster",17,"00:03:36");
INSERT INTO AlbumSong (album_id,song_id,format_id) VALUES(193,2642,1);
INSERT INTO AlbumSong (album_id,song_id,format_id) VALUES(193,2642,2);
INSERT INTO Song (song_name,artist_id,duration) VALUES ("Yeah Right - 2019 Remaster",17,"00:02:46");
INSERT INTO AlbumSong (album_id,song_id,format_id) VALUES(193,2643,1);
INSERT INTO AlbumSong (album_id,song_id,format_id) VALUES(193,2643,2);
INSERT INTO Song (song_name,artist_id,duration) VALUES ("Outta Hand - 2019 Remaster",17,"00:04:59");
INSERT INTO AlbumSong (album_id,song_id,format_id) VALUES(193,2644,1);
INSERT INTO AlbumSong (album_id,song_id,format_id) VALUES(193,2644,2);
INSERT INTO Song (song_name,artist_id,duration) VALUES ("Grab It - 2019 Remaster",17,"00:03:32");
INSERT INTO AlbumSong (album_id,song_id,format_id) VALUES(193,2645,1);
INSERT INTO AlbumSong (album_id,song_id,format_id) VALUES(193,2645,2);
INSERT INTO Song (song_name,artist_id,duration) VALUES ("Even You - 2019 Remaster",17,"00:03:24");
INSERT INTO AlbumSong (album_id,song_id,format_id) VALUES(193,2646,1);
INSERT INTO AlbumSong (album_id,song_id,format_id) VALUES(193,2646,2);
INSERT INTO Song (song_name,artist_id,duration) VALUES ("Mind Glow - 2019 Remaster",17,"00:04:03");
INSERT INTO AlbumSong (album_id,song_id,format_id) VALUES(193,2647,1);
INSERT INTO AlbumSong (album_id,song_id,format_id) VALUES(193,2647,2);
INSERT INTO Song (song_name,artist_id,duration) VALUES ("Get Out Of This - 2019 Remaster",17,"00:05:23");
INSERT INTO AlbumSong (album_id,song_id,format_id) VALUES(193,2648,1);
INSERT INTO AlbumSong (album_id,song_id,format_id) VALUES(193,2648,2);
INSERT INTO Song (song_name,artist_id,duration) VALUES ("On The Brink - 2019 Remaster",17,"00:03:12");
INSERT INTO AlbumSong (album_id,song_id,format_id) VALUES(193,2649,1);
INSERT INTO AlbumSong (album_id,song_id,format_id) VALUES(193,2649,2);
INSERT INTO Song (song_name,artist_id,duration) VALUES ("Seemed Like The Thing To Do - 2019 Remaster",17,"00:05:46");
INSERT INTO AlbumSong (album_id,song_id,format_id) VALUES(193,2650,1);
INSERT INTO AlbumSong (album_id,song_id,format_id) VALUES(193,2650,2);
INSERT INTO Song (song_name,artist_id,duration) VALUES ("Over Your Shoulder - 2019 Remaster",17,"00:04:53");
INSERT INTO AlbumSong (album_id,song_id,format_id) VALUES(193,2651,1);
INSERT INTO AlbumSong (album_id,song_id,format_id) VALUES(193,2651,2);
INSERT INTO Song (song_name,artist_id,duration) VALUES ("Get Out Of This (No Words Just Solo) - 2019 Remaster",17,"00:05:27");
INSERT INTO AlbumSong (album_id,song_id,format_id) VALUES(193,2652,1);
INSERT INTO AlbumSong (album_id,song_id,format_id) VALUES(193,2652,2);
INSERT INTO Song (song_name,artist_id,duration) VALUES ("Blah - 2018 Remaster",17,"00:03:13");
INSERT INTO AlbumSong (album_id,song_id,format_id) VALUES(193,2653,1);
INSERT INTO AlbumSong (album_id,song_id,format_id) VALUES(193,2653,2);
INSERT INTO Song (song_name,artist_id,duration) VALUES ("I Don't Think So - Instrumental",17,"00:03:36");
INSERT INTO AlbumSong (album_id,song_id,format_id) VALUES(193,2654,1);
INSERT INTO AlbumSong (album_id,song_id,format_id) VALUES(193,2654,2);
INSERT INTO Song (song_name,artist_id,duration) VALUES ("Outta Hand - Instrumental",17,"00:05:22");
INSERT INTO AlbumSong (album_id,song_id,format_id) VALUES(193,2655,1);
INSERT INTO AlbumSong (album_id,song_id,format_id) VALUES(193,2655,2);
INSERT INTO Song (song_name,artist_id,duration) VALUES ("Get Out Of This - Instrumental",17,"00:05:23");
INSERT INTO AlbumSong (album_id,song_id,format_id) VALUES(193,2656,1);
INSERT INTO AlbumSong (album_id,song_id,format_id) VALUES(193,2656,2);
INSERT INTO Song (song_name,artist_id,duration) VALUES ("On The Brink - Instrumental",17,"00:03:13");
INSERT INTO AlbumSong (album_id,song_id,format_id) VALUES(193,2657,1);
INSERT INTO AlbumSong (album_id,song_id,format_id) VALUES(193,2657,2);
INSERT INTO Song (song_name,artist_id,duration) VALUES ("Seemed Like The Thing To Do - Alternate Mix",17,"00:05:41");
INSERT INTO AlbumSong (album_id,song_id,format_id) VALUES(193,2658,1);
INSERT INTO AlbumSong (album_id,song_id,format_id) VALUES(193,2658,2);
INSERT INTO Song (song_name,artist_id,duration) VALUES ("Freak Scene - Live, Brixton Academy, London, 8 October 1994",17,"00:03:22");
INSERT INTO AlbumSong (album_id,song_id,format_id) VALUES(193,2659,1);
INSERT INTO AlbumSong (album_id,song_id,format_id) VALUES(193,2659,2);
INSERT INTO Song (song_name,artist_id,duration) VALUES ("Out There - Live, Brixton Academy, London, 8 October 1994",17,"00:05:42");
INSERT INTO AlbumSong (album_id,song_id,format_id) VALUES(193,2660,1);
INSERT INTO AlbumSong (album_id,song_id,format_id) VALUES(193,2660,2);
INSERT INTO Song (song_name,artist_id,duration) VALUES ("Get Me - Live, Brixton Academy, London, 8 October 1994",17,"00:05:54");
INSERT INTO AlbumSong (album_id,song_id,format_id) VALUES(193,2661,1);
INSERT INTO AlbumSong (album_id,song_id,format_id) VALUES(193,2661,2);
INSERT INTO Song (song_name,artist_id,duration) VALUES ("Not You Again - Live, Brixton Academy, London, 8 October 1994",17,"00:03:02");
INSERT INTO AlbumSong (album_id,song_id,format_id) VALUES(193,2662,1);
INSERT INTO AlbumSong (album_id,song_id,format_id) VALUES(193,2662,2);
INSERT INTO Song (song_name,artist_id,duration) VALUES ("Grab It - Live, Brixton Academy, London, 8 October 1994",17,"00:03:47");
INSERT INTO AlbumSong (album_id,song_id,format_id) VALUES(193,2663,1);
INSERT INTO AlbumSong (album_id,song_id,format_id) VALUES(193,2663,2);
INSERT INTO Song (song_name,artist_id,duration) VALUES ("Feel The Pain - Live, Brixton Academy, London, 8 October 1994",17,"00:04:49");
INSERT INTO AlbumSong (album_id,song_id,format_id) VALUES(193,2664,1);
INSERT INTO AlbumSong (album_id,song_id,format_id) VALUES(193,2664,2);
INSERT INTO Song (song_name,artist_id,duration) VALUES ("Little Fury Things - Live, Brixton Academy, London, 8 October 1994",17,"00:03:00");
INSERT INTO AlbumSong (album_id,song_id,format_id) VALUES(193,2665,1);
INSERT INTO AlbumSong (album_id,song_id,format_id) VALUES(193,2665,2);
INSERT INTO Song (song_name,artist_id,duration) VALUES ("What Else Is New - Live, Brixton Academy, London, 8 October 1994",17,"00:09:40");
INSERT INTO AlbumSong (album_id,song_id,format_id) VALUES(193,2666,1);
INSERT INTO AlbumSong (album_id,song_id,format_id) VALUES(193,2666,2);
INSERT INTO Song (song_name,artist_id,duration) VALUES ("Quest - Live, Brixton Academy, London, 8 October 1994",17,"00:05:16");
INSERT INTO AlbumSong (album_id,song_id,format_id) VALUES(193,2667,1);
INSERT INTO AlbumSong (album_id,song_id,format_id) VALUES(193,2667,2);
INSERT INTO Song (song_name,artist_id,duration) VALUES ("Thumb - Live, Brixton Academy, London, 8 October 1994",17,"00:07:42");
INSERT INTO AlbumSong (album_id,song_id,format_id) VALUES(193,2668,1);
INSERT INTO AlbumSong (album_id,song_id,format_id) VALUES(193,2668,2);
INSERT INTO Song (song_name,artist_id,duration) VALUES ("Sludgefeast - Live, Brixton Academy, London, 8 October 1994",17,"00:07:52");
INSERT INTO AlbumSong (album_id,song_id,format_id) VALUES(193,2669,1);
INSERT INTO AlbumSong (album_id,song_id,format_id) VALUES(193,2669,2);
INSERT INTO Album(album_id,album_name,artist_id,art_id,release_date) VALUES (193,"Without a Sound (Expanded & Remastered Edition)",17,193,"1994-08-23");
INSERT INTO AlbumArt(path) VALUES ("/var/www/album_art/dinosaur_jr._where_you_been.jpg");
INSERT INTO Song (song_name,artist_id,duration) VALUES ("Out There",17,"00:05:53");
INSERT INTO AlbumSong (album_id,song_id,format_id) VALUES(194,2670,1);
INSERT INTO AlbumSong (album_id,song_id,format_id) VALUES(194,2670,2);
INSERT INTO Song (song_name,artist_id,duration) VALUES ("Start Choppin'",17,"00:05:40");
INSERT INTO AlbumSong (album_id,song_id,format_id) VALUES(194,2671,1);
INSERT INTO AlbumSong (album_id,song_id,format_id) VALUES(194,2671,2);
INSERT INTO Song (song_name,artist_id,duration) VALUES ("What Else Is New?",17,"00:05:09");
INSERT INTO AlbumSong (album_id,song_id,format_id) VALUES(194,2672,1);
INSERT INTO AlbumSong (album_id,song_id,format_id) VALUES(194,2672,2);
INSERT INTO Song (song_name,artist_id,duration) VALUES ("On the Way",17,"00:03:30");
INSERT INTO AlbumSong (album_id,song_id,format_id) VALUES(194,2673,1);
INSERT INTO AlbumSong (album_id,song_id,format_id) VALUES(194,2673,2);
INSERT INTO Song (song_name,artist_id,duration) VALUES ("Not the Same",17,"00:06:02");
INSERT INTO AlbumSong (album_id,song_id,format_id) VALUES(194,2674,1);
INSERT INTO AlbumSong (album_id,song_id,format_id) VALUES(194,2674,2);
INSERT INTO Song (song_name,artist_id,duration) VALUES ("Get Me",17,"00:05:51");
INSERT INTO AlbumSong (album_id,song_id,format_id) VALUES(194,2675,1);
INSERT INTO AlbumSong (album_id,song_id,format_id) VALUES(194,2675,2);
INSERT INTO Song (song_name,artist_id,duration) VALUES ("Drawerings",17,"00:04:51");
INSERT INTO AlbumSong (album_id,song_id,format_id) VALUES(194,2676,1);
INSERT INTO AlbumSong (album_id,song_id,format_id) VALUES(194,2676,2);
INSERT INTO Song (song_name,artist_id,duration) VALUES ("Hide",17,"00:04:13");
INSERT INTO AlbumSong (album_id,song_id,format_id) VALUES(194,2677,1);
INSERT INTO AlbumSong (album_id,song_id,format_id) VALUES(194,2677,2);
INSERT INTO Song (song_name,artist_id,duration) VALUES ("Goin' Home",17,"00:04:18");
INSERT INTO AlbumSong (album_id,song_id,format_id) VALUES(194,2678,1);
INSERT INTO AlbumSong (album_id,song_id,format_id) VALUES(194,2678,2);
INSERT INTO Song (song_name,artist_id,duration) VALUES ("I Ain't Sayin'",17,"00:02:29");
INSERT INTO AlbumSong (album_id,song_id,format_id) VALUES(194,2679,1);
INSERT INTO AlbumSong (album_id,song_id,format_id) VALUES(194,2679,2);
INSERT INTO Album(album_id,album_name,artist_id,art_id,release_date) VALUES (194,"Where You Been",17,194,"1993-02-09");
INSERT INTO AlbumArt(path) VALUES ("/var/www/album_art/dinosaur_jr._where_you_been_(expanded_&_remastered_edition).jpg");
INSERT INTO Song (song_name,artist_id,duration) VALUES ("Out There - 2019 Remaster",17,"00:05:54");
INSERT INTO AlbumSong (album_id,song_id,format_id) VALUES(195,2680,1);
INSERT INTO AlbumSong (album_id,song_id,format_id) VALUES(195,2680,2);
INSERT INTO Song (song_name,artist_id,duration) VALUES ("Start Choppin - 2019 Remaster",17,"00:05:38");
INSERT INTO AlbumSong (album_id,song_id,format_id) VALUES(195,2681,1);
INSERT INTO AlbumSong (album_id,song_id,format_id) VALUES(195,2681,2);
INSERT INTO Song (song_name,artist_id,duration) VALUES ("What Else Is New - 2019 Remaster",17,"00:05:09");
INSERT INTO AlbumSong (album_id,song_id,format_id) VALUES(195,2682,1);
INSERT INTO AlbumSong (album_id,song_id,format_id) VALUES(195,2682,2);
INSERT INTO Song (song_name,artist_id,duration) VALUES ("On The Way - 2019 Remaster",17,"00:03:30");
INSERT INTO AlbumSong (album_id,song_id,format_id) VALUES(195,2683,1);
INSERT INTO AlbumSong (album_id,song_id,format_id) VALUES(195,2683,2);
INSERT INTO Song (song_name,artist_id,duration) VALUES ("Not The Same - 2019 Remaster",17,"00:06:02");
INSERT INTO AlbumSong (album_id,song_id,format_id) VALUES(195,2684,1);
INSERT INTO AlbumSong (album_id,song_id,format_id) VALUES(195,2684,2);
INSERT INTO Song (song_name,artist_id,duration) VALUES ("Get Me - 2019 Remaster",17,"00:05:51");
INSERT INTO AlbumSong (album_id,song_id,format_id) VALUES(195,2685,1);
INSERT INTO AlbumSong (album_id,song_id,format_id) VALUES(195,2685,2);
INSERT INTO Song (song_name,artist_id,duration) VALUES ("Drawerings - 2019 Remaster",17,"00:04:49");
INSERT INTO AlbumSong (album_id,song_id,format_id) VALUES(195,2686,1);
INSERT INTO AlbumSong (album_id,song_id,format_id) VALUES(195,2686,2);
INSERT INTO Song (song_name,artist_id,duration) VALUES ("Hide - 2019 Remaster",17,"00:04:11");
INSERT INTO AlbumSong (album_id,song_id,format_id) VALUES(195,2687,1);
INSERT INTO AlbumSong (album_id,song_id,format_id) VALUES(195,2687,2);
INSERT INTO Song (song_name,artist_id,duration) VALUES ("Goin Home - 2019 Remaster",17,"00:04:16");
INSERT INTO AlbumSong (album_id,song_id,format_id) VALUES(195,2688,1);
INSERT INTO AlbumSong (album_id,song_id,format_id) VALUES(195,2688,2);
INSERT INTO Song (song_name,artist_id,duration) VALUES ("I Ain't Sayin - 2019 Remaster",17,"00:02:28");
INSERT INTO AlbumSong (album_id,song_id,format_id) VALUES(195,2689,1);
INSERT INTO AlbumSong (album_id,song_id,format_id) VALUES(195,2689,2);
INSERT INTO Song (song_name,artist_id,duration) VALUES ("Hot Burrito #2 - 2019 Remaster",17,"00:03:20");
INSERT INTO AlbumSong (album_id,song_id,format_id) VALUES(195,2690,1);
INSERT INTO AlbumSong (album_id,song_id,format_id) VALUES(195,2690,2);
INSERT INTO Song (song_name,artist_id,duration) VALUES ("Quest - Acoustic, 2019 Remaster",17,"00:04:43");
INSERT INTO AlbumSong (album_id,song_id,format_id) VALUES(195,2691,1);
INSERT INTO AlbumSong (album_id,song_id,format_id) VALUES(195,2691,2);
INSERT INTO Song (song_name,artist_id,duration) VALUES ("Turnip Farm - 2019 Remaster",17,"00:05:50");
INSERT INTO AlbumSong (album_id,song_id,format_id) VALUES(195,2692,1);
INSERT INTO AlbumSong (album_id,song_id,format_id) VALUES(195,2692,2);
INSERT INTO Song (song_name,artist_id,duration) VALUES ("Forget It - 2019 Remaster",17,"00:04:05");
INSERT INTO AlbumSong (album_id,song_id,format_id) VALUES(195,2693,1);
INSERT INTO AlbumSong (album_id,song_id,format_id) VALUES(195,2693,2);
INSERT INTO Song (song_name,artist_id,duration) VALUES ("Keeblin' - 2019 Remaster",17,"00:03:42");
INSERT INTO AlbumSong (album_id,song_id,format_id) VALUES(195,2694,1);
INSERT INTO AlbumSong (album_id,song_id,format_id) VALUES(195,2694,2);
INSERT INTO Song (song_name,artist_id,duration) VALUES ("Missing Link - 2019 Remaster",17,"00:03:57");
INSERT INTO AlbumSong (album_id,song_id,format_id) VALUES(195,2695,1);
INSERT INTO AlbumSong (album_id,song_id,format_id) VALUES(195,2695,2);
INSERT INTO Song (song_name,artist_id,duration) VALUES ("Noon At Dawn - Peel Session, 24 November 1992",17,"00:04:03");
INSERT INTO AlbumSong (album_id,song_id,format_id) VALUES(195,2696,1);
INSERT INTO AlbumSong (album_id,song_id,format_id) VALUES(195,2696,2);
INSERT INTO Song (song_name,artist_id,duration) VALUES ("Hide - Peel Session, 24 November 1992",17,"00:03:47");
INSERT INTO AlbumSong (album_id,song_id,format_id) VALUES(195,2697,1);
INSERT INTO AlbumSong (album_id,song_id,format_id) VALUES(195,2697,2);
INSERT INTO Song (song_name,artist_id,duration) VALUES ("Get Me - Peel Session, 24 November 1992",17,"00:04:24");
INSERT INTO AlbumSong (album_id,song_id,format_id) VALUES(195,2698,1);
INSERT INTO AlbumSong (album_id,song_id,format_id) VALUES(195,2698,2);
INSERT INTO Song (song_name,artist_id,duration) VALUES ("Keeblin' - Peel Session 24 November 1992",17,"00:03:26");
INSERT INTO AlbumSong (album_id,song_id,format_id) VALUES(195,2699,1);
INSERT INTO AlbumSong (album_id,song_id,format_id) VALUES(195,2699,2);
INSERT INTO Song (song_name,artist_id,duration) VALUES ("Severed Lips - Evening Session, 23 January 1993",17,"00:02:56");
INSERT INTO AlbumSong (album_id,song_id,format_id) VALUES(195,2700,1);
INSERT INTO AlbumSong (album_id,song_id,format_id) VALUES(195,2700,2);
INSERT INTO Song (song_name,artist_id,duration) VALUES ("Thumb - Evening Session, 23 January 1993",17,"00:03:03");
INSERT INTO AlbumSong (album_id,song_id,format_id) VALUES(195,2701,1);
INSERT INTO AlbumSong (album_id,song_id,format_id) VALUES(195,2701,2);
INSERT INTO Song (song_name,artist_id,duration) VALUES ("Tarpit - Live, St Paul Civic Center, MN, 29 June 1993",17,"00:05:26");
INSERT INTO AlbumSong (album_id,song_id,format_id) VALUES(195,2702,1);
INSERT INTO AlbumSong (album_id,song_id,format_id) VALUES(195,2702,2);
INSERT INTO Song (song_name,artist_id,duration) VALUES ("Budge - Live, St Paul Civic Center, MN, 29 June 1993",17,"00:03:05");
INSERT INTO AlbumSong (album_id,song_id,format_id) VALUES(195,2703,1);
INSERT INTO AlbumSong (album_id,song_id,format_id) VALUES(195,2703,2);
INSERT INTO Song (song_name,artist_id,duration) VALUES ("Start Choppin - Live, St Paul Civic Center, MN, 29 June 1993",17,"00:05:11");
INSERT INTO AlbumSong (album_id,song_id,format_id) VALUES(195,2704,1);
INSERT INTO AlbumSong (album_id,song_id,format_id) VALUES(195,2704,2);
INSERT INTO Song (song_name,artist_id,duration) VALUES ("Drawerings - Live, St Paul Civic Center, MN, 29 June 1993",17,"00:04:35");
INSERT INTO AlbumSong (album_id,song_id,format_id) VALUES(195,2705,1);
INSERT INTO AlbumSong (album_id,song_id,format_id) VALUES(195,2705,2);
INSERT INTO Song (song_name,artist_id,duration) VALUES ("Raisins - Live, St Paul Civic Center, MN, 29 June 1993",17,"00:04:36");
INSERT INTO AlbumSong (album_id,song_id,format_id) VALUES(195,2706,1);
INSERT INTO AlbumSong (album_id,song_id,format_id) VALUES(195,2706,2);
INSERT INTO Song (song_name,artist_id,duration) VALUES ("Thumb - Live, St Paul Civic Center, MN, 29 June 1993",17,"00:08:15");
INSERT INTO AlbumSong (album_id,song_id,format_id) VALUES(195,2707,1);
INSERT INTO AlbumSong (album_id,song_id,format_id) VALUES(195,2707,2);
INSERT INTO Song (song_name,artist_id,duration) VALUES ("Out There - Live, St Paul Civic Center, MN, 29 June 1993",17,"00:05:48");
INSERT INTO AlbumSong (album_id,song_id,format_id) VALUES(195,2708,1);
INSERT INTO AlbumSong (album_id,song_id,format_id) VALUES(195,2708,2);
INSERT INTO Song (song_name,artist_id,duration) VALUES ("Sludgefeast - Live, St Paul Civic Center, MN, 29 June 1993",17,"00:06:17");
INSERT INTO AlbumSong (album_id,song_id,format_id) VALUES(195,2709,1);
INSERT INTO AlbumSong (album_id,song_id,format_id) VALUES(195,2709,2);
INSERT INTO Album(album_id,album_name,artist_id,art_id,release_date) VALUES (195,"Where You Been (Expanded & Remastered Edition)",17,195,"1993-02-09");
INSERT INTO AlbumArt(path) VALUES ("/var/www/album_art/dinosaur_jr._whatever's_cool_with_me.jpg");
INSERT INTO Song (song_name,artist_id,duration) VALUES ("Whatever's Cool With Me",17,"00:04:33");
INSERT INTO AlbumSong (album_id,song_id,format_id) VALUES(196,2710,1);
INSERT INTO AlbumSong (album_id,song_id,format_id) VALUES(196,2710,2);
INSERT INTO Song (song_name,artist_id,duration) VALUES ("Sideways",17,"00:04:13");
INSERT INTO AlbumSong (album_id,song_id,format_id) VALUES(196,2711,1);
INSERT INTO AlbumSong (album_id,song_id,format_id) VALUES(196,2711,2);
INSERT INTO Song (song_name,artist_id,duration) VALUES ("Not You Again",17,"00:02:31");
INSERT INTO AlbumSong (album_id,song_id,format_id) VALUES(196,2712,1);
INSERT INTO AlbumSong (album_id,song_id,format_id) VALUES(196,2712,2);
INSERT INTO Song (song_name,artist_id,duration) VALUES ("The Little Baby",17,"00:02:10");
INSERT INTO AlbumSong (album_id,song_id,format_id) VALUES(196,2713,1);
INSERT INTO AlbumSong (album_id,song_id,format_id) VALUES(196,2713,2);
INSERT INTO Song (song_name,artist_id,duration) VALUES ("Pebbles + Weeds",17,"00:05:25");
INSERT INTO AlbumSong (album_id,song_id,format_id) VALUES(196,2714,1);
INSERT INTO AlbumSong (album_id,song_id,format_id) VALUES(196,2714,2);
INSERT INTO Song (song_name,artist_id,duration) VALUES ("Quicksand",17,"00:04:33");
INSERT INTO AlbumSong (album_id,song_id,format_id) VALUES(196,2715,1);
INSERT INTO AlbumSong (album_id,song_id,format_id) VALUES(196,2715,2);
INSERT INTO Song (song_name,artist_id,duration) VALUES ("Thumb - Live",17,"00:07:44");
INSERT INTO AlbumSong (album_id,song_id,format_id) VALUES(196,2716,1);
INSERT INTO AlbumSong (album_id,song_id,format_id) VALUES(196,2716,2);
INSERT INTO Song (song_name,artist_id,duration) VALUES ("Keep the Glove - Live",17,"00:03:15");
INSERT INTO AlbumSong (album_id,song_id,format_id) VALUES(196,2717,1);
INSERT INTO AlbumSong (album_id,song_id,format_id) VALUES(196,2717,2);
INSERT INTO Album(album_id,album_name,artist_id,art_id,release_date) VALUES (196,"Whatever's Cool With Me",17,196,"1991-10-22");
INSERT INTO AlbumArt(path) VALUES ("/var/www/album_art/dinosaur_jr._green_mind.jpg");
INSERT INTO Song (song_name,artist_id,duration) VALUES ("The Wagon",17,"00:04:55");
INSERT INTO AlbumSong (album_id,song_id,format_id) VALUES(197,2718,1);
INSERT INTO AlbumSong (album_id,song_id,format_id) VALUES(197,2718,2);
INSERT INTO Song (song_name,artist_id,duration) VALUES ("Puke and Cry",17,"00:04:27");
INSERT INTO AlbumSong (album_id,song_id,format_id) VALUES(197,2719,1);
INSERT INTO AlbumSong (album_id,song_id,format_id) VALUES(197,2719,2);
INSERT INTO Song (song_name,artist_id,duration) VALUES ("Blowing It",17,"00:02:45");
INSERT INTO AlbumSong (album_id,song_id,format_id) VALUES(197,2720,1);
INSERT INTO AlbumSong (album_id,song_id,format_id) VALUES(197,2720,2);
INSERT INTO Song (song_name,artist_id,duration) VALUES ("I Live for That Look",17,"00:01:56");
INSERT INTO AlbumSong (album_id,song_id,format_id) VALUES(197,2721,1);
INSERT INTO AlbumSong (album_id,song_id,format_id) VALUES(197,2721,2);
INSERT INTO Song (song_name,artist_id,duration) VALUES ("Flying Cloud",17,"00:02:35");
INSERT INTO AlbumSong (album_id,song_id,format_id) VALUES(197,2722,1);
INSERT INTO AlbumSong (album_id,song_id,format_id) VALUES(197,2722,2);
INSERT INTO Song (song_name,artist_id,duration) VALUES ("How'd You Pin That One On Me",17,"00:04:23");
INSERT INTO AlbumSong (album_id,song_id,format_id) VALUES(197,2723,1);
INSERT INTO AlbumSong (album_id,song_id,format_id) VALUES(197,2723,2);
INSERT INTO Song (song_name,artist_id,duration) VALUES ("Water",17,"00:05:38");
INSERT INTO AlbumSong (album_id,song_id,format_id) VALUES(197,2724,1);
INSERT INTO AlbumSong (album_id,song_id,format_id) VALUES(197,2724,2);
INSERT INTO Song (song_name,artist_id,duration) VALUES ("Muck",17,"00:04:15");
INSERT INTO AlbumSong (album_id,song_id,format_id) VALUES(197,2725,1);
INSERT INTO AlbumSong (album_id,song_id,format_id) VALUES(197,2725,2);
INSERT INTO Song (song_name,artist_id,duration) VALUES ("Thumb",17,"00:05:38");
INSERT INTO AlbumSong (album_id,song_id,format_id) VALUES(197,2726,1);
INSERT INTO AlbumSong (album_id,song_id,format_id) VALUES(197,2726,2);
INSERT INTO Song (song_name,artist_id,duration) VALUES ("Green Mind",17,"00:04:56");
INSERT INTO AlbumSong (album_id,song_id,format_id) VALUES(197,2727,1);
INSERT INTO AlbumSong (album_id,song_id,format_id) VALUES(197,2727,2);
INSERT INTO Album(album_id,album_name,artist_id,art_id,release_date) VALUES (197,"Green Mind",17,197,"1991-02-19");
INSERT INTO AlbumArt(path) VALUES ("/var/www/album_art/dinosaur_jr._green_mind_(expanded_&_remastered_edition).jpg");
INSERT INTO Song (song_name,artist_id,duration) VALUES ("The Wagon - 2019 Remaster",17,"00:04:56");
INSERT INTO AlbumSong (album_id,song_id,format_id) VALUES(198,2728,1);
INSERT INTO AlbumSong (album_id,song_id,format_id) VALUES(198,2728,2);
INSERT INTO Song (song_name,artist_id,duration) VALUES ("Puke + Cry - 2019 Remaster",17,"00:04:27");
INSERT INTO AlbumSong (album_id,song_id,format_id) VALUES(198,2729,1);
INSERT INTO AlbumSong (album_id,song_id,format_id) VALUES(198,2729,2);
INSERT INTO Song (song_name,artist_id,duration) VALUES ("Blowing It - 2019 Remaster",17,"00:02:44");
INSERT INTO AlbumSong (album_id,song_id,format_id) VALUES(198,2730,1);
INSERT INTO AlbumSong (album_id,song_id,format_id) VALUES(198,2730,2);
INSERT INTO Song (song_name,artist_id,duration) VALUES ("I Live For That Look - 2019 Remaster",17,"00:01:56");
INSERT INTO AlbumSong (album_id,song_id,format_id) VALUES(198,2731,1);
INSERT INTO AlbumSong (album_id,song_id,format_id) VALUES(198,2731,2);
INSERT INTO Song (song_name,artist_id,duration) VALUES ("Flying Cloud - 2019 Remaster",17,"00:02:35");
INSERT INTO AlbumSong (album_id,song_id,format_id) VALUES(198,2732,1);
INSERT INTO AlbumSong (album_id,song_id,format_id) VALUES(198,2732,2);
INSERT INTO Song (song_name,artist_id,duration) VALUES ("How'd You Pin That One On Me - 2019 Remaster",17,"00:04:23");
INSERT INTO AlbumSong (album_id,song_id,format_id) VALUES(198,2733,1);
INSERT INTO AlbumSong (album_id,song_id,format_id) VALUES(198,2733,2);
INSERT INTO Song (song_name,artist_id,duration) VALUES ("Water - 2019 Remaster",17,"00:05:38");
INSERT INTO AlbumSong (album_id,song_id,format_id) VALUES(198,2734,1);
INSERT INTO AlbumSong (album_id,song_id,format_id) VALUES(198,2734,2);
INSERT INTO Song (song_name,artist_id,duration) VALUES ("Muck - 2019 Remaster",17,"00:04:15");
INSERT INTO AlbumSong (album_id,song_id,format_id) VALUES(198,2735,1);
INSERT INTO AlbumSong (album_id,song_id,format_id) VALUES(198,2735,2);
INSERT INTO Song (song_name,artist_id,duration) VALUES ("Thumb - 2019 Remaster",17,"00:05:38");
INSERT INTO AlbumSong (album_id,song_id,format_id) VALUES(198,2736,1);
INSERT INTO AlbumSong (album_id,song_id,format_id) VALUES(198,2736,2);
INSERT INTO Song (song_name,artist_id,duration) VALUES ("Green Mind - 2019 Remaster",17,"00:04:59");
INSERT INTO AlbumSong (album_id,song_id,format_id) VALUES(198,2737,1);
INSERT INTO AlbumSong (album_id,song_id,format_id) VALUES(198,2737,2);
INSERT INTO Song (song_name,artist_id,duration) VALUES ("Pebbles + Weeds - 2019 Remaster",17,"00:05:23");
INSERT INTO AlbumSong (album_id,song_id,format_id) VALUES(198,2738,1);
INSERT INTO AlbumSong (album_id,song_id,format_id) VALUES(198,2738,2);
INSERT INTO Song (song_name,artist_id,duration) VALUES ("The Little Baby - 2019 Remaster",17,"00:02:07");
INSERT INTO AlbumSong (album_id,song_id,format_id) VALUES(198,2739,1);
INSERT INTO AlbumSong (album_id,song_id,format_id) VALUES(198,2739,2);
INSERT INTO Song (song_name,artist_id,duration) VALUES ("Not You Again - 2019 Remaster",17,"00:02:29");
INSERT INTO AlbumSong (album_id,song_id,format_id) VALUES(198,2740,1);
INSERT INTO AlbumSong (album_id,song_id,format_id) VALUES(198,2740,2);
INSERT INTO Song (song_name,artist_id,duration) VALUES ("Quicksand (Wagon Reprise) - 2019 Remaster",17,"00:04:30");
INSERT INTO AlbumSong (album_id,song_id,format_id) VALUES(198,2741,1);
INSERT INTO AlbumSong (album_id,song_id,format_id) VALUES(198,2741,2);
INSERT INTO Song (song_name,artist_id,duration) VALUES ("Throw Down - 2019 Remaster",17,"00:00:47");
INSERT INTO AlbumSong (album_id,song_id,format_id) VALUES(198,2742,1);
INSERT INTO AlbumSong (album_id,song_id,format_id) VALUES(198,2742,2);
INSERT INTO Song (song_name,artist_id,duration) VALUES ("Whatever's Cool With Me - 2019 Remaster",17,"00:04:34");
INSERT INTO AlbumSong (album_id,song_id,format_id) VALUES(198,2743,1);
INSERT INTO AlbumSong (album_id,song_id,format_id) VALUES(198,2743,2);
INSERT INTO Song (song_name,artist_id,duration) VALUES ("Sideways - 2019 Remaster",17,"00:04:11");
INSERT INTO AlbumSong (album_id,song_id,format_id) VALUES(198,2744,1);
INSERT INTO AlbumSong (album_id,song_id,format_id) VALUES(198,2744,2);
INSERT INTO Song (song_name,artist_id,duration) VALUES ("The Wagon - 7 DJ Edit, 2019 Remaster",17,"00:03:25");
INSERT INTO AlbumSong (album_id,song_id,format_id) VALUES(198,2745,1);
INSERT INTO AlbumSong (album_id,song_id,format_id) VALUES(198,2745,2);
INSERT INTO Song (song_name,artist_id,duration) VALUES ("The Lung - Live, Hollywood Palladium, 14 June 1991",17,"00:05:05");
INSERT INTO AlbumSong (album_id,song_id,format_id) VALUES(198,2746,1);
INSERT INTO AlbumSong (album_id,song_id,format_id) VALUES(198,2746,2);
INSERT INTO Song (song_name,artist_id,duration) VALUES ("Water - Live, Hollywood Palladium, 14 June 1991",17,"00:06:02");
INSERT INTO AlbumSong (album_id,song_id,format_id) VALUES(198,2747,1);
INSERT INTO AlbumSong (album_id,song_id,format_id) VALUES(198,2747,2);
INSERT INTO Song (song_name,artist_id,duration) VALUES ("The Wagon - Live, Hollywood Palladium, 14 June 1991",17,"00:05:11");
INSERT INTO AlbumSong (album_id,song_id,format_id) VALUES(198,2748,1);
INSERT INTO AlbumSong (album_id,song_id,format_id) VALUES(198,2748,2);
INSERT INTO Song (song_name,artist_id,duration) VALUES ("Keep The Glove - Live, Hollywood Palladium, 14 June 1991",17,"00:03:39");
INSERT INTO AlbumSong (album_id,song_id,format_id) VALUES(198,2749,1);
INSERT INTO AlbumSong (album_id,song_id,format_id) VALUES(198,2749,2);
INSERT INTO Song (song_name,artist_id,duration) VALUES ("Blowing It/I Live For That Look - Live, Hollywood Palladium, 14 June 1991",17,"00:05:01");
INSERT INTO AlbumSong (album_id,song_id,format_id) VALUES(198,2750,1);
INSERT INTO AlbumSong (album_id,song_id,format_id) VALUES(198,2750,2);
INSERT INTO Song (song_name,artist_id,duration) VALUES ("Tarpit - Live, Hollywood Palladium, 14 June 1991",17,"00:06:23");
INSERT INTO AlbumSong (album_id,song_id,format_id) VALUES(198,2751,1);
INSERT INTO AlbumSong (album_id,song_id,format_id) VALUES(198,2751,2);
INSERT INTO Song (song_name,artist_id,duration) VALUES ("Kracked - Live, Hollywood Palladium, 14 June 1991",17,"00:03:09");
INSERT INTO AlbumSong (album_id,song_id,format_id) VALUES(198,2752,1);
INSERT INTO AlbumSong (album_id,song_id,format_id) VALUES(198,2752,2);
INSERT INTO Song (song_name,artist_id,duration) VALUES ("Freak Scene - Live, Hollywood Palladium, 14 June 1991",17,"00:03:36");
INSERT INTO AlbumSong (album_id,song_id,format_id) VALUES(198,2753,1);
INSERT INTO AlbumSong (album_id,song_id,format_id) VALUES(198,2753,2);
INSERT INTO Song (song_name,artist_id,duration) VALUES ("Thumb - Live, Hollywood Palladium, 14 June 1991",17,"00:07:49");
INSERT INTO AlbumSong (album_id,song_id,format_id) VALUES(198,2754,1);
INSERT INTO AlbumSong (album_id,song_id,format_id) VALUES(198,2754,2);
INSERT INTO Song (song_name,artist_id,duration) VALUES ("They Always Come - Live, Hollywood Palladium, 14 June 1991",17,"00:04:02");
INSERT INTO AlbumSong (album_id,song_id,format_id) VALUES(198,2755,1);
INSERT INTO AlbumSong (album_id,song_id,format_id) VALUES(198,2755,2);
INSERT INTO Song (song_name,artist_id,duration) VALUES ("Budge - Live, Hollywood Palladium, 14 June 1991",17,"00:02:33");
INSERT INTO AlbumSong (album_id,song_id,format_id) VALUES(198,2756,1);
INSERT INTO AlbumSong (album_id,song_id,format_id) VALUES(198,2756,2);
INSERT INTO Song (song_name,artist_id,duration) VALUES ("Sludgefeast - Live, Hollywood Palladium, 14 June 1991",17,"00:05:06");
INSERT INTO AlbumSong (album_id,song_id,format_id) VALUES(198,2757,1);
INSERT INTO AlbumSong (album_id,song_id,format_id) VALUES(198,2757,2);
INSERT INTO Song (song_name,artist_id,duration) VALUES ("Thumb - Live, 2019 Remaster",17,"00:07:40");
INSERT INTO AlbumSong (album_id,song_id,format_id) VALUES(198,2758,1);
INSERT INTO AlbumSong (album_id,song_id,format_id) VALUES(198,2758,2);
INSERT INTO Song (song_name,artist_id,duration) VALUES ("Keep The Glove - Live, 2019 Remaster",17,"00:03:15");
INSERT INTO AlbumSong (album_id,song_id,format_id) VALUES(198,2759,1);
INSERT INTO AlbumSong (album_id,song_id,format_id) VALUES(198,2759,2);
INSERT INTO Song (song_name,artist_id,duration) VALUES ("The Lung - Live, 2019 Remaster",17,"00:04:37");
INSERT INTO AlbumSong (album_id,song_id,format_id) VALUES(198,2760,1);
INSERT INTO AlbumSong (album_id,song_id,format_id) VALUES(198,2760,2);
INSERT INTO Song (song_name,artist_id,duration) VALUES ("The Post - Live, 2019 Remaster",17,"00:03:45");
INSERT INTO AlbumSong (album_id,song_id,format_id) VALUES(198,2761,1);
INSERT INTO AlbumSong (album_id,song_id,format_id) VALUES(198,2761,2);
INSERT INTO Album(album_id,album_name,artist_id,art_id,release_date) VALUES (198,"Green Mind (Expanded & Remastered Edition)",17,198,"1991-02-19");
INSERT INTO AlbumArt(path) VALUES ("/var/www/album_art/dinosaur_jr._bug.jpg");
INSERT INTO Song (song_name,artist_id,duration) VALUES ("Freak Scene",17,"00:03:36");
INSERT INTO AlbumSong (album_id,song_id,format_id) VALUES(199,2762,1);
INSERT INTO AlbumSong (album_id,song_id,format_id) VALUES(199,2762,2);
INSERT INTO Song (song_name,artist_id,duration) VALUES ("No Bones",17,"00:03:43");
INSERT INTO AlbumSong (album_id,song_id,format_id) VALUES(199,2763,1);
INSERT INTO AlbumSong (album_id,song_id,format_id) VALUES(199,2763,2);
INSERT INTO Song (song_name,artist_id,duration) VALUES ("They Always come",17,"00:04:37");
INSERT INTO AlbumSong (album_id,song_id,format_id) VALUES(199,2764,1);
INSERT INTO AlbumSong (album_id,song_id,format_id) VALUES(199,2764,2);
INSERT INTO Song (song_name,artist_id,duration) VALUES ("Yeah We Know",17,"00:05:24");
INSERT INTO AlbumSong (album_id,song_id,format_id) VALUES(199,2765,1);
INSERT INTO AlbumSong (album_id,song_id,format_id) VALUES(199,2765,2);
INSERT INTO Song (song_name,artist_id,duration) VALUES ("Let It Ride",17,"00:03:37");
INSERT INTO AlbumSong (album_id,song_id,format_id) VALUES(199,2766,1);
INSERT INTO AlbumSong (album_id,song_id,format_id) VALUES(199,2766,2);
INSERT INTO Song (song_name,artist_id,duration) VALUES ("Pond Song",17,"00:02:53");
INSERT INTO AlbumSong (album_id,song_id,format_id) VALUES(199,2767,1);
INSERT INTO AlbumSong (album_id,song_id,format_id) VALUES(199,2767,2);
INSERT INTO Song (song_name,artist_id,duration) VALUES ("Budge",17,"00:02:32");
INSERT INTO AlbumSong (album_id,song_id,format_id) VALUES(199,2768,1);
INSERT INTO AlbumSong (album_id,song_id,format_id) VALUES(199,2768,2);
INSERT INTO Song (song_name,artist_id,duration) VALUES ("The Post",17,"00:03:38");
INSERT INTO AlbumSong (album_id,song_id,format_id) VALUES(199,2769,1);
INSERT INTO AlbumSong (album_id,song_id,format_id) VALUES(199,2769,2);
INSERT INTO Song (song_name,artist_id,duration) VALUES ("Don't",17,"00:05:41");
INSERT INTO AlbumSong (album_id,song_id,format_id) VALUES(199,2770,1);
INSERT INTO AlbumSong (album_id,song_id,format_id) VALUES(199,2770,2);
INSERT INTO Song (song_name,artist_id,duration) VALUES ("Keep the Glove",17,"00:02:50");
INSERT INTO AlbumSong (album_id,song_id,format_id) VALUES(199,2771,1);
INSERT INTO AlbumSong (album_id,song_id,format_id) VALUES(199,2771,2);
INSERT INTO Album(album_id,album_name,artist_id,art_id,release_date) VALUES (199,"Bug",17,199,"1988-10-31");
INSERT INTO AlbumArt(path) VALUES ("/var/www/album_art/dinosaur_jr._you're_living_all_over_me.jpg");
INSERT INTO Song (song_name,artist_id,duration) VALUES ("Little Fury Things",17,"00:03:06");
INSERT INTO AlbumSong (album_id,song_id,format_id) VALUES(200,2772,1);
INSERT INTO AlbumSong (album_id,song_id,format_id) VALUES(200,2772,2);
INSERT INTO Song (song_name,artist_id,duration) VALUES ("Kracked",17,"00:02:50");
INSERT INTO AlbumSong (album_id,song_id,format_id) VALUES(200,2773,1);
INSERT INTO AlbumSong (album_id,song_id,format_id) VALUES(200,2773,2);
INSERT INTO Song (song_name,artist_id,duration) VALUES ("Sludgefeast",17,"00:05:17");
INSERT INTO AlbumSong (album_id,song_id,format_id) VALUES(200,2774,1);
INSERT INTO AlbumSong (album_id,song_id,format_id) VALUES(200,2774,2);
INSERT INTO Song (song_name,artist_id,duration) VALUES ("The Lung",17,"00:03:51");
INSERT INTO AlbumSong (album_id,song_id,format_id) VALUES(200,2775,1);
INSERT INTO AlbumSong (album_id,song_id,format_id) VALUES(200,2775,2);
INSERT INTO Song (song_name,artist_id,duration) VALUES ("Raisans",17,"00:03:50");
INSERT INTO AlbumSong (album_id,song_id,format_id) VALUES(200,2776,1);
INSERT INTO AlbumSong (album_id,song_id,format_id) VALUES(200,2776,2);
INSERT INTO Song (song_name,artist_id,duration) VALUES ("Tarpit",17,"00:04:36");
INSERT INTO AlbumSong (album_id,song_id,format_id) VALUES(200,2777,1);
INSERT INTO AlbumSong (album_id,song_id,format_id) VALUES(200,2777,2);
INSERT INTO Song (song_name,artist_id,duration) VALUES ("In a Jar",17,"00:03:28");
INSERT INTO AlbumSong (album_id,song_id,format_id) VALUES(200,2778,1);
INSERT INTO AlbumSong (album_id,song_id,format_id) VALUES(200,2778,2);
INSERT INTO Song (song_name,artist_id,duration) VALUES ("Lose",17,"00:03:11");
INSERT INTO AlbumSong (album_id,song_id,format_id) VALUES(200,2779,1);
INSERT INTO AlbumSong (album_id,song_id,format_id) VALUES(200,2779,2);
INSERT INTO Song (song_name,artist_id,duration) VALUES ("Poledo",17,"00:05:43");
INSERT INTO AlbumSong (album_id,song_id,format_id) VALUES(200,2780,1);
INSERT INTO AlbumSong (album_id,song_id,format_id) VALUES(200,2780,2);
INSERT INTO Song (song_name,artist_id,duration) VALUES ("Just Like Heaven",17,"00:02:53");
INSERT INTO AlbumSong (album_id,song_id,format_id) VALUES(200,2781,1);
INSERT INTO AlbumSong (album_id,song_id,format_id) VALUES(200,2781,2);
INSERT INTO Album(album_id,album_name,artist_id,art_id,release_date) VALUES (200,"You're Living All Over Me",17,200,"1987-12-14");
INSERT INTO AlbumArt(path) VALUES ("/var/www/album_art/dinosaur_jr._chocomel_daze.jpg");
INSERT INTO Song (song_name,artist_id,duration) VALUES ("Severed Lips - Live 1987",17,"00:06:58");
INSERT INTO AlbumSong (album_id,song_id,format_id) VALUES(201,2782,1);
INSERT INTO AlbumSong (album_id,song_id,format_id) VALUES(201,2782,2);
INSERT INTO Song (song_name,artist_id,duration) VALUES ("In a Jar - Live 1987",17,"00:04:27");
INSERT INTO AlbumSong (album_id,song_id,format_id) VALUES(201,2783,1);
INSERT INTO AlbumSong (album_id,song_id,format_id) VALUES(201,2783,2);
INSERT INTO Song (song_name,artist_id,duration) VALUES ("The Lung - Live 1987",17,"00:04:39");
INSERT INTO AlbumSong (album_id,song_id,format_id) VALUES(201,2784,1);
INSERT INTO AlbumSong (album_id,song_id,format_id) VALUES(201,2784,2);
INSERT INTO Song (song_name,artist_id,duration) VALUES ("Tarpit - Live 1987",17,"00:05:25");
INSERT INTO AlbumSong (album_id,song_id,format_id) VALUES(201,2785,1);
INSERT INTO AlbumSong (album_id,song_id,format_id) VALUES(201,2785,2);
INSERT INTO Song (song_name,artist_id,duration) VALUES ("Does It Float - Live 1987",17,"00:04:00");
INSERT INTO AlbumSong (album_id,song_id,format_id) VALUES(201,2786,1);
INSERT INTO AlbumSong (album_id,song_id,format_id) VALUES(201,2786,2);
INSERT INTO Song (song_name,artist_id,duration) VALUES ("Repulsion - Live 1987",17,"00:03:29");
INSERT INTO AlbumSong (album_id,song_id,format_id) VALUES(201,2787,1);
INSERT INTO AlbumSong (album_id,song_id,format_id) VALUES(201,2787,2);
INSERT INTO Song (song_name,artist_id,duration) VALUES ("Lose - Live 1987",17,"00:03:59");
INSERT INTO AlbumSong (album_id,song_id,format_id) VALUES(201,2788,1);
INSERT INTO AlbumSong (album_id,song_id,format_id) VALUES(201,2788,2);
INSERT INTO Song (song_name,artist_id,duration) VALUES ("Gargoyle - Live 1987",17,"00:02:20");
INSERT INTO AlbumSong (album_id,song_id,format_id) VALUES(201,2789,1);
INSERT INTO AlbumSong (album_id,song_id,format_id) VALUES(201,2789,2);
INSERT INTO Song (song_name,artist_id,duration) VALUES ("Raisans - Live 1987",17,"00:04:55");
INSERT INTO AlbumSong (album_id,song_id,format_id) VALUES(201,2790,1);
INSERT INTO AlbumSong (album_id,song_id,format_id) VALUES(201,2790,2);
INSERT INTO Song (song_name,artist_id,duration) VALUES ("Mountain Man - Live 1987",17,"00:04:35");
INSERT INTO AlbumSong (album_id,song_id,format_id) VALUES(201,2791,1);
INSERT INTO AlbumSong (album_id,song_id,format_id) VALUES(201,2791,2);
INSERT INTO Song (song_name,artist_id,duration) VALUES ("SludgeFeast - Live 1987",17,"00:06:02");
INSERT INTO AlbumSong (album_id,song_id,format_id) VALUES(201,2792,1);
INSERT INTO AlbumSong (album_id,song_id,format_id) VALUES(201,2792,2);
INSERT INTO Album(album_id,album_name,artist_id,art_id,release_date) VALUES (201,"Chocomel Daze",17,201,"1987-11-01");
INSERT INTO AlbumArt(path) VALUES ("/var/www/album_art/dinosaur_jr._dinosaur.jpg");
INSERT INTO Song (song_name,artist_id,duration) VALUES ("Bulbs of Passion",17,"00:04:16");
INSERT INTO AlbumSong (album_id,song_id,format_id) VALUES(202,2793,1);
INSERT INTO AlbumSong (album_id,song_id,format_id) VALUES(202,2793,2);
INSERT INTO Song (song_name,artist_id,duration) VALUES ("Forget The Swan",17,"00:05:09");
INSERT INTO AlbumSong (album_id,song_id,format_id) VALUES(202,2794,1);
INSERT INTO AlbumSong (album_id,song_id,format_id) VALUES(202,2794,2);
INSERT INTO Song (song_name,artist_id,duration) VALUES ("Cats In a Bowl",17,"00:03:35");
INSERT INTO AlbumSong (album_id,song_id,format_id) VALUES(202,2795,1);
INSERT INTO AlbumSong (album_id,song_id,format_id) VALUES(202,2795,2);
INSERT INTO Song (song_name,artist_id,duration) VALUES ("The Leper",17,"00:04:04");
INSERT INTO AlbumSong (album_id,song_id,format_id) VALUES(202,2796,1);
INSERT INTO AlbumSong (album_id,song_id,format_id) VALUES(202,2796,2);
INSERT INTO Song (song_name,artist_id,duration) VALUES ("Does It Float",17,"00:03:18");
INSERT INTO AlbumSong (album_id,song_id,format_id) VALUES(202,2797,1);
INSERT INTO AlbumSong (album_id,song_id,format_id) VALUES(202,2797,2);
INSERT INTO Song (song_name,artist_id,duration) VALUES ("Pointless",17,"00:02:47");
INSERT INTO AlbumSong (album_id,song_id,format_id) VALUES(202,2798,1);
INSERT INTO AlbumSong (album_id,song_id,format_id) VALUES(202,2798,2);
INSERT INTO Song (song_name,artist_id,duration) VALUES ("Repulsion",17,"00:03:04");
INSERT INTO AlbumSong (album_id,song_id,format_id) VALUES(202,2799,1);
INSERT INTO AlbumSong (album_id,song_id,format_id) VALUES(202,2799,2);
INSERT INTO Song (song_name,artist_id,duration) VALUES ("Gargoyle",17,"00:02:11");
INSERT INTO AlbumSong (album_id,song_id,format_id) VALUES(202,2800,1);
INSERT INTO AlbumSong (album_id,song_id,format_id) VALUES(202,2800,2);
INSERT INTO Song (song_name,artist_id,duration) VALUES ("Severed Lips",17,"00:04:02");
INSERT INTO AlbumSong (album_id,song_id,format_id) VALUES(202,2801,1);
INSERT INTO AlbumSong (album_id,song_id,format_id) VALUES(202,2801,2);
INSERT INTO Song (song_name,artist_id,duration) VALUES ("Mountain Man",17,"00:03:28");
INSERT INTO AlbumSong (album_id,song_id,format_id) VALUES(202,2802,1);
INSERT INTO AlbumSong (album_id,song_id,format_id) VALUES(202,2802,2);
INSERT INTO Song (song_name,artist_id,duration) VALUES ("Quest",17,"00:04:27");
INSERT INTO AlbumSong (album_id,song_id,format_id) VALUES(202,2803,1);
INSERT INTO AlbumSong (album_id,song_id,format_id) VALUES(202,2803,2);
INSERT INTO Song (song_name,artist_id,duration) VALUES ("Does It Float (live)",17,"00:03:53");
INSERT INTO AlbumSong (album_id,song_id,format_id) VALUES(202,2804,1);
INSERT INTO AlbumSong (album_id,song_id,format_id) VALUES(202,2804,2);
INSERT INTO Album(album_id,album_name,artist_id,art_id,release_date) VALUES (202,"Dinosaur",17,202,"1985-12-25");
INSERT INTO Artist (artist_name,genre_id,description) VALUES ("Stone Temple Pilots",2,"");
INSERT INTO AlbumArt(path) VALUES ("/var/www/album_art/stone_temple_pilots_tiny_music..._songs_from_the_vatican_gift_shop_(super_deluxe_edition)_[2021_remaster].jpg");
INSERT INTO Song (song_name,artist_id,duration) VALUES ("Press Play - 2021 Remaster",18,"00:01:21");
INSERT INTO AlbumSong (album_id,song_id,format_id) VALUES(203,2805,1);
INSERT INTO AlbumSong (album_id,song_id,format_id) VALUES(203,2805,2);
INSERT INTO Song (song_name,artist_id,duration) VALUES ("Pop's Love Suicide - 2021 Remaster",18,"00:03:43");
INSERT INTO AlbumSong (album_id,song_id,format_id) VALUES(203,2806,1);
INSERT INTO AlbumSong (album_id,song_id,format_id) VALUES(203,2806,2);
INSERT INTO Song (song_name,artist_id,duration) VALUES ("Tumble In The Rough - 2021 Remaster",18,"00:03:18");
INSERT INTO AlbumSong (album_id,song_id,format_id) VALUES(203,2807,1);
INSERT INTO AlbumSong (album_id,song_id,format_id) VALUES(203,2807,2);
INSERT INTO Song (song_name,artist_id,duration) VALUES ("Big Bang Baby - 2021 Remaster",18,"00:03:23");
INSERT INTO AlbumSong (album_id,song_id,format_id) VALUES(203,2808,1);
INSERT INTO AlbumSong (album_id,song_id,format_id) VALUES(203,2808,2);
INSERT INTO Song (song_name,artist_id,duration) VALUES ("Lady Picture Show - 2021 Remaster",18,"00:04:08");
INSERT INTO AlbumSong (album_id,song_id,format_id) VALUES(203,2809,1);
INSERT INTO AlbumSong (album_id,song_id,format_id) VALUES(203,2809,2);
INSERT INTO Song (song_name,artist_id,duration) VALUES ("And So I Know - 2021 Remaster",18,"00:03:57");
INSERT INTO AlbumSong (album_id,song_id,format_id) VALUES(203,2810,1);
INSERT INTO AlbumSong (album_id,song_id,format_id) VALUES(203,2810,2);
INSERT INTO Song (song_name,artist_id,duration) VALUES ("Trippin' On A Hole In A Paper Heart - 2021 Remaster",18,"00:02:56");
INSERT INTO AlbumSong (album_id,song_id,format_id) VALUES(203,2811,1);
INSERT INTO AlbumSong (album_id,song_id,format_id) VALUES(203,2811,2);
INSERT INTO Song (song_name,artist_id,duration) VALUES ("Art School Girl - 2021 Remaster",18,"00:03:35");
INSERT INTO AlbumSong (album_id,song_id,format_id) VALUES(203,2812,1);
INSERT INTO AlbumSong (album_id,song_id,format_id) VALUES(203,2812,2);
INSERT INTO Song (song_name,artist_id,duration) VALUES ("Adhesive - 2021 Remaster",18,"00:05:34");
INSERT INTO AlbumSong (album_id,song_id,format_id) VALUES(203,2813,1);
INSERT INTO AlbumSong (album_id,song_id,format_id) VALUES(203,2813,2);
INSERT INTO Song (song_name,artist_id,duration) VALUES ("Ride The Cliche - 2021 Remaster",18,"00:03:17");
INSERT INTO AlbumSong (album_id,song_id,format_id) VALUES(203,2814,1);
INSERT INTO AlbumSong (album_id,song_id,format_id) VALUES(203,2814,2);
INSERT INTO Song (song_name,artist_id,duration) VALUES ("Daisy - 2021 Remaster",18,"00:02:18");
INSERT INTO AlbumSong (album_id,song_id,format_id) VALUES(203,2815,1);
INSERT INTO AlbumSong (album_id,song_id,format_id) VALUES(203,2815,2);
INSERT INTO Song (song_name,artist_id,duration) VALUES ("Seven Caged Tigers - 2021 Remaster",18,"00:04:17");
INSERT INTO AlbumSong (album_id,song_id,format_id) VALUES(203,2816,1);
INSERT INTO AlbumSong (album_id,song_id,format_id) VALUES(203,2816,2);
INSERT INTO Song (song_name,artist_id,duration) VALUES ("Press Play (Full Length Version) - 2021 Remaster",18,"00:04:25");
INSERT INTO AlbumSong (album_id,song_id,format_id) VALUES(203,2817,1);
INSERT INTO AlbumSong (album_id,song_id,format_id) VALUES(203,2817,2);
INSERT INTO Song (song_name,artist_id,duration) VALUES ("Pop's Love Suicide (Early Version) - 2021 Remaster",18,"00:04:08");
INSERT INTO AlbumSong (album_id,song_id,format_id) VALUES(203,2818,1);
INSERT INTO AlbumSong (album_id,song_id,format_id) VALUES(203,2818,2);
INSERT INTO Song (song_name,artist_id,duration) VALUES ("Tumble In The Rough (Early Version) - 2021 Remaster",18,"00:03:23");
INSERT INTO AlbumSong (album_id,song_id,format_id) VALUES(203,2819,1);
INSERT INTO AlbumSong (album_id,song_id,format_id) VALUES(203,2819,2);
INSERT INTO Song (song_name,artist_id,duration) VALUES ("Big Bang Baby (Early Version) - 2021 Remaster",18,"00:03:24");
INSERT INTO AlbumSong (album_id,song_id,format_id) VALUES(203,2820,1);
INSERT INTO AlbumSong (album_id,song_id,format_id) VALUES(203,2820,2);
INSERT INTO Song (song_name,artist_id,duration) VALUES ("Lady Picture Show (Early Version) - 2021 Remaster",18,"00:04:09");
INSERT INTO AlbumSong (album_id,song_id,format_id) VALUES(203,2821,1);
INSERT INTO AlbumSong (album_id,song_id,format_id) VALUES(203,2821,2);
INSERT INTO Song (song_name,artist_id,duration) VALUES ("And So I Know (Early Version) - 2021 Remaster",18,"00:04:18");
INSERT INTO AlbumSong (album_id,song_id,format_id) VALUES(203,2822,1);
INSERT INTO AlbumSong (album_id,song_id,format_id) VALUES(203,2822,2);
INSERT INTO Song (song_name,artist_id,duration) VALUES ("Trippin' On A Hole In A Paper Heart (Early Version) - 2021 Remaster",18,"00:03:10");
INSERT INTO AlbumSong (album_id,song_id,format_id) VALUES(203,2823,1);
INSERT INTO AlbumSong (album_id,song_id,format_id) VALUES(203,2823,2);
INSERT INTO Song (song_name,artist_id,duration) VALUES ("5 Or 4 Times (Art School Girl) [Early Version] - 2021 Remaster",18,"00:03:35");
INSERT INTO AlbumSong (album_id,song_id,format_id) VALUES(203,2824,1);
INSERT INTO AlbumSong (album_id,song_id,format_id) VALUES(203,2824,2);
INSERT INTO Song (song_name,artist_id,duration) VALUES ("Adhesive (Instrumental) - 2021 Remaster",18,"00:05:35");
INSERT INTO AlbumSong (album_id,song_id,format_id) VALUES(203,2825,1);
INSERT INTO AlbumSong (album_id,song_id,format_id) VALUES(203,2825,2);
INSERT INTO Song (song_name,artist_id,duration) VALUES ("Ride The Cliche (Instrumental) - 2021 Remaster",18,"00:03:04");
INSERT INTO AlbumSong (album_id,song_id,format_id) VALUES(203,2826,1);
INSERT INTO AlbumSong (album_id,song_id,format_id) VALUES(203,2826,2);
INSERT INTO Song (song_name,artist_id,duration) VALUES ("Seven Caged Tigers (Early Version) - 2021 Remaster",18,"00:04:18");
INSERT INTO AlbumSong (album_id,song_id,format_id) VALUES(203,2827,1);
INSERT INTO AlbumSong (album_id,song_id,format_id) VALUES(203,2827,2);
INSERT INTO Song (song_name,artist_id,duration) VALUES ("Big Bang Baby (Alternate Version) - 2021 Remaster",18,"00:03:26");
INSERT INTO AlbumSong (album_id,song_id,format_id) VALUES(203,2828,1);
INSERT INTO AlbumSong (album_id,song_id,format_id) VALUES(203,2828,2);
INSERT INTO Song (song_name,artist_id,duration) VALUES ("Trippin' On A Hole In A Paper Heart (Percussion Mix) - 2021 Remaster",18,"00:03:08");
INSERT INTO AlbumSong (album_id,song_id,format_id) VALUES(203,2829,1);
INSERT INTO AlbumSong (album_id,song_id,format_id) VALUES(203,2829,2);
INSERT INTO Song (song_name,artist_id,duration) VALUES ("Art School Girl (Jaw Harp Version) - 2021 Remaster",18,"00:03:36");
INSERT INTO AlbumSong (album_id,song_id,format_id) VALUES(203,2830,1);
INSERT INTO AlbumSong (album_id,song_id,format_id) VALUES(203,2830,2);
INSERT INTO Song (song_name,artist_id,duration) VALUES ("Kretz's Acoustic Song - 2021 Remaster",18,"00:02:12");
INSERT INTO AlbumSong (album_id,song_id,format_id) VALUES(203,2831,1);
INSERT INTO AlbumSong (album_id,song_id,format_id) VALUES(203,2831,2);
INSERT INTO Song (song_name,artist_id,duration) VALUES ("Crackerman (Live At Club la Vela, Panama City Beach, FL, 3/14/1997) - 2021 Remaster",18,"00:03:32");
INSERT INTO AlbumSong (album_id,song_id,format_id) VALUES(203,2832,1);
INSERT INTO AlbumSong (album_id,song_id,format_id) VALUES(203,2832,2);
INSERT INTO Song (song_name,artist_id,duration) VALUES ("Meatplow (Live At Club la Vela, Panama City Beach, FL, 3/14/1997) - 2021 Remaster",18,"00:03:52");
INSERT INTO AlbumSong (album_id,song_id,format_id) VALUES(203,2833,1);
INSERT INTO AlbumSong (album_id,song_id,format_id) VALUES(203,2833,2);
INSERT INTO Song (song_name,artist_id,duration) VALUES ("Tumble In The Rough (Live At Club la Vela, Panama City Beach, FL, 3/14/1997) - 2021 Remaster",18,"00:03:02");
INSERT INTO AlbumSong (album_id,song_id,format_id) VALUES(203,2834,1);
INSERT INTO AlbumSong (album_id,song_id,format_id) VALUES(203,2834,2);
INSERT INTO Song (song_name,artist_id,duration) VALUES ("Vasoline (Live At Club la Vela, Panama City Beach, FL, 3/14/1997) - 2021 Remaster",18,"00:03:09");
INSERT INTO AlbumSong (album_id,song_id,format_id) VALUES(203,2835,1);
INSERT INTO AlbumSong (album_id,song_id,format_id) VALUES(203,2835,2);
INSERT INTO Song (song_name,artist_id,duration) VALUES ("Wicked Garden (Live At Club la Vela, Panama City Beach, FL, 3/14/1997) - 2021 Remaster",18,"00:04:17");
INSERT INTO AlbumSong (album_id,song_id,format_id) VALUES(203,2836,1);
INSERT INTO AlbumSong (album_id,song_id,format_id) VALUES(203,2836,2);
INSERT INTO Song (song_name,artist_id,duration) VALUES ("Trippin' On A Hole In A Paper Heart (Live At Club la Vela, Panama City Beach, FL, 3/14/1997) - 2021 Remaster",18,"00:03:12");
INSERT INTO AlbumSong (album_id,song_id,format_id) VALUES(203,2837,1);
INSERT INTO AlbumSong (album_id,song_id,format_id) VALUES(203,2837,2);
INSERT INTO Song (song_name,artist_id,duration) VALUES ("Plush (Live At Club la Vela, Panama City Beach, FL, 3/14/1997) - 2021 Remaster",18,"00:05:21");
INSERT INTO AlbumSong (album_id,song_id,format_id) VALUES(203,2838,1);
INSERT INTO AlbumSong (album_id,song_id,format_id) VALUES(203,2838,2);
INSERT INTO Song (song_name,artist_id,duration) VALUES ("Big Empty (Live At Club la Vela, Panama City Beach, FL, 3/14/1997) - 2021 Remaster",18,"00:05:04");
INSERT INTO AlbumSong (album_id,song_id,format_id) VALUES(203,2839,1);
INSERT INTO AlbumSong (album_id,song_id,format_id) VALUES(203,2839,2);
INSERT INTO Song (song_name,artist_id,duration) VALUES ("Interstate Love Song (Live At Club la Vela, Panama City Beach, FL, 3/14/1997) - 2021 Remaster",18,"00:03:25");
INSERT INTO AlbumSong (album_id,song_id,format_id) VALUES(203,2840,1);
INSERT INTO AlbumSong (album_id,song_id,format_id) VALUES(203,2840,2);
INSERT INTO Song (song_name,artist_id,duration) VALUES ("Lady Picture Show (Live At Club la Vela, Panama City Beach, FL, 3/14/1997) - 2021 Remaster",18,"00:04:01");
INSERT INTO AlbumSong (album_id,song_id,format_id) VALUES(203,2841,1);
INSERT INTO AlbumSong (album_id,song_id,format_id) VALUES(203,2841,2);
INSERT INTO Song (song_name,artist_id,duration) VALUES ("Unglued (Live At Club la Vela, Panama City Beach, FL, 3/14/1997) - 2021 Remaster",18,"00:03:25");
INSERT INTO AlbumSong (album_id,song_id,format_id) VALUES(203,2842,1);
INSERT INTO AlbumSong (album_id,song_id,format_id) VALUES(203,2842,2);
INSERT INTO Song (song_name,artist_id,duration) VALUES ("Big Bang Baby (Live At Club la Vela, Panama City Beach, FL, 3/14/1997) - 2021 Remaster",18,"00:03:26");
INSERT INTO AlbumSong (album_id,song_id,format_id) VALUES(203,2843,1);
INSERT INTO AlbumSong (album_id,song_id,format_id) VALUES(203,2843,2);
INSERT INTO Song (song_name,artist_id,duration) VALUES ("Dead & Bloated (Live At Club la Vela, Panama City Beach, FL, 3/14/1997) - 2021 Remaster",18,"00:04:46");
INSERT INTO AlbumSong (album_id,song_id,format_id) VALUES(203,2844,1);
INSERT INTO AlbumSong (album_id,song_id,format_id) VALUES(203,2844,2);
INSERT INTO Song (song_name,artist_id,duration) VALUES ("Sex Type Thing (Live At Club la Vela, Panama City Beach, FL, 3/14/1997) - 2021 Remaster",18,"00:04:05");
INSERT INTO AlbumSong (album_id,song_id,format_id) VALUES(203,2845,1);
INSERT INTO AlbumSong (album_id,song_id,format_id) VALUES(203,2845,2);
INSERT INTO Album(album_id,album_name,artist_id,art_id,release_date) VALUES (203,"Tiny Music... Songs From The Vatican Gift Shop (Super Deluxe Edition) [2021 Remaster]",18,203,"2021-07-23");
INSERT INTO AlbumArt(path) VALUES ("/var/www/album_art/stone_temple_pilots_perdida.jpg");
INSERT INTO Song (song_name,artist_id,duration) VALUES ("Fare Thee Well",18,"00:04:21");
INSERT INTO AlbumSong (album_id,song_id,format_id) VALUES(204,2846,1);
INSERT INTO AlbumSong (album_id,song_id,format_id) VALUES(204,2846,2);
INSERT INTO Song (song_name,artist_id,duration) VALUES ("Three Wishes",18,"00:04:51");
INSERT INTO AlbumSong (album_id,song_id,format_id) VALUES(204,2847,1);
INSERT INTO AlbumSong (album_id,song_id,format_id) VALUES(204,2847,2);
INSERT INTO Song (song_name,artist_id,duration) VALUES ("Perdida",18,"00:03:29");
INSERT INTO AlbumSong (album_id,song_id,format_id) VALUES(204,2848,1);
INSERT INTO AlbumSong (album_id,song_id,format_id) VALUES(204,2848,2);
INSERT INTO Song (song_name,artist_id,duration) VALUES ("I Didn't Know the Time",18,"00:05:31");
INSERT INTO AlbumSong (album_id,song_id,format_id) VALUES(204,2849,1);
INSERT INTO AlbumSong (album_id,song_id,format_id) VALUES(204,2849,2);
INSERT INTO Song (song_name,artist_id,duration) VALUES ("Years",18,"00:03:30");
INSERT INTO AlbumSong (album_id,song_id,format_id) VALUES(204,2850,1);
INSERT INTO AlbumSong (album_id,song_id,format_id) VALUES(204,2850,2);
INSERT INTO Song (song_name,artist_id,duration) VALUES ("She's My Queen",18,"00:04:41");
INSERT INTO AlbumSong (album_id,song_id,format_id) VALUES(204,2851,1);
INSERT INTO AlbumSong (album_id,song_id,format_id) VALUES(204,2851,2);
INSERT INTO Song (song_name,artist_id,duration) VALUES ("Miles Away",18,"00:04:56");
INSERT INTO AlbumSong (album_id,song_id,format_id) VALUES(204,2852,1);
INSERT INTO AlbumSong (album_id,song_id,format_id) VALUES(204,2852,2);
INSERT INTO Song (song_name,artist_id,duration) VALUES ("You Found Yourself While Losing Your Heart",18,"00:05:43");
INSERT INTO AlbumSong (album_id,song_id,format_id) VALUES(204,2853,1);
INSERT INTO AlbumSong (album_id,song_id,format_id) VALUES(204,2853,2);
INSERT INTO Song (song_name,artist_id,duration) VALUES ("I Once Sat at Your Table",18,"00:01:56");
INSERT INTO AlbumSong (album_id,song_id,format_id) VALUES(204,2854,1);
INSERT INTO AlbumSong (album_id,song_id,format_id) VALUES(204,2854,2);
INSERT INTO Song (song_name,artist_id,duration) VALUES ("Sunburst",18,"00:06:28");
INSERT INTO AlbumSong (album_id,song_id,format_id) VALUES(204,2855,1);
INSERT INTO AlbumSong (album_id,song_id,format_id) VALUES(204,2855,2);
INSERT INTO Album(album_id,album_name,artist_id,art_id,release_date) VALUES (204,"Perdida",18,204,"2020-02-07");
INSERT INTO AlbumArt(path) VALUES ("/var/www/album_art/stone_temple_pilots_purple_(2019_remaster,_super_deluxe).jpg");
INSERT INTO Song (song_name,artist_id,duration) VALUES ("Meatplow - 2019 Remaster",18,"00:03:37");
INSERT INTO AlbumSong (album_id,song_id,format_id) VALUES(205,2856,1);
INSERT INTO AlbumSong (album_id,song_id,format_id) VALUES(205,2856,2);
INSERT INTO Song (song_name,artist_id,duration) VALUES ("Vasoline - 2019 Remaster",18,"00:02:56");
INSERT INTO AlbumSong (album_id,song_id,format_id) VALUES(205,2857,1);
INSERT INTO AlbumSong (album_id,song_id,format_id) VALUES(205,2857,2);
INSERT INTO Song (song_name,artist_id,duration) VALUES ("Lounge Fly - 2019 Remaster",18,"00:05:19");
INSERT INTO AlbumSong (album_id,song_id,format_id) VALUES(205,2858,1);
INSERT INTO AlbumSong (album_id,song_id,format_id) VALUES(205,2858,2);
INSERT INTO Song (song_name,artist_id,duration) VALUES ("Interstate Love Song - 2019 Remaster",18,"00:03:14");
INSERT INTO AlbumSong (album_id,song_id,format_id) VALUES(205,2859,1);
INSERT INTO AlbumSong (album_id,song_id,format_id) VALUES(205,2859,2);
INSERT INTO Song (song_name,artist_id,duration) VALUES ("Still Remains - 2019 Remaster",18,"00:03:33");
INSERT INTO AlbumSong (album_id,song_id,format_id) VALUES(205,2860,1);
INSERT INTO AlbumSong (album_id,song_id,format_id) VALUES(205,2860,2);
INSERT INTO Song (song_name,artist_id,duration) VALUES ("Pretty Penny - 2019 Remaster",18,"00:03:43");
INSERT INTO AlbumSong (album_id,song_id,format_id) VALUES(205,2861,1);
INSERT INTO AlbumSong (album_id,song_id,format_id) VALUES(205,2861,2);
INSERT INTO Song (song_name,artist_id,duration) VALUES ("Silvergun Superman - 2019 Remaster",18,"00:05:16");
INSERT INTO AlbumSong (album_id,song_id,format_id) VALUES(205,2862,1);
INSERT INTO AlbumSong (album_id,song_id,format_id) VALUES(205,2862,2);
INSERT INTO Song (song_name,artist_id,duration) VALUES ("Big Empty - 2019 Remaster",18,"00:04:54");
INSERT INTO AlbumSong (album_id,song_id,format_id) VALUES(205,2863,1);
INSERT INTO AlbumSong (album_id,song_id,format_id) VALUES(205,2863,2);
INSERT INTO Song (song_name,artist_id,duration) VALUES ("Unglued - 2019 Remaster",18,"00:02:34");
INSERT INTO AlbumSong (album_id,song_id,format_id) VALUES(205,2864,1);
INSERT INTO AlbumSong (album_id,song_id,format_id) VALUES(205,2864,2);
INSERT INTO Song (song_name,artist_id,duration) VALUES ("Army Ants - 2019 Remaster",18,"00:03:46");
INSERT INTO AlbumSong (album_id,song_id,format_id) VALUES(205,2865,1);
INSERT INTO AlbumSong (album_id,song_id,format_id) VALUES(205,2865,2);
INSERT INTO Song (song_name,artist_id,duration) VALUES ("Kitchenware & Candybars / My Second Album (Hidden Track) - 2019 Remaster",18,"00:08:05");
INSERT INTO AlbumSong (album_id,song_id,format_id) VALUES(205,2866,1);
INSERT INTO AlbumSong (album_id,song_id,format_id) VALUES(205,2866,2);
INSERT INTO Song (song_name,artist_id,duration) VALUES ("Meatplow (Early Version) - 2019 Remaster",18,"00:03:32");
INSERT INTO AlbumSong (album_id,song_id,format_id) VALUES(205,2867,1);
INSERT INTO AlbumSong (album_id,song_id,format_id) VALUES(205,2867,2);
INSERT INTO Song (song_name,artist_id,duration) VALUES ("Interstate Love Song (Early Version) - 2019 Remaster",18,"00:03:14");
INSERT INTO AlbumSong (album_id,song_id,format_id) VALUES(205,2868,1);
INSERT INTO AlbumSong (album_id,song_id,format_id) VALUES(205,2868,2);
INSERT INTO Song (song_name,artist_id,duration) VALUES ("Big Empty - Acoustic, 2019 Remaster",18,"00:05:40");
INSERT INTO AlbumSong (album_id,song_id,format_id) VALUES(205,2869,1);
INSERT INTO AlbumSong (album_id,song_id,format_id) VALUES(205,2869,2);
INSERT INTO Song (song_name,artist_id,duration) VALUES ("Unglued (Demo) - 2019 Remaster",18,"00:02:37");
INSERT INTO AlbumSong (album_id,song_id,format_id) VALUES(205,2870,1);
INSERT INTO AlbumSong (album_id,song_id,format_id) VALUES(205,2870,2);
INSERT INTO Song (song_name,artist_id,duration) VALUES ("Army Ants (Demo) - 2019 Remaster",18,"00:03:59");
INSERT INTO AlbumSong (album_id,song_id,format_id) VALUES(205,2871,1);
INSERT INTO AlbumSong (album_id,song_id,format_id) VALUES(205,2871,2);
INSERT INTO Song (song_name,artist_id,duration) VALUES ("Kitchenware & Candybars (Demo) - 2019 Remaster",18,"00:04:30");
INSERT INTO AlbumSong (album_id,song_id,format_id) VALUES(205,2872,1);
INSERT INTO AlbumSong (album_id,song_id,format_id) VALUES(205,2872,2);
INSERT INTO Song (song_name,artist_id,duration) VALUES ("Dancing Days - 2019 Remaster",18,"00:03:54");
INSERT INTO AlbumSong (album_id,song_id,format_id) VALUES(205,2873,1);
INSERT INTO AlbumSong (album_id,song_id,format_id) VALUES(205,2873,2);
INSERT INTO Song (song_name,artist_id,duration) VALUES ("She Knows Me Too Well (Demo) - 2019 Remaster",18,"00:03:03");
INSERT INTO AlbumSong (album_id,song_id,format_id) VALUES(205,2874,1);
INSERT INTO AlbumSong (album_id,song_id,format_id) VALUES(205,2874,2);
INSERT INTO Song (song_name,artist_id,duration) VALUES ("Interstate Love Song - Acoustic, 2019 Remaster",18,"00:03:59");
INSERT INTO AlbumSong (album_id,song_id,format_id) VALUES(205,2875,1);
INSERT INTO AlbumSong (album_id,song_id,format_id) VALUES(205,2875,2);
INSERT INTO Song (song_name,artist_id,duration) VALUES ("Pretty Penny - Live Acoustic at KROQ Acoustic Christmas, 1994, 2019 Remaster",18,"00:04:04");
INSERT INTO AlbumSong (album_id,song_id,format_id) VALUES(205,2876,1);
INSERT INTO AlbumSong (album_id,song_id,format_id) VALUES(205,2876,2);
INSERT INTO Song (song_name,artist_id,duration) VALUES ("Kitchenware & Candybars (Acoustic Version) [Live at KROQ Acoustic Christmas, 1994] - 2019 Remaster",18,"00:04:21");
INSERT INTO AlbumSong (album_id,song_id,format_id) VALUES(205,2877,1);
INSERT INTO AlbumSong (album_id,song_id,format_id) VALUES(205,2877,2);
INSERT INTO Song (song_name,artist_id,duration) VALUES ("Christmastime Is Here - Live Acoustic at KROQ Acoustic Christmas, 2019 Remaster",18,"00:03:13");
INSERT INTO AlbumSong (album_id,song_id,format_id) VALUES(205,2878,1);
INSERT INTO AlbumSong (album_id,song_id,format_id) VALUES(205,2878,2);
INSERT INTO Song (song_name,artist_id,duration) VALUES ("Vasoline (Live at New Haven Veterans Memorial Coliseum, New Haven, CT, 8/23/1994) - 2019 Remaster",18,"00:03:15");
INSERT INTO AlbumSong (album_id,song_id,format_id) VALUES(205,2879,1);
INSERT INTO AlbumSong (album_id,song_id,format_id) VALUES(205,2879,2);
INSERT INTO Song (song_name,artist_id,duration) VALUES ("Silvergun Superman (Live at New Haven Veterans Memorial Coliseum, New Haven, CT, 8/23/1994) - 2019 Remaster",18,"00:04:37");
INSERT INTO AlbumSong (album_id,song_id,format_id) VALUES(205,2880,1);
INSERT INTO AlbumSong (album_id,song_id,format_id) VALUES(205,2880,2);
INSERT INTO Song (song_name,artist_id,duration) VALUES ("Crackerman (Live at New Haven Veterans Memorial Coliseum, New Haven, CT, 8/23/1994) - 2019 Remaster",18,"00:03:29");
INSERT INTO AlbumSong (album_id,song_id,format_id) VALUES(205,2881,1);
INSERT INTO AlbumSong (album_id,song_id,format_id) VALUES(205,2881,2);
INSERT INTO Song (song_name,artist_id,duration) VALUES ("Lounge Fly (Live at New Haven Veterans Memorial Coliseum, New Haven, CT, 8/23/1994) - 2019 Remaster",18,"00:05:43");
INSERT INTO AlbumSong (album_id,song_id,format_id) VALUES(205,2882,1);
INSERT INTO AlbumSong (album_id,song_id,format_id) VALUES(205,2882,2);
INSERT INTO Song (song_name,artist_id,duration) VALUES ("Meatplow (Live at New Haven Veterans Memorial Coliseum, New Haven, CT, 8/23/1994) - 2019 Remaster",18,"00:03:41");
INSERT INTO AlbumSong (album_id,song_id,format_id) VALUES(205,2883,1);
INSERT INTO AlbumSong (album_id,song_id,format_id) VALUES(205,2883,2);
INSERT INTO Song (song_name,artist_id,duration) VALUES ("Still Remains (Live at New Haven Veterans Memorial Coliseum, New Haven, CT, 8/23/1994) - 2019 Remaster",18,"00:03:54");
INSERT INTO AlbumSong (album_id,song_id,format_id) VALUES(205,2884,1);
INSERT INTO AlbumSong (album_id,song_id,format_id) VALUES(205,2884,2);
INSERT INTO Song (song_name,artist_id,duration) VALUES ("Gypsy Davy (Live at New Haven Veterans Memorial Coliseum, New Haven, CT, 8/23/1994) - 2019 Remaster",18,"00:01:10");
INSERT INTO AlbumSong (album_id,song_id,format_id) VALUES(205,2885,1);
INSERT INTO AlbumSong (album_id,song_id,format_id) VALUES(205,2885,2);
INSERT INTO Song (song_name,artist_id,duration) VALUES ("Pretty Penny (Live at New Haven Veterans Memorial Coliseum, New Haven, CT, 8/23/1994) - 2019 Remaster",18,"00:03:51");
INSERT INTO AlbumSong (album_id,song_id,format_id) VALUES(205,2886,1);
INSERT INTO AlbumSong (album_id,song_id,format_id) VALUES(205,2886,2);
INSERT INTO Song (song_name,artist_id,duration) VALUES ("Creep (Live at New Haven Veterans Memorial Coliseum, New Haven, CT, 8/23/1994) - 2019 Remaster",18,"00:03:43");
INSERT INTO AlbumSong (album_id,song_id,format_id) VALUES(205,2887,1);
INSERT INTO AlbumSong (album_id,song_id,format_id) VALUES(205,2887,2);
INSERT INTO Song (song_name,artist_id,duration) VALUES ("Andy Warhol (Live at New Haven Veterans Memorial Coliseum, New Haven, CT, 8/23/1994) - 2019 Remaster",18,"00:02:33");
INSERT INTO AlbumSong (album_id,song_id,format_id) VALUES(205,2888,1);
INSERT INTO AlbumSong (album_id,song_id,format_id) VALUES(205,2888,2);
INSERT INTO Song (song_name,artist_id,duration) VALUES ("Army Ants (Live at New Haven Veterans Memorial Coliseum, New Haven, CT, 8/23/1994) - 2019 Remaster",18,"00:04:50");
INSERT INTO AlbumSong (album_id,song_id,format_id) VALUES(205,2889,1);
INSERT INTO AlbumSong (album_id,song_id,format_id) VALUES(205,2889,2);
INSERT INTO Song (song_name,artist_id,duration) VALUES ("Big Empty (Live at New Haven Veterans Memorial Coliseum, New Haven, CT, 8/23/1994) - 2019 Remaster",18,"00:04:52");
INSERT INTO AlbumSong (album_id,song_id,format_id) VALUES(205,2890,1);
INSERT INTO AlbumSong (album_id,song_id,format_id) VALUES(205,2890,2);
INSERT INTO Song (song_name,artist_id,duration) VALUES ("Interstate Love Song (Live at New Haven Veterans Memorial Coliseum, New Haven, CT, 8/23/1994) - 2019 Remaster",18,"00:03:18");
INSERT INTO AlbumSong (album_id,song_id,format_id) VALUES(205,2891,1);
INSERT INTO AlbumSong (album_id,song_id,format_id) VALUES(205,2891,2);
INSERT INTO Song (song_name,artist_id,duration) VALUES ("Plush (Live at New Haven Veterans Memorial Coliseum, New Haven, CT, 8/23/1994) - 2019 Remaster",18,"00:05:25");
INSERT INTO AlbumSong (album_id,song_id,format_id) VALUES(205,2892,1);
INSERT INTO AlbumSong (album_id,song_id,format_id) VALUES(205,2892,2);
INSERT INTO Song (song_name,artist_id,duration) VALUES ("Unglued (Live at New Haven Veterans Memorial Coliseum, New Haven, CT, 8/23/1994) - 2019 Remaster",18,"00:03:21");
INSERT INTO AlbumSong (album_id,song_id,format_id) VALUES(205,2893,1);
INSERT INTO AlbumSong (album_id,song_id,format_id) VALUES(205,2893,2);
INSERT INTO Song (song_name,artist_id,duration) VALUES ("Dead & Bloated (Live at New Haven Veterans Memorial Coliseum, New Haven, CT, 8/23/1994) - 2019 Remaster",18,"00:04:37");
INSERT INTO AlbumSong (album_id,song_id,format_id) VALUES(205,2894,1);
INSERT INTO AlbumSong (album_id,song_id,format_id) VALUES(205,2894,2);
INSERT INTO Song (song_name,artist_id,duration) VALUES ("Sex Type Thing (Live at New Haven Veterans Memorial Coliseum, New Haven, CT, 8/23/1994) - 2019 Remaster",18,"00:04:44");
INSERT INTO AlbumSong (album_id,song_id,format_id) VALUES(205,2895,1);
INSERT INTO AlbumSong (album_id,song_id,format_id) VALUES(205,2895,2);
INSERT INTO Album(album_id,album_name,artist_id,art_id,release_date) VALUES (205,"Purple (2019 Remaster, Super Deluxe)",18,205,"2019-10-18");
INSERT INTO AlbumArt(path) VALUES ("/var/www/album_art/stone_temple_pilots_stone_temple_pilots_(2018).jpg");
INSERT INTO Song (song_name,artist_id,duration) VALUES ("Middle of Nowhere",18,"00:03:41");
INSERT INTO AlbumSong (album_id,song_id,format_id) VALUES(206,2896,1);
INSERT INTO AlbumSong (album_id,song_id,format_id) VALUES(206,2896,2);
INSERT INTO Song (song_name,artist_id,duration) VALUES ("Guilty",18,"00:03:14");
INSERT INTO AlbumSong (album_id,song_id,format_id) VALUES(206,2897,1);
INSERT INTO AlbumSong (album_id,song_id,format_id) VALUES(206,2897,2);
INSERT INTO Song (song_name,artist_id,duration) VALUES ("Meadow",18,"00:03:28");
INSERT INTO AlbumSong (album_id,song_id,format_id) VALUES(206,2898,1);
INSERT INTO AlbumSong (album_id,song_id,format_id) VALUES(206,2898,2);
INSERT INTO Song (song_name,artist_id,duration) VALUES ("Just a Little Lie",18,"00:03:59");
INSERT INTO AlbumSong (album_id,song_id,format_id) VALUES(206,2899,1);
INSERT INTO AlbumSong (album_id,song_id,format_id) VALUES(206,2899,2);
INSERT INTO Song (song_name,artist_id,duration) VALUES ("Six Eight",18,"00:03:32");
INSERT INTO AlbumSong (album_id,song_id,format_id) VALUES(206,2900,1);
INSERT INTO AlbumSong (album_id,song_id,format_id) VALUES(206,2900,2);
INSERT INTO Song (song_name,artist_id,duration) VALUES ("Thought She'd Be Mine",18,"00:05:31");
INSERT INTO AlbumSong (album_id,song_id,format_id) VALUES(206,2901,1);
INSERT INTO AlbumSong (album_id,song_id,format_id) VALUES(206,2901,2);
INSERT INTO Song (song_name,artist_id,duration) VALUES ("Roll Me Under",18,"00:03:45");
INSERT INTO AlbumSong (album_id,song_id,format_id) VALUES(206,2902,1);
INSERT INTO AlbumSong (album_id,song_id,format_id) VALUES(206,2902,2);
INSERT INTO Song (song_name,artist_id,duration) VALUES ("Never Enough",18,"00:03:46");
INSERT INTO AlbumSong (album_id,song_id,format_id) VALUES(206,2903,1);
INSERT INTO AlbumSong (album_id,song_id,format_id) VALUES(206,2903,2);
INSERT INTO Song (song_name,artist_id,duration) VALUES ("The Art of Letting Go",18,"00:04:35");
INSERT INTO AlbumSong (album_id,song_id,format_id) VALUES(206,2904,1);
INSERT INTO AlbumSong (album_id,song_id,format_id) VALUES(206,2904,2);
INSERT INTO Song (song_name,artist_id,duration) VALUES ("Finest Hour",18,"00:04:10");
INSERT INTO AlbumSong (album_id,song_id,format_id) VALUES(206,2905,1);
INSERT INTO AlbumSong (album_id,song_id,format_id) VALUES(206,2905,2);
INSERT INTO Song (song_name,artist_id,duration) VALUES ("Good Shoes",18,"00:03:38");
INSERT INTO AlbumSong (album_id,song_id,format_id) VALUES(206,2906,1);
INSERT INTO AlbumSong (album_id,song_id,format_id) VALUES(206,2906,2);
INSERT INTO Song (song_name,artist_id,duration) VALUES ("Reds & Blues",18,"00:04:59");
INSERT INTO AlbumSong (album_id,song_id,format_id) VALUES(206,2907,1);
INSERT INTO AlbumSong (album_id,song_id,format_id) VALUES(206,2907,2);
INSERT INTO Album(album_id,album_name,artist_id,art_id,release_date) VALUES (206,"Stone Temple Pilots (2018)",18,206,"2018-03-16");
INSERT INTO AlbumArt(path) VALUES ("/var/www/album_art/stone_temple_pilots_stone_temple_pilots.jpg");
INSERT INTO Song (song_name,artist_id,duration) VALUES ("Between the Lines",18,"00:02:50");
INSERT INTO AlbumSong (album_id,song_id,format_id) VALUES(207,2908,1);
INSERT INTO AlbumSong (album_id,song_id,format_id) VALUES(207,2908,2);
INSERT INTO Song (song_name,artist_id,duration) VALUES ("Take a Load Off",18,"00:03:11");
INSERT INTO AlbumSong (album_id,song_id,format_id) VALUES(207,2909,1);
INSERT INTO AlbumSong (album_id,song_id,format_id) VALUES(207,2909,2);
INSERT INTO Song (song_name,artist_id,duration) VALUES ("Huckleberry Crumble",18,"00:03:10");
INSERT INTO AlbumSong (album_id,song_id,format_id) VALUES(207,2910,1);
INSERT INTO AlbumSong (album_id,song_id,format_id) VALUES(207,2910,2);
INSERT INTO Song (song_name,artist_id,duration) VALUES ("Hickory Dichotomy",18,"00:03:22");
INSERT INTO AlbumSong (album_id,song_id,format_id) VALUES(207,2911,1);
INSERT INTO AlbumSong (album_id,song_id,format_id) VALUES(207,2911,2);
INSERT INTO Song (song_name,artist_id,duration) VALUES ("Dare If You Dare",18,"00:04:29");
INSERT INTO AlbumSong (album_id,song_id,format_id) VALUES(207,2912,1);
INSERT INTO AlbumSong (album_id,song_id,format_id) VALUES(207,2912,2);
INSERT INTO Song (song_name,artist_id,duration) VALUES ("Cinnamon",18,"00:03:33");
INSERT INTO AlbumSong (album_id,song_id,format_id) VALUES(207,2913,1);
INSERT INTO AlbumSong (album_id,song_id,format_id) VALUES(207,2913,2);
INSERT INTO Song (song_name,artist_id,duration) VALUES ("Hazy Daze",18,"00:02:59");
INSERT INTO AlbumSong (album_id,song_id,format_id) VALUES(207,2914,1);
INSERT INTO AlbumSong (album_id,song_id,format_id) VALUES(207,2914,2);
INSERT INTO Song (song_name,artist_id,duration) VALUES ("Bagman",18,"00:02:45");
INSERT INTO AlbumSong (album_id,song_id,format_id) VALUES(207,2915,1);
INSERT INTO AlbumSong (album_id,song_id,format_id) VALUES(207,2915,2);
INSERT INTO Song (song_name,artist_id,duration) VALUES ("Peacoat",18,"00:03:29");
INSERT INTO AlbumSong (album_id,song_id,format_id) VALUES(207,2916,1);
INSERT INTO AlbumSong (album_id,song_id,format_id) VALUES(207,2916,2);
INSERT INTO Song (song_name,artist_id,duration) VALUES ("Fast as I Can",18,"00:03:33");
INSERT INTO AlbumSong (album_id,song_id,format_id) VALUES(207,2917,1);
INSERT INTO AlbumSong (album_id,song_id,format_id) VALUES(207,2917,2);
INSERT INTO Song (song_name,artist_id,duration) VALUES ("First Kiss on Mars",18,"00:03:03");
INSERT INTO AlbumSong (album_id,song_id,format_id) VALUES(207,2918,1);
INSERT INTO AlbumSong (album_id,song_id,format_id) VALUES(207,2918,2);
INSERT INTO Song (song_name,artist_id,duration) VALUES ("Maver",18,"00:04:52");
INSERT INTO AlbumSong (album_id,song_id,format_id) VALUES(207,2919,1);
INSERT INTO AlbumSong (album_id,song_id,format_id) VALUES(207,2919,2);
INSERT INTO Album(album_id,album_name,artist_id,art_id,release_date) VALUES (207,"Stone Temple Pilots",18,207,"2010-05-21");
INSERT INTO AlbumArt(path) VALUES ("/var/www/album_art/stone_temple_pilots_stone_temple_pilots_(deluxe).jpg");
INSERT INTO AlbumSong (album_id,song_id,format_id) VALUES(208,2908,1);
INSERT INTO AlbumSong (album_id,song_id,format_id) VALUES(208,2908,2);
INSERT INTO AlbumSong (album_id,song_id,format_id) VALUES(208,2909,1);
INSERT INTO AlbumSong (album_id,song_id,format_id) VALUES(208,2909,2);
INSERT INTO AlbumSong (album_id,song_id,format_id) VALUES(208,2910,1);
INSERT INTO AlbumSong (album_id,song_id,format_id) VALUES(208,2910,2);
INSERT INTO AlbumSong (album_id,song_id,format_id) VALUES(208,2911,1);
INSERT INTO AlbumSong (album_id,song_id,format_id) VALUES(208,2911,2);
INSERT INTO AlbumSong (album_id,song_id,format_id) VALUES(208,2912,1);
INSERT INTO AlbumSong (album_id,song_id,format_id) VALUES(208,2912,2);
INSERT INTO AlbumSong (album_id,song_id,format_id) VALUES(208,2913,1);
INSERT INTO AlbumSong (album_id,song_id,format_id) VALUES(208,2913,2);
INSERT INTO AlbumSong (album_id,song_id,format_id) VALUES(208,2914,1);
INSERT INTO AlbumSong (album_id,song_id,format_id) VALUES(208,2914,2);
INSERT INTO AlbumSong (album_id,song_id,format_id) VALUES(208,2915,1);
INSERT INTO AlbumSong (album_id,song_id,format_id) VALUES(208,2915,2);
INSERT INTO AlbumSong (album_id,song_id,format_id) VALUES(208,2916,1);
INSERT INTO AlbumSong (album_id,song_id,format_id) VALUES(208,2916,2);
INSERT INTO AlbumSong (album_id,song_id,format_id) VALUES(208,2917,1);
INSERT INTO AlbumSong (album_id,song_id,format_id) VALUES(208,2917,2);
INSERT INTO AlbumSong (album_id,song_id,format_id) VALUES(208,2918,1);
INSERT INTO AlbumSong (album_id,song_id,format_id) VALUES(208,2918,2);
INSERT INTO AlbumSong (album_id,song_id,format_id) VALUES(208,2919,1);
INSERT INTO AlbumSong (album_id,song_id,format_id) VALUES(208,2919,2);
INSERT INTO Song (song_name,artist_id,duration) VALUES ("Samba Nova",18,"00:03:33");
INSERT INTO AlbumSong (album_id,song_id,format_id) VALUES(208,2920,1);
INSERT INTO AlbumSong (album_id,song_id,format_id) VALUES(208,2920,2);
INSERT INTO Song (song_name,artist_id,duration) VALUES ("Vasoline - Live from Chicago",18,"00:03:10");
INSERT INTO AlbumSong (album_id,song_id,format_id) VALUES(208,2921,1);
INSERT INTO AlbumSong (album_id,song_id,format_id) VALUES(208,2921,2);
INSERT INTO Song (song_name,artist_id,duration) VALUES ("Hickory Dichotomy - Live from Chicago",18,"00:03:18");
INSERT INTO AlbumSong (album_id,song_id,format_id) VALUES(208,2922,1);
INSERT INTO AlbumSong (album_id,song_id,format_id) VALUES(208,2922,2);
INSERT INTO Song (song_name,artist_id,duration) VALUES ("Between the Lines - Live from Chicago",18,"00:02:55");
INSERT INTO AlbumSong (album_id,song_id,format_id) VALUES(208,2923,1);
INSERT INTO AlbumSong (album_id,song_id,format_id) VALUES(208,2923,2);
INSERT INTO Album(album_id,album_name,artist_id,art_id,release_date) VALUES (208,"Stone Temple Pilots (Deluxe)",18,208,"2010-05-21");
INSERT INTO AlbumArt(path) VALUES ("/var/www/album_art/stone_temple_pilots_shangri-la_dee_da.jpg");
INSERT INTO Song (song_name,artist_id,duration) VALUES ("Dumb Love",18,"00:02:51");
INSERT INTO AlbumSong (album_id,song_id,format_id) VALUES(209,2924,1);
INSERT INTO AlbumSong (album_id,song_id,format_id) VALUES(209,2924,2);
INSERT INTO Song (song_name,artist_id,duration) VALUES ("Days of the Week",18,"00:02:35");
INSERT INTO AlbumSong (album_id,song_id,format_id) VALUES(209,2925,1);
INSERT INTO AlbumSong (album_id,song_id,format_id) VALUES(209,2925,2);
INSERT INTO Song (song_name,artist_id,duration) VALUES ("Coma",18,"00:03:41");
INSERT INTO AlbumSong (album_id,song_id,format_id) VALUES(209,2926,1);
INSERT INTO AlbumSong (album_id,song_id,format_id) VALUES(209,2926,2);
INSERT INTO Song (song_name,artist_id,duration) VALUES ("Hollywood Bitch",18,"00:02:43");
INSERT INTO AlbumSong (album_id,song_id,format_id) VALUES(209,2927,1);
INSERT INTO AlbumSong (album_id,song_id,format_id) VALUES(209,2927,2);
INSERT INTO Song (song_name,artist_id,duration) VALUES ("Wonderful",18,"00:03:47");
INSERT INTO AlbumSong (album_id,song_id,format_id) VALUES(209,2928,1);
INSERT INTO AlbumSong (album_id,song_id,format_id) VALUES(209,2928,2);
INSERT INTO Song (song_name,artist_id,duration) VALUES ("Black Again",18,"00:03:26");
INSERT INTO AlbumSong (album_id,song_id,format_id) VALUES(209,2929,1);
INSERT INTO AlbumSong (album_id,song_id,format_id) VALUES(209,2929,2);
INSERT INTO Song (song_name,artist_id,duration) VALUES ("Hello It's Late",18,"00:04:22");
INSERT INTO AlbumSong (album_id,song_id,format_id) VALUES(209,2930,1);
INSERT INTO AlbumSong (album_id,song_id,format_id) VALUES(209,2930,2);
INSERT INTO Song (song_name,artist_id,duration) VALUES ("Too Cool Queenie",18,"00:02:47");
INSERT INTO AlbumSong (album_id,song_id,format_id) VALUES(209,2931,1);
INSERT INTO AlbumSong (album_id,song_id,format_id) VALUES(209,2931,2);
INSERT INTO Song (song_name,artist_id,duration) VALUES ("Regeneration",18,"00:03:55");
INSERT INTO AlbumSong (album_id,song_id,format_id) VALUES(209,2932,1);
INSERT INTO AlbumSong (album_id,song_id,format_id) VALUES(209,2932,2);
INSERT INTO Song (song_name,artist_id,duration) VALUES ("Bi-Polar Bear",18,"00:05:04");
INSERT INTO AlbumSong (album_id,song_id,format_id) VALUES(209,2933,1);
INSERT INTO AlbumSong (album_id,song_id,format_id) VALUES(209,2933,2);
INSERT INTO Song (song_name,artist_id,duration) VALUES ("Transmissions from a Lonely Room",18,"00:03:15");
INSERT INTO AlbumSong (album_id,song_id,format_id) VALUES(209,2934,1);
INSERT INTO AlbumSong (album_id,song_id,format_id) VALUES(209,2934,2);
INSERT INTO Song (song_name,artist_id,duration) VALUES ("A Song for Sleeping",18,"00:04:15");
INSERT INTO AlbumSong (album_id,song_id,format_id) VALUES(209,2935,1);
INSERT INTO AlbumSong (album_id,song_id,format_id) VALUES(209,2935,2);
INSERT INTO Song (song_name,artist_id,duration) VALUES ("Long Way Home",18,"00:04:32");
INSERT INTO AlbumSong (album_id,song_id,format_id) VALUES(209,2936,1);
INSERT INTO AlbumSong (album_id,song_id,format_id) VALUES(209,2936,2);
INSERT INTO Album(album_id,album_name,artist_id,art_id,release_date) VALUES (209,"Shangri-LA DEE DA",18,209,"2001-06-19");
INSERT INTO AlbumArt(path) VALUES ("/var/www/album_art/stone_temple_pilots_no._4.jpg");
INSERT INTO Song (song_name,artist_id,duration) VALUES ("Down",18,"00:03:48");
INSERT INTO AlbumSong (album_id,song_id,format_id) VALUES(210,2937,1);
INSERT INTO AlbumSong (album_id,song_id,format_id) VALUES(210,2937,2);
INSERT INTO Song (song_name,artist_id,duration) VALUES ("Heaven & Hot Rods",18,"00:03:26");
INSERT INTO AlbumSong (album_id,song_id,format_id) VALUES(210,2938,1);
INSERT INTO AlbumSong (album_id,song_id,format_id) VALUES(210,2938,2);
INSERT INTO Song (song_name,artist_id,duration) VALUES ("Pruno",18,"00:03:14");
INSERT INTO AlbumSong (album_id,song_id,format_id) VALUES(210,2939,1);
INSERT INTO AlbumSong (album_id,song_id,format_id) VALUES(210,2939,2);
INSERT INTO Song (song_name,artist_id,duration) VALUES ("Church on Tuesday",18,"00:03:00");
INSERT INTO AlbumSong (album_id,song_id,format_id) VALUES(210,2940,1);
INSERT INTO AlbumSong (album_id,song_id,format_id) VALUES(210,2940,2);
INSERT INTO Song (song_name,artist_id,duration) VALUES ("Sour Girl",18,"00:04:16");
INSERT INTO AlbumSong (album_id,song_id,format_id) VALUES(210,2941,1);
INSERT INTO AlbumSong (album_id,song_id,format_id) VALUES(210,2941,2);
INSERT INTO Song (song_name,artist_id,duration) VALUES ("No Way Out",18,"00:04:19");
INSERT INTO AlbumSong (album_id,song_id,format_id) VALUES(210,2942,1);
INSERT INTO AlbumSong (album_id,song_id,format_id) VALUES(210,2942,2);
INSERT INTO Song (song_name,artist_id,duration) VALUES ("Sex & Violence",18,"00:02:54");
INSERT INTO AlbumSong (album_id,song_id,format_id) VALUES(210,2943,1);
INSERT INTO AlbumSong (album_id,song_id,format_id) VALUES(210,2943,2);
INSERT INTO Song (song_name,artist_id,duration) VALUES ("Glide",18,"00:05:00");
INSERT INTO AlbumSong (album_id,song_id,format_id) VALUES(210,2944,1);
INSERT INTO AlbumSong (album_id,song_id,format_id) VALUES(210,2944,2);
INSERT INTO Song (song_name,artist_id,duration) VALUES ("I Got You",18,"00:04:15");
INSERT INTO AlbumSong (album_id,song_id,format_id) VALUES(210,2945,1);
INSERT INTO AlbumSong (album_id,song_id,format_id) VALUES(210,2945,2);
INSERT INTO Song (song_name,artist_id,duration) VALUES ("MC5",18,"00:02:42");
INSERT INTO AlbumSong (album_id,song_id,format_id) VALUES(210,2946,1);
INSERT INTO AlbumSong (album_id,song_id,format_id) VALUES(210,2946,2);
INSERT INTO Song (song_name,artist_id,duration) VALUES ("Atlanta",18,"00:05:18");
INSERT INTO AlbumSong (album_id,song_id,format_id) VALUES(210,2947,1);
INSERT INTO AlbumSong (album_id,song_id,format_id) VALUES(210,2947,2);
INSERT INTO Album(album_id,album_name,artist_id,art_id,release_date) VALUES (210,"No. 4",18,210,"1999-10-08");
INSERT INTO AlbumArt(path) VALUES ("/var/www/album_art/stone_temple_pilots_tiny_music...songs_from_the_vatican_gift_shop.jpg");
INSERT INTO Song (song_name,artist_id,duration) VALUES ("Press Play",18,"00:01:21");
INSERT INTO AlbumSong (album_id,song_id,format_id) VALUES(211,2948,1);
INSERT INTO AlbumSong (album_id,song_id,format_id) VALUES(211,2948,2);
INSERT INTO Song (song_name,artist_id,duration) VALUES ("Pop's Love Suicide",18,"00:03:43");
INSERT INTO AlbumSong (album_id,song_id,format_id) VALUES(211,2949,1);
INSERT INTO AlbumSong (album_id,song_id,format_id) VALUES(211,2949,2);
INSERT INTO Song (song_name,artist_id,duration) VALUES ("Tumble in the Rough",18,"00:03:18");
INSERT INTO AlbumSong (album_id,song_id,format_id) VALUES(211,2950,1);
INSERT INTO AlbumSong (album_id,song_id,format_id) VALUES(211,2950,2);
INSERT INTO Song (song_name,artist_id,duration) VALUES ("Big Bang Baby",18,"00:03:22");
INSERT INTO AlbumSong (album_id,song_id,format_id) VALUES(211,2951,1);
INSERT INTO AlbumSong (album_id,song_id,format_id) VALUES(211,2951,2);
INSERT INTO Song (song_name,artist_id,duration) VALUES ("Lady Picture Show",18,"00:04:06");
INSERT INTO AlbumSong (album_id,song_id,format_id) VALUES(211,2952,1);
INSERT INTO AlbumSong (album_id,song_id,format_id) VALUES(211,2952,2);
INSERT INTO Song (song_name,artist_id,duration) VALUES ("And so I Know",18,"00:03:57");
INSERT INTO AlbumSong (album_id,song_id,format_id) VALUES(211,2953,1);
INSERT INTO AlbumSong (album_id,song_id,format_id) VALUES(211,2953,2);
INSERT INTO Song (song_name,artist_id,duration) VALUES ("Trippin' on a Hole in a Paper Heart",18,"00:02:55");
INSERT INTO AlbumSong (album_id,song_id,format_id) VALUES(211,2954,1);
INSERT INTO AlbumSong (album_id,song_id,format_id) VALUES(211,2954,2);
INSERT INTO Song (song_name,artist_id,duration) VALUES ("Art School Girl",18,"00:03:35");
INSERT INTO AlbumSong (album_id,song_id,format_id) VALUES(211,2955,1);
INSERT INTO AlbumSong (album_id,song_id,format_id) VALUES(211,2955,2);
INSERT INTO Song (song_name,artist_id,duration) VALUES ("Adhesive",18,"00:05:34");
INSERT INTO AlbumSong (album_id,song_id,format_id) VALUES(211,2956,1);
INSERT INTO AlbumSong (album_id,song_id,format_id) VALUES(211,2956,2);
INSERT INTO Song (song_name,artist_id,duration) VALUES ("Ride the Cliché",18,"00:03:17");
INSERT INTO AlbumSong (album_id,song_id,format_id) VALUES(211,2957,1);
INSERT INTO AlbumSong (album_id,song_id,format_id) VALUES(211,2957,2);
INSERT INTO Song (song_name,artist_id,duration) VALUES ("Daisy",18,"00:02:18");
INSERT INTO AlbumSong (album_id,song_id,format_id) VALUES(211,2958,1);
INSERT INTO AlbumSong (album_id,song_id,format_id) VALUES(211,2958,2);
INSERT INTO Song (song_name,artist_id,duration) VALUES ("Seven Caged Tigers",18,"00:04:16");
INSERT INTO AlbumSong (album_id,song_id,format_id) VALUES(211,2959,1);
INSERT INTO AlbumSong (album_id,song_id,format_id) VALUES(211,2959,2);
INSERT INTO Album(album_id,album_name,artist_id,art_id,release_date) VALUES (211,"Tiny Music...Songs from the Vatican Gift Shop",18,211,"1996-03-26");
INSERT INTO AlbumArt(path) VALUES ("/var/www/album_art/stone_temple_pilots_purple_(2019_remaster).jpg");
INSERT INTO AlbumSong (album_id,song_id,format_id) VALUES(212,2856,1);
INSERT INTO AlbumSong (album_id,song_id,format_id) VALUES(212,2856,2);
INSERT INTO AlbumSong (album_id,song_id,format_id) VALUES(212,2857,1);
INSERT INTO AlbumSong (album_id,song_id,format_id) VALUES(212,2857,2);
INSERT INTO AlbumSong (album_id,song_id,format_id) VALUES(212,2858,1);
INSERT INTO AlbumSong (album_id,song_id,format_id) VALUES(212,2858,2);
INSERT INTO AlbumSong (album_id,song_id,format_id) VALUES(212,2859,1);
INSERT INTO AlbumSong (album_id,song_id,format_id) VALUES(212,2859,2);
INSERT INTO AlbumSong (album_id,song_id,format_id) VALUES(212,2860,1);
INSERT INTO AlbumSong (album_id,song_id,format_id) VALUES(212,2860,2);
INSERT INTO AlbumSong (album_id,song_id,format_id) VALUES(212,2861,1);
INSERT INTO AlbumSong (album_id,song_id,format_id) VALUES(212,2861,2);
INSERT INTO AlbumSong (album_id,song_id,format_id) VALUES(212,2862,1);
INSERT INTO AlbumSong (album_id,song_id,format_id) VALUES(212,2862,2);
INSERT INTO AlbumSong (album_id,song_id,format_id) VALUES(212,2863,1);
INSERT INTO AlbumSong (album_id,song_id,format_id) VALUES(212,2863,2);
INSERT INTO AlbumSong (album_id,song_id,format_id) VALUES(212,2864,1);
INSERT INTO AlbumSong (album_id,song_id,format_id) VALUES(212,2864,2);
INSERT INTO AlbumSong (album_id,song_id,format_id) VALUES(212,2865,1);
INSERT INTO AlbumSong (album_id,song_id,format_id) VALUES(212,2865,2);
INSERT INTO AlbumSong (album_id,song_id,format_id) VALUES(212,2866,1);
INSERT INTO AlbumSong (album_id,song_id,format_id) VALUES(212,2866,2);
INSERT INTO Album(album_id,album_name,artist_id,art_id,release_date) VALUES (212,"Purple (2019 Remaster)",18,212,"1994-06-07");
INSERT INTO AlbumArt(path) VALUES ("/var/www/album_art/stone_temple_pilots_core_(super_deluxe_edition).jpg");
INSERT INTO Song (song_name,artist_id,duration) VALUES ("Dead & Bloated - 2017 Remaster",18,"00:05:10");
INSERT INTO AlbumSong (album_id,song_id,format_id) VALUES(213,2960,1);
INSERT INTO AlbumSong (album_id,song_id,format_id) VALUES(213,2960,2);
INSERT INTO Song (song_name,artist_id,duration) VALUES ("Sex Type Thing - 2017 Remaster",18,"00:03:37");
INSERT INTO AlbumSong (album_id,song_id,format_id) VALUES(213,2961,1);
INSERT INTO AlbumSong (album_id,song_id,format_id) VALUES(213,2961,2);
INSERT INTO Song (song_name,artist_id,duration) VALUES ("Wicked Garden - 2017 Remaster",18,"00:04:05");
INSERT INTO AlbumSong (album_id,song_id,format_id) VALUES(213,2962,1);
INSERT INTO AlbumSong (album_id,song_id,format_id) VALUES(213,2962,2);
INSERT INTO Song (song_name,artist_id,duration) VALUES ("No Memory - 2017 Remaster",18,"00:01:20");
INSERT INTO AlbumSong (album_id,song_id,format_id) VALUES(213,2963,1);
INSERT INTO AlbumSong (album_id,song_id,format_id) VALUES(213,2963,2);
INSERT INTO Song (song_name,artist_id,duration) VALUES ("Sin - 2017 Remaster",18,"00:06:04");
INSERT INTO AlbumSong (album_id,song_id,format_id) VALUES(213,2964,1);
INSERT INTO AlbumSong (album_id,song_id,format_id) VALUES(213,2964,2);
INSERT INTO Song (song_name,artist_id,duration) VALUES ("Naked Sunday - 2017 Remaster",18,"00:03:49");
INSERT INTO AlbumSong (album_id,song_id,format_id) VALUES(213,2965,1);
INSERT INTO AlbumSong (album_id,song_id,format_id) VALUES(213,2965,2);
INSERT INTO Song (song_name,artist_id,duration) VALUES ("Creep - 2017 Remaster",18,"00:05:34");
INSERT INTO AlbumSong (album_id,song_id,format_id) VALUES(213,2966,1);
INSERT INTO AlbumSong (album_id,song_id,format_id) VALUES(213,2966,2);
INSERT INTO Song (song_name,artist_id,duration) VALUES ("Piece of Pie - 2017 Remaster",18,"00:05:24");
INSERT INTO AlbumSong (album_id,song_id,format_id) VALUES(213,2967,1);
INSERT INTO AlbumSong (album_id,song_id,format_id) VALUES(213,2967,2);
INSERT INTO Song (song_name,artist_id,duration) VALUES ("Plush - 2017 Remaster",18,"00:05:13");
INSERT INTO AlbumSong (album_id,song_id,format_id) VALUES(213,2968,1);
INSERT INTO AlbumSong (album_id,song_id,format_id) VALUES(213,2968,2);
INSERT INTO Song (song_name,artist_id,duration) VALUES ("Wet My Bed - 2017 Remaster",18,"00:01:36");
INSERT INTO AlbumSong (album_id,song_id,format_id) VALUES(213,2969,1);
INSERT INTO AlbumSong (album_id,song_id,format_id) VALUES(213,2969,2);
INSERT INTO Song (song_name,artist_id,duration) VALUES ("Crackerman - 2017 Remaster",18,"00:03:14");
INSERT INTO AlbumSong (album_id,song_id,format_id) VALUES(213,2970,1);
INSERT INTO AlbumSong (album_id,song_id,format_id) VALUES(213,2970,2);
INSERT INTO Song (song_name,artist_id,duration) VALUES ("Where the River Goes - 2017 Remaster",18,"00:08:30");
INSERT INTO AlbumSong (album_id,song_id,format_id) VALUES(213,2971,1);
INSERT INTO AlbumSong (album_id,song_id,format_id) VALUES(213,2971,2);
INSERT INTO Song (song_name,artist_id,duration) VALUES ("Only Dying - Demo",18,"00:05:19");
INSERT INTO AlbumSong (album_id,song_id,format_id) VALUES(213,2972,1);
INSERT INTO AlbumSong (album_id,song_id,format_id) VALUES(213,2972,2);
INSERT INTO Song (song_name,artist_id,duration) VALUES ("Wicked Garden - Demo",18,"00:03:49");
INSERT INTO AlbumSong (album_id,song_id,format_id) VALUES(213,2973,1);
INSERT INTO AlbumSong (album_id,song_id,format_id) VALUES(213,2973,2);
INSERT INTO Song (song_name,artist_id,duration) VALUES ("Naked Sunday - Demo",18,"00:03:42");
INSERT INTO AlbumSong (album_id,song_id,format_id) VALUES(213,2974,1);
INSERT INTO AlbumSong (album_id,song_id,format_id) VALUES(213,2974,2);
INSERT INTO Song (song_name,artist_id,duration) VALUES ("Where The River Goes - Demo",18,"00:07:16");
INSERT INTO AlbumSong (album_id,song_id,format_id) VALUES(213,2975,1);
INSERT INTO AlbumSong (album_id,song_id,format_id) VALUES(213,2975,2);
INSERT INTO Song (song_name,artist_id,duration) VALUES ("Dead & Bloated - Demo",18,"00:05:03");
INSERT INTO AlbumSong (album_id,song_id,format_id) VALUES(213,2976,1);
INSERT INTO AlbumSong (album_id,song_id,format_id) VALUES(213,2976,2);
INSERT INTO Song (song_name,artist_id,duration) VALUES ("Sex Type Thing - Demo",18,"00:03:24");
INSERT INTO AlbumSong (album_id,song_id,format_id) VALUES(213,2977,1);
INSERT INTO AlbumSong (album_id,song_id,format_id) VALUES(213,2977,2);
INSERT INTO Song (song_name,artist_id,duration) VALUES ("Sin - Demo",18,"00:06:14");
INSERT INTO AlbumSong (album_id,song_id,format_id) VALUES(213,2978,1);
INSERT INTO AlbumSong (album_id,song_id,format_id) VALUES(213,2978,2);
INSERT INTO Song (song_name,artist_id,duration) VALUES ("Creep - Demo",18,"00:05:39");
INSERT INTO AlbumSong (album_id,song_id,format_id) VALUES(213,2979,1);
INSERT INTO AlbumSong (album_id,song_id,format_id) VALUES(213,2979,2);
INSERT INTO Song (song_name,artist_id,duration) VALUES ("Plush - Demo",18,"00:05:05");
INSERT INTO AlbumSong (album_id,song_id,format_id) VALUES(213,2980,1);
INSERT INTO AlbumSong (album_id,song_id,format_id) VALUES(213,2980,2);
INSERT INTO Song (song_name,artist_id,duration) VALUES ("Sex Type Thing - Swing Type Version, 2017 Remaster [Remastered]",18,"00:04:23");
INSERT INTO AlbumSong (album_id,song_id,format_id) VALUES(213,2981,1);
INSERT INTO AlbumSong (album_id,song_id,format_id) VALUES(213,2981,2);
INSERT INTO Song (song_name,artist_id,duration) VALUES ("Plush - Acoustic Type Version, 2017 Remaster [Remastered]",18,"00:04:49");
INSERT INTO AlbumSong (album_id,song_id,format_id) VALUES(213,2982,1);
INSERT INTO AlbumSong (album_id,song_id,format_id) VALUES(213,2982,2);
INSERT INTO Song (song_name,artist_id,duration) VALUES ("Creep - New Version, 2017 Remaster",18,"00:05:34");
INSERT INTO AlbumSong (album_id,song_id,format_id) VALUES(213,2983,1);
INSERT INTO AlbumSong (album_id,song_id,format_id) VALUES(213,2983,2);
INSERT INTO Song (song_name,artist_id,duration) VALUES ("Plush - Acoustic From MTV Headbanger's Ball, Take 1",18,"00:05:28");
INSERT INTO AlbumSong (album_id,song_id,format_id) VALUES(213,2984,1);
INSERT INTO AlbumSong (album_id,song_id,format_id) VALUES(213,2984,2);
INSERT INTO Song (song_name,artist_id,duration) VALUES ("Crackerman - Live at Castaic Lake Natural Amphitheater, 7/2/93",18,"00:03:29");
INSERT INTO AlbumSong (album_id,song_id,format_id) VALUES(213,2985,1);
INSERT INTO AlbumSong (album_id,song_id,format_id) VALUES(213,2985,2);
INSERT INTO Song (song_name,artist_id,duration) VALUES ("Wicked Garden - Live at Castaic Lake Natural Amphitheater, 7/2/93",18,"00:04:41");
INSERT INTO AlbumSong (album_id,song_id,format_id) VALUES(213,2986,1);
INSERT INTO AlbumSong (album_id,song_id,format_id) VALUES(213,2986,2);
INSERT INTO Song (song_name,artist_id,duration) VALUES ("No Memory - Live at Castaic Lake Natural Amphitheater, 7/2/93",18,"00:01:14");
INSERT INTO AlbumSong (album_id,song_id,format_id) VALUES(213,2987,1);
INSERT INTO AlbumSong (album_id,song_id,format_id) VALUES(213,2987,2);
INSERT INTO Song (song_name,artist_id,duration) VALUES ("Sin - Live at Castaic Lake Natural Amphitheater, 7/2/93",18,"00:06:25");
INSERT INTO AlbumSong (album_id,song_id,format_id) VALUES(213,2988,1);
INSERT INTO AlbumSong (album_id,song_id,format_id) VALUES(213,2988,2);
INSERT INTO Song (song_name,artist_id,duration) VALUES ("Plush - Live at Castaic Lake Natural Amphitheater, 7/2/93",18,"00:05:05");
INSERT INTO AlbumSong (album_id,song_id,format_id) VALUES(213,2989,1);
INSERT INTO AlbumSong (album_id,song_id,format_id) VALUES(213,2989,2);
INSERT INTO Song (song_name,artist_id,duration) VALUES ("Where the River Goes - Live at Castaic Lake Natural Amphitheater, 7/2/93",18,"00:09:10");
INSERT INTO AlbumSong (album_id,song_id,format_id) VALUES(213,2990,1);
INSERT INTO AlbumSong (album_id,song_id,format_id) VALUES(213,2990,2);
INSERT INTO Song (song_name,artist_id,duration) VALUES ("Sex Type Thing - Live at Castaic Lake Natural Amphitheater, 7/2/93",18,"00:04:11");
INSERT INTO AlbumSong (album_id,song_id,format_id) VALUES(213,2991,1);
INSERT INTO AlbumSong (album_id,song_id,format_id) VALUES(213,2991,2);
INSERT INTO Song (song_name,artist_id,duration) VALUES ("Wet My Bed - Live at Castaic Lake Natural Amphitheater, 7/2/93",18,"00:02:48");
INSERT INTO AlbumSong (album_id,song_id,format_id) VALUES(213,2992,1);
INSERT INTO AlbumSong (album_id,song_id,format_id) VALUES(213,2992,2);
INSERT INTO Song (song_name,artist_id,duration) VALUES ("Naked Sunday - Live at Castaic Lake Natural Amphitheater, 7/2/93",18,"00:04:21");
INSERT INTO AlbumSong (album_id,song_id,format_id) VALUES(213,2993,1);
INSERT INTO AlbumSong (album_id,song_id,format_id) VALUES(213,2993,2);
INSERT INTO Song (song_name,artist_id,duration) VALUES ("Wicked Garden - Live At The Reading Festival '93, England 8/27/93",18,"00:04:31");
INSERT INTO AlbumSong (album_id,song_id,format_id) VALUES(213,2994,1);
INSERT INTO AlbumSong (album_id,song_id,format_id) VALUES(213,2994,2);
INSERT INTO Song (song_name,artist_id,duration) VALUES ("No Memory - Live At The Reading Festival '93, England 8/27/93",18,"00:01:15");
INSERT INTO AlbumSong (album_id,song_id,format_id) VALUES(213,2995,1);
INSERT INTO AlbumSong (album_id,song_id,format_id) VALUES(213,2995,2);
INSERT INTO Song (song_name,artist_id,duration) VALUES ("Sin - Live At The Reading Festival '93, England 8/27/93",18,"00:06:57");
INSERT INTO AlbumSong (album_id,song_id,format_id) VALUES(213,2996,1);
INSERT INTO AlbumSong (album_id,song_id,format_id) VALUES(213,2996,2);
INSERT INTO Song (song_name,artist_id,duration) VALUES ("Lounge Fly - Live At The Reading Festival '93, England 8/27/93",18,"00:06:06");
INSERT INTO AlbumSong (album_id,song_id,format_id) VALUES(213,2997,1);
INSERT INTO AlbumSong (album_id,song_id,format_id) VALUES(213,2997,2);
INSERT INTO Song (song_name,artist_id,duration) VALUES ("Dead & Bloated - Live At The Reading Festival '93, England 8/27/93",18,"00:04:47");
INSERT INTO AlbumSong (album_id,song_id,format_id) VALUES(213,2998,1);
INSERT INTO AlbumSong (album_id,song_id,format_id) VALUES(213,2998,2);
INSERT INTO Song (song_name,artist_id,duration) VALUES ("Sex Type Thing - Live At The Reading Festival '93, England 8/27/93",18,"00:04:00");
INSERT INTO AlbumSong (album_id,song_id,format_id) VALUES(213,2999,1);
INSERT INTO AlbumSong (album_id,song_id,format_id) VALUES(213,2999,2);
INSERT INTO Song (song_name,artist_id,duration) VALUES ("Naked Sunday - Live At The Reading Festival '93, England 8/27/93",18,"00:04:15");
INSERT INTO AlbumSong (album_id,song_id,format_id) VALUES(213,3000,1);
INSERT INTO AlbumSong (album_id,song_id,format_id) VALUES(213,3000,2);
INSERT INTO Song (song_name,artist_id,duration) VALUES ("Crackerman - Live, MTV Unplugged, 11/17/93",18,"00:04:04");
INSERT INTO AlbumSong (album_id,song_id,format_id) VALUES(213,3001,1);
INSERT INTO AlbumSong (album_id,song_id,format_id) VALUES(213,3001,2);
INSERT INTO Song (song_name,artist_id,duration) VALUES ("Creep - Live, MTV Unplugged, 11/17/93",18,"00:05:48");
INSERT INTO AlbumSong (album_id,song_id,format_id) VALUES(213,3002,1);
INSERT INTO AlbumSong (album_id,song_id,format_id) VALUES(213,3002,2);
INSERT INTO Song (song_name,artist_id,duration) VALUES ("Andy Warhol - Live, MTV Unplugged, 11/17/93",18,"00:02:53");
INSERT INTO AlbumSong (album_id,song_id,format_id) VALUES(213,3003,1);
INSERT INTO AlbumSong (album_id,song_id,format_id) VALUES(213,3003,2);
INSERT INTO Song (song_name,artist_id,duration) VALUES ("Plush - Live, MTV Unplugged, 11/17/93",18,"00:05:46");
INSERT INTO AlbumSong (album_id,song_id,format_id) VALUES(213,3004,1);
INSERT INTO AlbumSong (album_id,song_id,format_id) VALUES(213,3004,2);
INSERT INTO Song (song_name,artist_id,duration) VALUES ("Big Empty - Live, MTV Unplugged, 11/17/93",18,"00:04:57");
INSERT INTO AlbumSong (album_id,song_id,format_id) VALUES(213,3005,1);
INSERT INTO AlbumSong (album_id,song_id,format_id) VALUES(213,3005,2);
INSERT INTO Song (song_name,artist_id,duration) VALUES ("Wicked Garden - Live, MTV Unplugged, 11/17/93",18,"00:04:19");
INSERT INTO AlbumSong (album_id,song_id,format_id) VALUES(213,3006,1);
INSERT INTO AlbumSong (album_id,song_id,format_id) VALUES(213,3006,2);
INSERT INTO Song (song_name,artist_id,duration) VALUES ("Sex Type Thing - Live, MTV Unplugged, 11/17/93",18,"00:04:28");
INSERT INTO AlbumSong (album_id,song_id,format_id) VALUES(213,3007,1);
INSERT INTO AlbumSong (album_id,song_id,format_id) VALUES(213,3007,2);
INSERT INTO Album(album_id,album_name,artist_id,art_id,release_date) VALUES (213,"Core (Super Deluxe Edition)",18,213,"1992-09-29");
INSERT INTO Artist (artist_name,genre_id,description) VALUES ("Temple of the Dog",2,"");
INSERT INTO AlbumArt(path) VALUES ("/var/www/album_art/temple_of_the_dog_temple_of_the_dog_(deluxe_edition).jpg");
INSERT INTO Song (song_name,artist_id,duration) VALUES ("Say Hello 2 Heaven - 25th Anniversary Mix",19,"00:06:24");
INSERT INTO AlbumSong (album_id,song_id,format_id) VALUES(214,3008,1);
INSERT INTO AlbumSong (album_id,song_id,format_id) VALUES(214,3008,2);
INSERT INTO Song (song_name,artist_id,duration) VALUES ("Reach Down - 25th Anniversary Mix",19,"00:11:14");
INSERT INTO AlbumSong (album_id,song_id,format_id) VALUES(214,3009,1);
INSERT INTO AlbumSong (album_id,song_id,format_id) VALUES(214,3009,2);
INSERT INTO Song (song_name,artist_id,duration) VALUES ("Hunger Strike - 25th Anniversary Mix",19,"00:04:06");
INSERT INTO AlbumSong (album_id,song_id,format_id) VALUES(214,3010,1);
INSERT INTO AlbumSong (album_id,song_id,format_id) VALUES(214,3010,2);
INSERT INTO Song (song_name,artist_id,duration) VALUES ("Pushin' Forward Back - 25th Anniversary Mix",19,"00:03:45");
INSERT INTO AlbumSong (album_id,song_id,format_id) VALUES(214,3011,1);
INSERT INTO AlbumSong (album_id,song_id,format_id) VALUES(214,3011,2);
INSERT INTO Song (song_name,artist_id,duration) VALUES ("Call Me A Dog - 25th Anniversary Mix",19,"00:05:04");
INSERT INTO AlbumSong (album_id,song_id,format_id) VALUES(214,3012,1);
INSERT INTO AlbumSong (album_id,song_id,format_id) VALUES(214,3012,2);
INSERT INTO Song (song_name,artist_id,duration) VALUES ("Times Of Trouble - 25th Anniversary Mix",19,"00:05:42");
INSERT INTO AlbumSong (album_id,song_id,format_id) VALUES(214,3013,1);
INSERT INTO AlbumSong (album_id,song_id,format_id) VALUES(214,3013,2);
INSERT INTO Song (song_name,artist_id,duration) VALUES ("Wooden Jesus - 25th Anniversary Mix",19,"00:04:10");
INSERT INTO AlbumSong (album_id,song_id,format_id) VALUES(214,3014,1);
INSERT INTO AlbumSong (album_id,song_id,format_id) VALUES(214,3014,2);
INSERT INTO Song (song_name,artist_id,duration) VALUES ("Your Savior - 25th Anniversary Mix",19,"00:04:04");
INSERT INTO AlbumSong (album_id,song_id,format_id) VALUES(214,3015,1);
INSERT INTO AlbumSong (album_id,song_id,format_id) VALUES(214,3015,2);
INSERT INTO Song (song_name,artist_id,duration) VALUES ("Four Walled World - 25th Anniversary Mix",19,"00:06:54");
INSERT INTO AlbumSong (album_id,song_id,format_id) VALUES(214,3016,1);
INSERT INTO AlbumSong (album_id,song_id,format_id) VALUES(214,3016,2);
INSERT INTO Song (song_name,artist_id,duration) VALUES ("All Night Thing - 25th Anniversary Mix",19,"00:03:51");
INSERT INTO AlbumSong (album_id,song_id,format_id) VALUES(214,3017,1);
INSERT INTO AlbumSong (album_id,song_id,format_id) VALUES(214,3017,2);
INSERT INTO Song (song_name,artist_id,duration) VALUES ("Say Hello 2 Heaven - Alternate Mix",19,"00:06:24");
INSERT INTO AlbumSong (album_id,song_id,format_id) VALUES(214,3018,1);
INSERT INTO AlbumSong (album_id,song_id,format_id) VALUES(214,3018,2);
INSERT INTO Song (song_name,artist_id,duration) VALUES ("Wooden Jesus - Alternate Mix",19,"00:04:48");
INSERT INTO AlbumSong (album_id,song_id,format_id) VALUES(214,3019,1);
INSERT INTO AlbumSong (album_id,song_id,format_id) VALUES(214,3019,2);
INSERT INTO Song (song_name,artist_id,duration) VALUES ("All Night Thing - Alternate Mix",19,"00:03:51");
INSERT INTO AlbumSong (album_id,song_id,format_id) VALUES(214,3020,1);
INSERT INTO AlbumSong (album_id,song_id,format_id) VALUES(214,3020,2);
INSERT INTO Song (song_name,artist_id,duration) VALUES ("Say Hello 2 Heaven - Demo",19,"00:07:04");
INSERT INTO AlbumSong (album_id,song_id,format_id) VALUES(214,3021,1);
INSERT INTO AlbumSong (album_id,song_id,format_id) VALUES(214,3021,2);
INSERT INTO Song (song_name,artist_id,duration) VALUES ("Reach Down - Demo",19,"00:09:15");
INSERT INTO AlbumSong (album_id,song_id,format_id) VALUES(214,3022,1);
INSERT INTO AlbumSong (album_id,song_id,format_id) VALUES(214,3022,2);
INSERT INTO Song (song_name,artist_id,duration) VALUES ("Call Me A Dog - Demo",19,"00:05:50");
INSERT INTO AlbumSong (album_id,song_id,format_id) VALUES(214,3023,1);
INSERT INTO AlbumSong (album_id,song_id,format_id) VALUES(214,3023,2);
INSERT INTO Song (song_name,artist_id,duration) VALUES ("Times Of Trouble - Demo",19,"00:05:39");
INSERT INTO AlbumSong (album_id,song_id,format_id) VALUES(214,3024,1);
INSERT INTO AlbumSong (album_id,song_id,format_id) VALUES(214,3024,2);
INSERT INTO Song (song_name,artist_id,duration) VALUES ("Angel Of Fire - Demo",19,"00:06:58");
INSERT INTO AlbumSong (album_id,song_id,format_id) VALUES(214,3025,1);
INSERT INTO AlbumSong (album_id,song_id,format_id) VALUES(214,3025,2);
INSERT INTO Song (song_name,artist_id,duration) VALUES ("Black Cat - Demo",19,"00:05:11");
INSERT INTO AlbumSong (album_id,song_id,format_id) VALUES(214,3026,1);
INSERT INTO AlbumSong (album_id,song_id,format_id) VALUES(214,3026,2);
INSERT INTO Song (song_name,artist_id,duration) VALUES ("Times Of Trouble - Instrumental Demo",19,"00:04:13");
INSERT INTO AlbumSong (album_id,song_id,format_id) VALUES(214,3027,1);
INSERT INTO AlbumSong (album_id,song_id,format_id) VALUES(214,3027,2);
INSERT INTO Song (song_name,artist_id,duration) VALUES ("Say Hello 2 Heaven - Outtake",19,"00:06:22");
INSERT INTO AlbumSong (album_id,song_id,format_id) VALUES(214,3028,1);
INSERT INTO AlbumSong (album_id,song_id,format_id) VALUES(214,3028,2);
INSERT INTO Song (song_name,artist_id,duration) VALUES ("Reach Down - Outtake",19,"00:09:49");
INSERT INTO AlbumSong (album_id,song_id,format_id) VALUES(214,3029,1);
INSERT INTO AlbumSong (album_id,song_id,format_id) VALUES(214,3029,2);
INSERT INTO Song (song_name,artist_id,duration) VALUES ("Pushin' Forward Back - Outtake",19,"00:03:30");
INSERT INTO AlbumSong (album_id,song_id,format_id) VALUES(214,3030,1);
INSERT INTO AlbumSong (album_id,song_id,format_id) VALUES(214,3030,2);
INSERT INTO Song (song_name,artist_id,duration) VALUES ("Wooden Jesus - Outtake",19,"00:04:46");
INSERT INTO AlbumSong (album_id,song_id,format_id) VALUES(214,3031,1);
INSERT INTO AlbumSong (album_id,song_id,format_id) VALUES(214,3031,2);
INSERT INTO Song (song_name,artist_id,duration) VALUES ("All Night Thing - Outtake",19,"00:03:43");
INSERT INTO AlbumSong (album_id,song_id,format_id) VALUES(214,3032,1);
INSERT INTO AlbumSong (album_id,song_id,format_id) VALUES(214,3032,2);
INSERT INTO Album(album_id,album_name,artist_id,art_id,release_date) VALUES (214,"Temple Of The Dog (Deluxe Edition)",19,214,"2016-04-16");
INSERT INTO AlbumArt(path) VALUES ("/var/www/album_art/temple_of_the_dog_temple_of_the_dog.jpg");
INSERT INTO Song (song_name,artist_id,duration) VALUES ("Say Hello 2 Heaven",19,"00:06:24");
INSERT INTO AlbumSong (album_id,song_id,format_id) VALUES(215,3033,1);
INSERT INTO AlbumSong (album_id,song_id,format_id) VALUES(215,3033,2);
INSERT INTO Song (song_name,artist_id,duration) VALUES ("Reach Down",19,"00:11:12");
INSERT INTO AlbumSong (album_id,song_id,format_id) VALUES(215,3034,1);
INSERT INTO AlbumSong (album_id,song_id,format_id) VALUES(215,3034,2);
INSERT INTO Song (song_name,artist_id,duration) VALUES ("Hunger Strike",19,"00:04:06");
INSERT INTO AlbumSong (album_id,song_id,format_id) VALUES(215,3035,1);
INSERT INTO AlbumSong (album_id,song_id,format_id) VALUES(215,3035,2);
INSERT INTO Song (song_name,artist_id,duration) VALUES ("Pushin' Forward Back",19,"00:03:45");
INSERT INTO AlbumSong (album_id,song_id,format_id) VALUES(215,3036,1);
INSERT INTO AlbumSong (album_id,song_id,format_id) VALUES(215,3036,2);
INSERT INTO Song (song_name,artist_id,duration) VALUES ("Call Me A Dog",19,"00:05:04");
INSERT INTO AlbumSong (album_id,song_id,format_id) VALUES(215,3037,1);
INSERT INTO AlbumSong (album_id,song_id,format_id) VALUES(215,3037,2);
INSERT INTO Song (song_name,artist_id,duration) VALUES ("Times Of Trouble",19,"00:05:42");
INSERT INTO AlbumSong (album_id,song_id,format_id) VALUES(215,3038,1);
INSERT INTO AlbumSong (album_id,song_id,format_id) VALUES(215,3038,2);
INSERT INTO Song (song_name,artist_id,duration) VALUES ("Wooden Jesus",19,"00:04:10");
INSERT INTO AlbumSong (album_id,song_id,format_id) VALUES(215,3039,1);
INSERT INTO AlbumSong (album_id,song_id,format_id) VALUES(215,3039,2);
INSERT INTO Song (song_name,artist_id,duration) VALUES ("Your Savior",19,"00:04:04");
INSERT INTO AlbumSong (album_id,song_id,format_id) VALUES(215,3040,1);
INSERT INTO AlbumSong (album_id,song_id,format_id) VALUES(215,3040,2);
INSERT INTO Song (song_name,artist_id,duration) VALUES ("Four Walled World",19,"00:06:54");
INSERT INTO AlbumSong (album_id,song_id,format_id) VALUES(215,3041,1);
INSERT INTO AlbumSong (album_id,song_id,format_id) VALUES(215,3041,2);
INSERT INTO Song (song_name,artist_id,duration) VALUES ("All Night Thing",19,"00:03:51");
INSERT INTO AlbumSong (album_id,song_id,format_id) VALUES(215,3042,1);
INSERT INTO AlbumSong (album_id,song_id,format_id) VALUES(215,3042,2);
INSERT INTO Album(album_id,album_name,artist_id,art_id,release_date) VALUES (215,"Temple Of The Dog",19,215,"1990-01-01");
INSERT INTO Artist (artist_name,genre_id,description) VALUES ("Mudhoney",2,"");
INSERT INTO AlbumArt(path) VALUES ("/var/www/album_art/mudhoney_real_low_vibe__the_reprise_recordings_1992-1998.jpg");
INSERT INTO Song (song_name,artist_id,duration) VALUES ("Untitled Track (1)",20,"00:00:38");
INSERT INTO AlbumSong (album_id,song_id,format_id) VALUES(216,3043,1);
INSERT INTO AlbumSong (album_id,song_id,format_id) VALUES(216,3043,2);
INSERT INTO Song (song_name,artist_id,duration) VALUES ("No End In Sight",20,"00:03:33");
INSERT INTO AlbumSong (album_id,song_id,format_id) VALUES(216,3044,1);
INSERT INTO AlbumSong (album_id,song_id,format_id) VALUES(216,3044,2);
INSERT INTO Song (song_name,artist_id,duration) VALUES ("Make It Now",20,"00:04:25");
INSERT INTO AlbumSong (album_id,song_id,format_id) VALUES(216,3045,1);
INSERT INTO AlbumSong (album_id,song_id,format_id) VALUES(216,3045,2);
INSERT INTO Song (song_name,artist_id,duration) VALUES ("When In Rome",20,"00:03:54");
INSERT INTO AlbumSong (album_id,song_id,format_id) VALUES(216,3046,1);
INSERT INTO AlbumSong (album_id,song_id,format_id) VALUES(216,3046,2);
INSERT INTO Song (song_name,artist_id,duration) VALUES ("Untitled Track (2)",20,"00:00:25");
INSERT INTO AlbumSong (album_id,song_id,format_id) VALUES(216,3047,1);
INSERT INTO AlbumSong (album_id,song_id,format_id) VALUES(216,3047,2);
INSERT INTO Song (song_name,artist_id,duration) VALUES ("Suck You Dry",20,"00:02:34");
INSERT INTO AlbumSong (album_id,song_id,format_id) VALUES(216,3048,1);
INSERT INTO AlbumSong (album_id,song_id,format_id) VALUES(216,3048,2);
INSERT INTO Song (song_name,artist_id,duration) VALUES ("Blinding Sun",20,"00:03:38");
INSERT INTO AlbumSong (album_id,song_id,format_id) VALUES(216,3049,1);
INSERT INTO AlbumSong (album_id,song_id,format_id) VALUES(216,3049,2);
INSERT INTO Song (song_name,artist_id,duration) VALUES ("Thirteenth Floor Opening",20,"00:02:30");
INSERT INTO AlbumSong (album_id,song_id,format_id) VALUES(216,3050,1);
INSERT INTO AlbumSong (album_id,song_id,format_id) VALUES(216,3050,2);
INSERT INTO Song (song_name,artist_id,duration) VALUES ("Youth Body Expression Explosion",20,"00:01:59");
INSERT INTO AlbumSong (album_id,song_id,format_id) VALUES(216,3051,1);
INSERT INTO AlbumSong (album_id,song_id,format_id) VALUES(216,3051,2);
INSERT INTO Song (song_name,artist_id,duration) VALUES ("I'm Spun",20,"00:04:04");
INSERT INTO AlbumSong (album_id,song_id,format_id) VALUES(216,3052,1);
INSERT INTO AlbumSong (album_id,song_id,format_id) VALUES(216,3052,2);
INSERT INTO Song (song_name,artist_id,duration) VALUES ("Untitled Track (3)",20,"00:00:39");
INSERT INTO AlbumSong (album_id,song_id,format_id) VALUES(216,3053,1);
INSERT INTO AlbumSong (album_id,song_id,format_id) VALUES(216,3053,2);
INSERT INTO Song (song_name,artist_id,duration) VALUES ("Take Me There",20,"00:03:32");
INSERT INTO AlbumSong (album_id,song_id,format_id) VALUES(216,3054,1);
INSERT INTO AlbumSong (album_id,song_id,format_id) VALUES(216,3054,2);
INSERT INTO Song (song_name,artist_id,duration) VALUES ("Living Wreck",20,"00:03:30");
INSERT INTO AlbumSong (album_id,song_id,format_id) VALUES(216,3055,1);
INSERT INTO AlbumSong (album_id,song_id,format_id) VALUES(216,3055,2);
INSERT INTO Song (song_name,artist_id,duration) VALUES ("Let Me Let You Down",20,"00:03:56");
INSERT INTO AlbumSong (album_id,song_id,format_id) VALUES(216,3056,1);
INSERT INTO AlbumSong (album_id,song_id,format_id) VALUES(216,3056,2);
INSERT INTO Song (song_name,artist_id,duration) VALUES ("Untitled Track (4)",20,"00:00:29");
INSERT INTO AlbumSong (album_id,song_id,format_id) VALUES(216,3057,1);
INSERT INTO AlbumSong (album_id,song_id,format_id) VALUES(216,3057,2);
INSERT INTO Song (song_name,artist_id,duration) VALUES ("Ritzville",20,"00:02:37");
INSERT INTO AlbumSong (album_id,song_id,format_id) VALUES(216,3058,1);
INSERT INTO AlbumSong (album_id,song_id,format_id) VALUES(216,3058,2);
INSERT INTO Song (song_name,artist_id,duration) VALUES ("Acetone",20,"00:04:14");
INSERT INTO AlbumSong (album_id,song_id,format_id) VALUES(216,3059,1);
INSERT INTO AlbumSong (album_id,song_id,format_id) VALUES(216,3059,2);
INSERT INTO Song (song_name,artist_id,duration) VALUES ("King Sandbox",20,"00:02:43");
INSERT INTO AlbumSong (album_id,song_id,format_id) VALUES(216,3060,1);
INSERT INTO AlbumSong (album_id,song_id,format_id) VALUES(216,3060,2);
INSERT INTO Song (song_name,artist_id,duration) VALUES ("Baby Oh Baby",20,"00:03:44");
INSERT INTO AlbumSong (album_id,song_id,format_id) VALUES(216,3061,1);
INSERT INTO AlbumSong (album_id,song_id,format_id) VALUES(216,3061,2);
INSERT INTO Song (song_name,artist_id,duration) VALUES ("In the Blood",20,"00:03:07");
INSERT INTO AlbumSong (album_id,song_id,format_id) VALUES(216,3062,1);
INSERT INTO AlbumSong (album_id,song_id,format_id) VALUES(216,3062,2);
INSERT INTO Song (song_name,artist_id,duration) VALUES ("No Song III",20,"00:04:11");
INSERT INTO AlbumSong (album_id,song_id,format_id) VALUES(216,3063,1);
INSERT INTO AlbumSong (album_id,song_id,format_id) VALUES(216,3063,2);
INSERT INTO Song (song_name,artist_id,duration) VALUES ("Between Me & You Kid",20,"00:03:37");
INSERT INTO AlbumSong (album_id,song_id,format_id) VALUES(216,3064,1);
INSERT INTO AlbumSong (album_id,song_id,format_id) VALUES(216,3064,2);
INSERT INTO Song (song_name,artist_id,duration) VALUES ("Six Two One",20,"00:02:34");
INSERT INTO AlbumSong (album_id,song_id,format_id) VALUES(216,3065,1);
INSERT INTO AlbumSong (album_id,song_id,format_id) VALUES(216,3065,2);
INSERT INTO Song (song_name,artist_id,duration) VALUES ("Make It Now Again",20,"00:04:34");
INSERT INTO AlbumSong (album_id,song_id,format_id) VALUES(216,3066,1);
INSERT INTO AlbumSong (album_id,song_id,format_id) VALUES(216,3066,2);
INSERT INTO Song (song_name,artist_id,duration) VALUES ("Deception Pass",20,"00:02:53");
INSERT INTO AlbumSong (album_id,song_id,format_id) VALUES(216,3067,1);
INSERT INTO AlbumSong (album_id,song_id,format_id) VALUES(216,3067,2);
INSERT INTO Song (song_name,artist_id,duration) VALUES ("Underide",20,"00:02:07");
INSERT INTO AlbumSong (album_id,song_id,format_id) VALUES(216,3068,1);
INSERT INTO AlbumSong (album_id,song_id,format_id) VALUES(216,3068,2);
INSERT INTO Song (song_name,artist_id,duration) VALUES ("Judgement, Rage, Retribution and Thyme",20,"00:02:34");
INSERT INTO AlbumSong (album_id,song_id,format_id) VALUES(216,3069,1);
INSERT INTO AlbumSong (album_id,song_id,format_id) VALUES(216,3069,2);
INSERT INTO Song (song_name,artist_id,duration) VALUES ("Generation Spokesmodel",20,"00:02:32");
INSERT INTO AlbumSong (album_id,song_id,format_id) VALUES(216,3070,1);
INSERT INTO AlbumSong (album_id,song_id,format_id) VALUES(216,3070,2);
INSERT INTO Song (song_name,artist_id,duration) VALUES ("What Moves the Heart?",20,"00:03:12");
INSERT INTO AlbumSong (album_id,song_id,format_id) VALUES(216,3071,1);
INSERT INTO AlbumSong (album_id,song_id,format_id) VALUES(216,3071,2);
INSERT INTO Song (song_name,artist_id,duration) VALUES ("Today, Is a Good Day",20,"00:03:05");
INSERT INTO AlbumSong (album_id,song_id,format_id) VALUES(216,3072,1);
INSERT INTO AlbumSong (album_id,song_id,format_id) VALUES(216,3072,2);
INSERT INTO Song (song_name,artist_id,duration) VALUES ("Into Yer Shtik",20,"00:03:48");
INSERT INTO AlbumSong (album_id,song_id,format_id) VALUES(216,3073,1);
INSERT INTO AlbumSong (album_id,song_id,format_id) VALUES(216,3073,2);
INSERT INTO Song (song_name,artist_id,duration) VALUES ("In My Finest Suit",20,"00:04:56");
INSERT INTO AlbumSong (album_id,song_id,format_id) VALUES(216,3074,1);
INSERT INTO AlbumSong (album_id,song_id,format_id) VALUES(216,3074,2);
INSERT INTO Song (song_name,artist_id,duration) VALUES ("F.D.K. (Fearless Doctor Killers)",20,"00:02:16");
INSERT INTO AlbumSong (album_id,song_id,format_id) VALUES(216,3075,1);
INSERT INTO AlbumSong (album_id,song_id,format_id) VALUES(216,3075,2);
INSERT INTO Song (song_name,artist_id,duration) VALUES ("Orange Ball-Peen Hammer",20,"00:03:20");
INSERT INTO AlbumSong (album_id,song_id,format_id) VALUES(216,3076,1);
INSERT INTO AlbumSong (album_id,song_id,format_id) VALUES(216,3076,2);
INSERT INTO Song (song_name,artist_id,duration) VALUES ("Crankcase Blues",20,"00:03:06");
INSERT INTO AlbumSong (album_id,song_id,format_id) VALUES(216,3077,1);
INSERT INTO AlbumSong (album_id,song_id,format_id) VALUES(216,3077,2);
INSERT INTO Song (song_name,artist_id,duration) VALUES ("Execution Style",20,"00:02:22");
INSERT INTO AlbumSong (album_id,song_id,format_id) VALUES(216,3078,1);
INSERT INTO AlbumSong (album_id,song_id,format_id) VALUES(216,3078,2);
INSERT INTO Song (song_name,artist_id,duration) VALUES ("Dissolve",20,"00:03:16");
INSERT INTO AlbumSong (album_id,song_id,format_id) VALUES(216,3079,1);
INSERT INTO AlbumSong (album_id,song_id,format_id) VALUES(216,3079,2);
INSERT INTO Song (song_name,artist_id,duration) VALUES ("1995",20,"00:05:43");
INSERT INTO AlbumSong (album_id,song_id,format_id) VALUES(216,3080,1);
INSERT INTO AlbumSong (album_id,song_id,format_id) VALUES(216,3080,2);
INSERT INTO Song (song_name,artist_id,duration) VALUES ("Mudhoney Funky Butt",20,"00:01:21");
INSERT INTO AlbumSong (album_id,song_id,format_id) VALUES(216,3081,1);
INSERT INTO AlbumSong (album_id,song_id,format_id) VALUES(216,3081,2);
INSERT INTO Song (song_name,artist_id,duration) VALUES ("West Seattle Hardcore",20,"00:00:49");
INSERT INTO AlbumSong (album_id,song_id,format_id) VALUES(216,3082,1);
INSERT INTO AlbumSong (album_id,song_id,format_id) VALUES(216,3082,2);
INSERT INTO Song (song_name,artist_id,duration) VALUES ("Sissy Bar",20,"00:01:04");
INSERT INTO AlbumSong (album_id,song_id,format_id) VALUES(216,3083,1);
INSERT INTO AlbumSong (album_id,song_id,format_id) VALUES(216,3083,2);
INSERT INTO Song (song_name,artist_id,duration) VALUES ("Carjack '94",20,"00:01:16");
INSERT INTO AlbumSong (album_id,song_id,format_id) VALUES(216,3084,1);
INSERT INTO AlbumSong (album_id,song_id,format_id) VALUES(216,3084,2);
INSERT INTO Song (song_name,artist_id,duration) VALUES ("Sailor",20,"00:00:24");
INSERT INTO AlbumSong (album_id,song_id,format_id) VALUES(216,3085,1);
INSERT INTO AlbumSong (album_id,song_id,format_id) VALUES(216,3085,2);
INSERT INTO Song (song_name,artist_id,duration) VALUES ("Small Animals",20,"00:01:17");
INSERT INTO AlbumSong (album_id,song_id,format_id) VALUES(216,3086,1);
INSERT INTO AlbumSong (album_id,song_id,format_id) VALUES(216,3086,2);
INSERT INTO Song (song_name,artist_id,duration) VALUES ("Not Goin' Down That Road Again",20,"00:03:40");
INSERT INTO AlbumSong (album_id,song_id,format_id) VALUES(216,3087,1);
INSERT INTO AlbumSong (album_id,song_id,format_id) VALUES(216,3087,2);
INSERT INTO Song (song_name,artist_id,duration) VALUES ("Run S**Thead Run",20,"00:02:52");
INSERT INTO AlbumSong (album_id,song_id,format_id) VALUES(216,3088,1);
INSERT INTO AlbumSong (album_id,song_id,format_id) VALUES(216,3088,2);
INSERT INTO Song (song_name,artist_id,duration) VALUES ("Welcome to Dawn Overture, Parts III & IV of XVII (Goodbye Mo, Hello Lenny!) / Dialogue",20,"00:00:58");
INSERT INTO AlbumSong (album_id,song_id,format_id) VALUES(216,3089,1);
INSERT INTO AlbumSong (album_id,song_id,format_id) VALUES(216,3089,2);
INSERT INTO Song (song_name,artist_id,duration) VALUES ("Please Don't Forget About Us",20,"00:02:38");
INSERT INTO AlbumSong (album_id,song_id,format_id) VALUES(216,3090,1);
INSERT INTO AlbumSong (album_id,song_id,format_id) VALUES(216,3090,2);
INSERT INTO Song (song_name,artist_id,duration) VALUES ("Trademark of Quality (Editor's Note: Remember the Good Ol' Days?)",20,"00:02:39");
INSERT INTO AlbumSong (album_id,song_id,format_id) VALUES(216,3091,1);
INSERT INTO AlbumSong (album_id,song_id,format_id) VALUES(216,3091,2);
INSERT INTO Song (song_name,artist_id,duration) VALUES ("A Thousand Forms of Mind",20,"00:04:43");
INSERT INTO AlbumSong (album_id,song_id,format_id) VALUES(216,3092,1);
INSERT INTO AlbumSong (album_id,song_id,format_id) VALUES(216,3092,2);
INSERT INTO Album(album_id,album_name,artist_id,art_id,release_date) VALUES (216,"Real Low Vibe: The Reprise Recordings 1992-1998",20,216,"2021-11-05");
INSERT INTO AlbumArt(path) VALUES ("/var/www/album_art/mudhoney_pedazo_de_pastel.jpg");
INSERT INTO Song (song_name,artist_id,duration) VALUES ("Ritzville",20,"00:03:04");
INSERT INTO AlbumSong (album_id,song_id,format_id) VALUES(217,3093,1);
INSERT INTO AlbumSong (album_id,song_id,format_id) VALUES(217,3093,2);
INSERT INTO Song (song_name,artist_id,duration) VALUES ("Take Me There",20,"00:03:28");
INSERT INTO AlbumSong (album_id,song_id,format_id) VALUES(217,3094,1);
INSERT INTO AlbumSong (album_id,song_id,format_id) VALUES(217,3094,2);
INSERT INTO Song (song_name,artist_id,duration) VALUES ("Living Wreck",20,"00:03:22");
INSERT INTO AlbumSong (album_id,song_id,format_id) VALUES(217,3095,1);
INSERT INTO AlbumSong (album_id,song_id,format_id) VALUES(217,3095,2);
INSERT INTO Song (song_name,artist_id,duration) VALUES ("13th Floor Opening",20,"00:02:21");
INSERT INTO AlbumSong (album_id,song_id,format_id) VALUES(217,3096,1);
INSERT INTO AlbumSong (album_id,song_id,format_id) VALUES(217,3096,2);
INSERT INTO Song (song_name,artist_id,duration) VALUES ("Make It Now",20,"00:03:41");
INSERT INTO AlbumSong (album_id,song_id,format_id) VALUES(217,3097,1);
INSERT INTO AlbumSong (album_id,song_id,format_id) VALUES(217,3097,2);
INSERT INTO Song (song_name,artist_id,duration) VALUES ("Knock It on the Head",20,"00:03:59");
INSERT INTO AlbumSong (album_id,song_id,format_id) VALUES(217,3098,1);
INSERT INTO AlbumSong (album_id,song_id,format_id) VALUES(217,3098,2);
INSERT INTO Song (song_name,artist_id,duration) VALUES ("When in Rome",20,"00:03:51");
INSERT INTO AlbumSong (album_id,song_id,format_id) VALUES(217,3099,1);
INSERT INTO AlbumSong (album_id,song_id,format_id) VALUES(217,3099,2);
INSERT INTO Album(album_id,album_name,artist_id,art_id,release_date) VALUES (217,"Pedazo De Pastel",20,217,"2019-12-02");
INSERT INTO AlbumArt(path) VALUES ("/var/www/album_art/mudhoney_digital_garbage.jpg");
INSERT INTO Song (song_name,artist_id,duration) VALUES ("Nerve Attack",20,"00:02:45");
INSERT INTO AlbumSong (album_id,song_id,format_id) VALUES(218,3100,1);
INSERT INTO AlbumSong (album_id,song_id,format_id) VALUES(218,3100,2);
INSERT INTO Song (song_name,artist_id,duration) VALUES ("Paranoid Core",20,"00:02:31");
INSERT INTO AlbumSong (album_id,song_id,format_id) VALUES(218,3101,1);
INSERT INTO AlbumSong (album_id,song_id,format_id) VALUES(218,3101,2);
INSERT INTO Song (song_name,artist_id,duration) VALUES ("Please Mr. Gunman",20,"00:03:30");
INSERT INTO AlbumSong (album_id,song_id,format_id) VALUES(218,3102,1);
INSERT INTO AlbumSong (album_id,song_id,format_id) VALUES(218,3102,2);
INSERT INTO Song (song_name,artist_id,duration) VALUES ("Kill Yourself Live",20,"00:04:48");
INSERT INTO AlbumSong (album_id,song_id,format_id) VALUES(218,3103,1);
INSERT INTO AlbumSong (album_id,song_id,format_id) VALUES(218,3103,2);
INSERT INTO Song (song_name,artist_id,duration) VALUES ("Night and Fog",20,"00:04:04");
INSERT INTO AlbumSong (album_id,song_id,format_id) VALUES(218,3104,1);
INSERT INTO AlbumSong (album_id,song_id,format_id) VALUES(218,3104,2);
INSERT INTO Song (song_name,artist_id,duration) VALUES ("21st Century Pharisees",20,"00:02:35");
INSERT INTO AlbumSong (album_id,song_id,format_id) VALUES(218,3105,1);
INSERT INTO AlbumSong (album_id,song_id,format_id) VALUES(218,3105,2);
INSERT INTO Song (song_name,artist_id,duration) VALUES ("Hey Neanderfuck",20,"00:02:40");
INSERT INTO AlbumSong (album_id,song_id,format_id) VALUES(218,3106,1);
INSERT INTO AlbumSong (album_id,song_id,format_id) VALUES(218,3106,2);
INSERT INTO Song (song_name,artist_id,duration) VALUES ("Prosperity Gospel",20,"00:03:48");
INSERT INTO AlbumSong (album_id,song_id,format_id) VALUES(218,3107,1);
INSERT INTO AlbumSong (album_id,song_id,format_id) VALUES(218,3107,2);
INSERT INTO Song (song_name,artist_id,duration) VALUES ("Messiah's Lament",20,"00:03:04");
INSERT INTO AlbumSong (album_id,song_id,format_id) VALUES(218,3108,1);
INSERT INTO AlbumSong (album_id,song_id,format_id) VALUES(218,3108,2);
INSERT INTO Song (song_name,artist_id,duration) VALUES ("Next Mass Extinction",20,"00:03:25");
INSERT INTO AlbumSong (album_id,song_id,format_id) VALUES(218,3109,1);
INSERT INTO AlbumSong (album_id,song_id,format_id) VALUES(218,3109,2);
INSERT INTO Song (song_name,artist_id,duration) VALUES ("Oh Yeah",20,"00:01:29");
INSERT INTO AlbumSong (album_id,song_id,format_id) VALUES(218,3110,1);
INSERT INTO AlbumSong (album_id,song_id,format_id) VALUES(218,3110,2);
INSERT INTO Album(album_id,album_name,artist_id,art_id,release_date) VALUES (218,"Digital Garbage",20,218,"2018-09-28");
INSERT INTO AlbumArt(path) VALUES ("/var/www/album_art/mudhoney_lie_(live_in_europe).jpg");
INSERT INTO Song (song_name,artist_id,duration) VALUES ("Fuzz Gun '91 - Live in Europe",20,"00:01:42");
INSERT INTO AlbumSong (album_id,song_id,format_id) VALUES(219,3111,1);
INSERT INTO AlbumSong (album_id,song_id,format_id) VALUES(219,3111,2);
INSERT INTO Song (song_name,artist_id,duration) VALUES ("Get Into Yours - Live in Europe",20,"00:03:26");
INSERT INTO AlbumSong (album_id,song_id,format_id) VALUES(219,3112,1);
INSERT INTO AlbumSong (album_id,song_id,format_id) VALUES(219,3112,2);
INSERT INTO Song (song_name,artist_id,duration) VALUES ("Poisoned Water - Live in Europe",20,"00:02:30");
INSERT INTO AlbumSong (album_id,song_id,format_id) VALUES(219,3113,1);
INSERT INTO AlbumSong (album_id,song_id,format_id) VALUES(219,3113,2);
INSERT INTO Song (song_name,artist_id,duration) VALUES ("The Final Course - Live in Europe",20,"00:06:01");
INSERT INTO AlbumSong (album_id,song_id,format_id) VALUES(219,3114,1);
INSERT INTO AlbumSong (album_id,song_id,format_id) VALUES(219,3114,2);
INSERT INTO Song (song_name,artist_id,duration) VALUES ("What to Do With the Neutral - Live in Europe",20,"00:03:13");
INSERT INTO AlbumSong (album_id,song_id,format_id) VALUES(219,3115,1);
INSERT INTO AlbumSong (album_id,song_id,format_id) VALUES(219,3115,2);
INSERT INTO Song (song_name,artist_id,duration) VALUES ("I'm Now - Live in Europe",20,"00:02:42");
INSERT INTO AlbumSong (album_id,song_id,format_id) VALUES(219,3116,1);
INSERT INTO AlbumSong (album_id,song_id,format_id) VALUES(219,3116,2);
INSERT INTO Song (song_name,artist_id,duration) VALUES ("Judgement, Rage, Retribution and Thyme - Live in Europe",20,"00:02:37");
INSERT INTO AlbumSong (album_id,song_id,format_id) VALUES(219,3117,1);
INSERT INTO AlbumSong (album_id,song_id,format_id) VALUES(219,3117,2);
INSERT INTO Song (song_name,artist_id,duration) VALUES ("I Like It Small - Live in Europe",20,"00:02:51");
INSERT INTO AlbumSong (album_id,song_id,format_id) VALUES(219,3118,1);
INSERT INTO AlbumSong (album_id,song_id,format_id) VALUES(219,3118,2);
INSERT INTO Song (song_name,artist_id,duration) VALUES ("Suck You Dry - Live in Europe",20,"00:02:31");
INSERT INTO AlbumSong (album_id,song_id,format_id) VALUES(219,3119,1);
INSERT INTO AlbumSong (album_id,song_id,format_id) VALUES(219,3119,2);
INSERT INTO Song (song_name,artist_id,duration) VALUES ("Editions of You - Live in Europe",20,"00:03:35");
INSERT INTO AlbumSong (album_id,song_id,format_id) VALUES(219,3120,1);
INSERT INTO AlbumSong (album_id,song_id,format_id) VALUES(219,3120,2);
INSERT INTO Song (song_name,artist_id,duration) VALUES ("Broken Hands - Live in Europe",20,"00:07:19");
INSERT INTO AlbumSong (album_id,song_id,format_id) VALUES(219,3121,1);
INSERT INTO AlbumSong (album_id,song_id,format_id) VALUES(219,3121,2);
INSERT INTO Album(album_id,album_name,artist_id,art_id,release_date) VALUES (219,"LiE (Live in Europe)",20,219,"2018-01-19");
INSERT INTO AlbumArt(path) VALUES ("/var/www/album_art/mudhoney_vanishing_point.jpg");
INSERT INTO Song (song_name,artist_id,duration) VALUES ("Slipping Away",20,"00:04:44");
INSERT INTO AlbumSong (album_id,song_id,format_id) VALUES(220,3122,1);
INSERT INTO AlbumSong (album_id,song_id,format_id) VALUES(220,3122,2);
INSERT INTO Song (song_name,artist_id,duration) VALUES ("I Like It Small",20,"00:03:39");
INSERT INTO AlbumSong (album_id,song_id,format_id) VALUES(220,3123,1);
INSERT INTO AlbumSong (album_id,song_id,format_id) VALUES(220,3123,2);
INSERT INTO Song (song_name,artist_id,duration) VALUES ("What to Do with the Neutral",20,"00:03:28");
INSERT INTO AlbumSong (album_id,song_id,format_id) VALUES(220,3124,1);
INSERT INTO AlbumSong (album_id,song_id,format_id) VALUES(220,3124,2);
INSERT INTO Song (song_name,artist_id,duration) VALUES ("Chardonnay",20,"00:01:38");
INSERT INTO AlbumSong (album_id,song_id,format_id) VALUES(220,3125,1);
INSERT INTO AlbumSong (album_id,song_id,format_id) VALUES(220,3125,2);
INSERT INTO Song (song_name,artist_id,duration) VALUES ("The Final Course",20,"00:04:19");
INSERT INTO AlbumSong (album_id,song_id,format_id) VALUES(220,3126,1);
INSERT INTO AlbumSong (album_id,song_id,format_id) VALUES(220,3126,2);
INSERT INTO Song (song_name,artist_id,duration) VALUES ("In This Rubber Tomb",20,"00:03:33");
INSERT INTO AlbumSong (album_id,song_id,format_id) VALUES(220,3127,1);
INSERT INTO AlbumSong (album_id,song_id,format_id) VALUES(220,3127,2);
INSERT INTO Song (song_name,artist_id,duration) VALUES ("I Don't Remember You",20,"00:02:35");
INSERT INTO AlbumSong (album_id,song_id,format_id) VALUES(220,3128,1);
INSERT INTO AlbumSong (album_id,song_id,format_id) VALUES(220,3128,2);
INSERT INTO Song (song_name,artist_id,duration) VALUES ("The Only Son of the Widow from Nain",20,"00:02:45");
INSERT INTO AlbumSong (album_id,song_id,format_id) VALUES(220,3129,1);
INSERT INTO AlbumSong (album_id,song_id,format_id) VALUES(220,3129,2);
INSERT INTO Song (song_name,artist_id,duration) VALUES ("Sing This Song of Joy",20,"00:03:32");
INSERT INTO AlbumSong (album_id,song_id,format_id) VALUES(220,3130,1);
INSERT INTO AlbumSong (album_id,song_id,format_id) VALUES(220,3130,2);
INSERT INTO Song (song_name,artist_id,duration) VALUES ("Douchebags on Parade",20,"00:03:51");
INSERT INTO AlbumSong (album_id,song_id,format_id) VALUES(220,3131,1);
INSERT INTO AlbumSong (album_id,song_id,format_id) VALUES(220,3131,2);
INSERT INTO Album(album_id,album_name,artist_id,art_id,release_date) VALUES (220,"Vanishing Point",20,220,"2013-04-02");
INSERT INTO AlbumArt(path) VALUES ("/var/www/album_art/mudhoney_live_at_el_sol.jpg");
INSERT INTO Song (song_name,artist_id,duration) VALUES ("You Got It",20,"00:03:10");
INSERT INTO AlbumSong (album_id,song_id,format_id) VALUES(221,3132,1);
INSERT INTO AlbumSong (album_id,song_id,format_id) VALUES(221,3132,2);
INSERT INTO Song (song_name,artist_id,duration) VALUES ("Suck You Dry",20,"00:02:37");
INSERT INTO AlbumSong (album_id,song_id,format_id) VALUES(221,3133,1);
INSERT INTO AlbumSong (album_id,song_id,format_id) VALUES(221,3133,2);
INSERT INTO Song (song_name,artist_id,duration) VALUES ("It Is Us",20,"00:03:31");
INSERT INTO AlbumSong (album_id,song_id,format_id) VALUES(221,3134,1);
INSERT INTO AlbumSong (album_id,song_id,format_id) VALUES(221,3134,2);
INSERT INTO Song (song_name,artist_id,duration) VALUES ("Where Is The Future",20,"00:05:34");
INSERT INTO AlbumSong (album_id,song_id,format_id) VALUES(221,3135,1);
INSERT INTO AlbumSong (album_id,song_id,format_id) VALUES(221,3135,2);
INSERT INTO Song (song_name,artist_id,duration) VALUES ("Inside Job",20,"00:02:55");
INSERT INTO AlbumSong (album_id,song_id,format_id) VALUES(221,3136,1);
INSERT INTO AlbumSong (album_id,song_id,format_id) VALUES(221,3136,2);
INSERT INTO Song (song_name,artist_id,duration) VALUES ("No One Has",20,"00:03:41");
INSERT INTO AlbumSong (album_id,song_id,format_id) VALUES(221,3137,1);
INSERT INTO AlbumSong (album_id,song_id,format_id) VALUES(221,3137,2);
INSERT INTO Song (song_name,artist_id,duration) VALUES ("Sweet Young Thing Ain't Sweet No More",20,"00:04:08");
INSERT INTO AlbumSong (album_id,song_id,format_id) VALUES(221,3138,1);
INSERT INTO AlbumSong (album_id,song_id,format_id) VALUES(221,3138,2);
INSERT INTO Song (song_name,artist_id,duration) VALUES ("Touch Me I'm Sick",20,"00:02:36");
INSERT INTO AlbumSong (album_id,song_id,format_id) VALUES(221,3139,1);
INSERT INTO AlbumSong (album_id,song_id,format_id) VALUES(221,3139,2);
INSERT INTO Song (song_name,artist_id,duration) VALUES ("Where The Flavor Is",20,"00:03:29");
INSERT INTO AlbumSong (album_id,song_id,format_id) VALUES(221,3140,1);
INSERT INTO AlbumSong (album_id,song_id,format_id) VALUES(221,3140,2);
INSERT INTO Song (song_name,artist_id,duration) VALUES ("I Have To Laugh",20,"00:04:20");
INSERT INTO AlbumSong (album_id,song_id,format_id) VALUES(221,3141,1);
INSERT INTO AlbumSong (album_id,song_id,format_id) VALUES(221,3141,2);
INSERT INTO Song (song_name,artist_id,duration) VALUES ("Mudride",20,"00:07:25");
INSERT INTO AlbumSong (album_id,song_id,format_id) VALUES(221,3142,1);
INSERT INTO AlbumSong (album_id,song_id,format_id) VALUES(221,3142,2);
INSERT INTO Song (song_name,artist_id,duration) VALUES ("Into The Drink",20,"00:02:16");
INSERT INTO AlbumSong (album_id,song_id,format_id) VALUES(221,3143,1);
INSERT INTO AlbumSong (album_id,song_id,format_id) VALUES(221,3143,2);
INSERT INTO Song (song_name,artist_id,duration) VALUES ("Get Into Yours",20,"00:03:51");
INSERT INTO AlbumSong (album_id,song_id,format_id) VALUES(221,3144,1);
INSERT INTO AlbumSong (album_id,song_id,format_id) VALUES(221,3144,2);
INSERT INTO Song (song_name,artist_id,duration) VALUES ("Hard-On For War",20,"00:03:55");
INSERT INTO AlbumSong (album_id,song_id,format_id) VALUES(221,3145,1);
INSERT INTO AlbumSong (album_id,song_id,format_id) VALUES(221,3145,2);
INSERT INTO Song (song_name,artist_id,duration) VALUES ("In 'N' Out Of Grace",20,"00:06:56");
INSERT INTO AlbumSong (album_id,song_id,format_id) VALUES(221,3146,1);
INSERT INTO AlbumSong (album_id,song_id,format_id) VALUES(221,3146,2);
INSERT INTO Song (song_name,artist_id,duration) VALUES ("Hate The Police",20,"00:04:19");
INSERT INTO AlbumSong (album_id,song_id,format_id) VALUES(221,3147,1);
INSERT INTO AlbumSong (album_id,song_id,format_id) VALUES(221,3147,2);
INSERT INTO Song (song_name,artist_id,duration) VALUES ("The Money Will Roll Right In",20,"00:02:46");
INSERT INTO AlbumSong (album_id,song_id,format_id) VALUES(221,3148,1);
INSERT INTO AlbumSong (album_id,song_id,format_id) VALUES(221,3148,2);
INSERT INTO Song (song_name,artist_id,duration) VALUES ("Next Time",20,"00:03:21");
INSERT INTO AlbumSong (album_id,song_id,format_id) VALUES(221,3149,1);
INSERT INTO AlbumSong (album_id,song_id,format_id) VALUES(221,3149,2);
INSERT INTO Song (song_name,artist_id,duration) VALUES ("New Meaning",20,"00:02:21");
INSERT INTO AlbumSong (album_id,song_id,format_id) VALUES(221,3150,1);
INSERT INTO AlbumSong (album_id,song_id,format_id) VALUES(221,3150,2);
INSERT INTO Song (song_name,artist_id,duration) VALUES ("Fix Me",20,"00:01:25");
INSERT INTO AlbumSong (album_id,song_id,format_id) VALUES(221,3151,1);
INSERT INTO AlbumSong (album_id,song_id,format_id) VALUES(221,3151,2);
INSERT INTO Song (song_name,artist_id,duration) VALUES ("Tales Of Terror",20,"00:03:40");
INSERT INTO AlbumSong (album_id,song_id,format_id) VALUES(221,3152,1);
INSERT INTO AlbumSong (album_id,song_id,format_id) VALUES(221,3152,2);
INSERT INTO Album(album_id,album_name,artist_id,art_id,release_date) VALUES (221,"Live At El Sol",20,221,"2009-10-05");
INSERT INTO AlbumArt(path) VALUES ("/var/www/album_art/mudhoney_the_lucky_ones.jpg");
INSERT INTO Song (song_name,artist_id,duration) VALUES ("I'm Now",20,"00:02:40");
INSERT INTO AlbumSong (album_id,song_id,format_id) VALUES(222,3153,1);
INSERT INTO AlbumSong (album_id,song_id,format_id) VALUES(222,3153,2);
INSERT INTO Song (song_name,artist_id,duration) VALUES ("Inside Out Over You",20,"00:03:25");
INSERT INTO AlbumSong (album_id,song_id,format_id) VALUES(222,3154,1);
INSERT INTO AlbumSong (album_id,song_id,format_id) VALUES(222,3154,2);
INSERT INTO Song (song_name,artist_id,duration) VALUES ("The Lucky Ones",20,"00:04:52");
INSERT INTO AlbumSong (album_id,song_id,format_id) VALUES(222,3155,1);
INSERT INTO AlbumSong (album_id,song_id,format_id) VALUES(222,3155,2);
INSERT INTO Song (song_name,artist_id,duration) VALUES ("Next Time",20,"00:03:01");
INSERT INTO AlbumSong (album_id,song_id,format_id) VALUES(222,3156,1);
INSERT INTO AlbumSong (album_id,song_id,format_id) VALUES(222,3156,2);
INSERT INTO Song (song_name,artist_id,duration) VALUES ("And the Shimmering Light",20,"00:03:05");
INSERT INTO AlbumSong (album_id,song_id,format_id) VALUES(222,3157,1);
INSERT INTO AlbumSong (album_id,song_id,format_id) VALUES(222,3157,2);
INSERT INTO Song (song_name,artist_id,duration) VALUES ("The Open Mind",20,"00:02:26");
INSERT INTO AlbumSong (album_id,song_id,format_id) VALUES(222,3158,1);
INSERT INTO AlbumSong (album_id,song_id,format_id) VALUES(222,3158,2);
INSERT INTO Song (song_name,artist_id,duration) VALUES ("What's This Thing?",20,"00:02:53");
INSERT INTO AlbumSong (album_id,song_id,format_id) VALUES(222,3159,1);
INSERT INTO AlbumSong (album_id,song_id,format_id) VALUES(222,3159,2);
INSERT INTO Song (song_name,artist_id,duration) VALUES ("Running Out",20,"00:03:28");
INSERT INTO AlbumSong (album_id,song_id,format_id) VALUES(222,3160,1);
INSERT INTO AlbumSong (album_id,song_id,format_id) VALUES(222,3160,2);
INSERT INTO Song (song_name,artist_id,duration) VALUES ("Tales Of Terror",20,"00:03:17");
INSERT INTO AlbumSong (album_id,song_id,format_id) VALUES(222,3161,1);
INSERT INTO AlbumSong (album_id,song_id,format_id) VALUES(222,3161,2);
INSERT INTO Song (song_name,artist_id,duration) VALUES ("We Are Rising",20,"00:04:30");
INSERT INTO AlbumSong (album_id,song_id,format_id) VALUES(222,3162,1);
INSERT INTO AlbumSong (album_id,song_id,format_id) VALUES(222,3162,2);
INSERT INTO Song (song_name,artist_id,duration) VALUES ("New Meaning",20,"00:02:39");
INSERT INTO AlbumSong (album_id,song_id,format_id) VALUES(222,3163,1);
INSERT INTO AlbumSong (album_id,song_id,format_id) VALUES(222,3163,2);
INSERT INTO Album(album_id,album_name,artist_id,art_id,release_date) VALUES (222,"The Lucky Ones",20,222,"2008-05-20");
INSERT INTO AlbumArt(path) VALUES ("/var/www/album_art/mudhoney_live_mud.jpg");
INSERT INTO Song (song_name,artist_id,duration) VALUES ("Mudride - Live",20,"00:06:37");
INSERT INTO AlbumSong (album_id,song_id,format_id) VALUES(223,3164,1);
INSERT INTO AlbumSong (album_id,song_id,format_id) VALUES(223,3164,2);
INSERT INTO Song (song_name,artist_id,duration) VALUES ("The Straight Life - Live",20,"00:03:08");
INSERT INTO AlbumSong (album_id,song_id,format_id) VALUES(223,3165,1);
INSERT INTO AlbumSong (album_id,song_id,format_id) VALUES(223,3165,2);
INSERT INTO Song (song_name,artist_id,duration) VALUES ("I Saw the Light - Live",20,"00:02:23");
INSERT INTO AlbumSong (album_id,song_id,format_id) VALUES(223,3166,1);
INSERT INTO AlbumSong (album_id,song_id,format_id) VALUES(223,3166,2);
INSERT INTO Song (song_name,artist_id,duration) VALUES ("No One Has - Live",20,"00:03:31");
INSERT INTO AlbumSong (album_id,song_id,format_id) VALUES(223,3167,1);
INSERT INTO AlbumSong (album_id,song_id,format_id) VALUES(223,3167,2);
INSERT INTO Song (song_name,artist_id,duration) VALUES ("Our Time Is Now - Live",20,"00:03:17");
INSERT INTO AlbumSong (album_id,song_id,format_id) VALUES(223,3168,1);
INSERT INTO AlbumSong (album_id,song_id,format_id) VALUES(223,3168,2);
INSERT INTO Song (song_name,artist_id,duration) VALUES ("Touch Me I'm Sick - Live",20,"00:02:41");
INSERT INTO AlbumSong (album_id,song_id,format_id) VALUES(223,3169,1);
INSERT INTO AlbumSong (album_id,song_id,format_id) VALUES(223,3169,2);
INSERT INTO Song (song_name,artist_id,duration) VALUES ("On the Move - Live",20,"00:04:37");
INSERT INTO AlbumSong (album_id,song_id,format_id) VALUES(223,3170,1);
INSERT INTO AlbumSong (album_id,song_id,format_id) VALUES(223,3170,2);
INSERT INTO Song (song_name,artist_id,duration) VALUES ("Suck You Dry - Live",20,"00:02:32");
INSERT INTO AlbumSong (album_id,song_id,format_id) VALUES(223,3171,1);
INSERT INTO AlbumSong (album_id,song_id,format_id) VALUES(223,3171,2);
INSERT INTO Song (song_name,artist_id,duration) VALUES ("Hard-on for War - Live",20,"00:03:43");
INSERT INTO AlbumSong (album_id,song_id,format_id) VALUES(223,3172,1);
INSERT INTO AlbumSong (album_id,song_id,format_id) VALUES(223,3172,2);
INSERT INTO Song (song_name,artist_id,duration) VALUES ("In & Out of Grace - Live",20,"00:05:16");
INSERT INTO AlbumSong (album_id,song_id,format_id) VALUES(223,3173,1);
INSERT INTO AlbumSong (album_id,song_id,format_id) VALUES(223,3173,2);
INSERT INTO Song (song_name,artist_id,duration) VALUES ("Hate the Police - Live",20,"00:02:24");
INSERT INTO AlbumSong (album_id,song_id,format_id) VALUES(223,3174,1);
INSERT INTO AlbumSong (album_id,song_id,format_id) VALUES(223,3174,2);
INSERT INTO Album(album_id,album_name,artist_id,art_id,release_date) VALUES (223,"Live Mud",20,223,"2007-11-06");
INSERT INTO AlbumArt(path) VALUES ("/var/www/album_art/mudhoney_under_a_billion_suns.jpg");
INSERT INTO Song (song_name,artist_id,duration) VALUES ("Where Is The Future",20,"00:05:38");
INSERT INTO AlbumSong (album_id,song_id,format_id) VALUES(224,3175,1);
INSERT INTO AlbumSong (album_id,song_id,format_id) VALUES(224,3175,2);
INSERT INTO Song (song_name,artist_id,duration) VALUES ("It Is Us",20,"00:03:28");
INSERT INTO AlbumSong (album_id,song_id,format_id) VALUES(224,3176,1);
INSERT INTO AlbumSong (album_id,song_id,format_id) VALUES(224,3176,2);
INSERT INTO Song (song_name,artist_id,duration) VALUES ("I Saw The Light",20,"00:02:23");
INSERT INTO AlbumSong (album_id,song_id,format_id) VALUES(224,3177,1);
INSERT INTO AlbumSong (album_id,song_id,format_id) VALUES(224,3177,2);
INSERT INTO Song (song_name,artist_id,duration) VALUES ("Endless Yesterday",20,"00:04:02");
INSERT INTO AlbumSong (album_id,song_id,format_id) VALUES(224,3178,1);
INSERT INTO AlbumSong (album_id,song_id,format_id) VALUES(224,3178,2);
INSERT INTO Song (song_name,artist_id,duration) VALUES ("Empty Shells",20,"00:02:38");
INSERT INTO AlbumSong (album_id,song_id,format_id) VALUES(224,3179,1);
INSERT INTO AlbumSong (album_id,song_id,format_id) VALUES(224,3179,2);
INSERT INTO Song (song_name,artist_id,duration) VALUES ("Hard On For War",20,"00:03:57");
INSERT INTO AlbumSong (album_id,song_id,format_id) VALUES(224,3180,1);
INSERT INTO AlbumSong (album_id,song_id,format_id) VALUES(224,3180,2);
INSERT INTO Song (song_name,artist_id,duration) VALUES ("A Brief Celebration Of Indifference",20,"00:02:06");
INSERT INTO AlbumSong (album_id,song_id,format_id) VALUES(224,3181,1);
INSERT INTO AlbumSong (album_id,song_id,format_id) VALUES(224,3181,2);
INSERT INTO Song (song_name,artist_id,duration) VALUES ("Let's Drop In",20,"00:04:40");
INSERT INTO AlbumSong (album_id,song_id,format_id) VALUES(224,3182,1);
INSERT INTO AlbumSong (album_id,song_id,format_id) VALUES(224,3182,2);
INSERT INTO Song (song_name,artist_id,duration) VALUES ("On The Move",20,"00:04:46");
INSERT INTO AlbumSong (album_id,song_id,format_id) VALUES(224,3183,1);
INSERT INTO AlbumSong (album_id,song_id,format_id) VALUES(224,3183,2);
INSERT INTO Song (song_name,artist_id,duration) VALUES ("In Search Of",20,"00:05:02");
INSERT INTO AlbumSong (album_id,song_id,format_id) VALUES(224,3184,1);
INSERT INTO AlbumSong (album_id,song_id,format_id) VALUES(224,3184,2);
INSERT INTO Song (song_name,artist_id,duration) VALUES ("Blindspots",20,"00:05:37");
INSERT INTO AlbumSong (album_id,song_id,format_id) VALUES(224,3185,1);
INSERT INTO AlbumSong (album_id,song_id,format_id) VALUES(224,3185,2);
INSERT INTO Album(album_id,album_name,artist_id,art_id,release_date) VALUES (224,"Under A Billion Suns",20,224,"2006-03-07");
INSERT INTO AlbumArt(path) VALUES ("/var/www/album_art/mudhoney_since_we've_become_translucent.jpg");
INSERT INTO Song (song_name,artist_id,duration) VALUES ("Baby, Can You Dig The Light",20,"00:08:26");
INSERT INTO AlbumSong (album_id,song_id,format_id) VALUES(225,3186,1);
INSERT INTO AlbumSong (album_id,song_id,format_id) VALUES(225,3186,2);
INSERT INTO Song (song_name,artist_id,duration) VALUES ("The Straight Life",20,"00:03:33");
INSERT INTO AlbumSong (album_id,song_id,format_id) VALUES(225,3187,1);
INSERT INTO AlbumSong (album_id,song_id,format_id) VALUES(225,3187,2);
INSERT INTO Song (song_name,artist_id,duration) VALUES ("Where The Flavor Is",20,"00:03:34");
INSERT INTO AlbumSong (album_id,song_id,format_id) VALUES(225,3188,1);
INSERT INTO AlbumSong (album_id,song_id,format_id) VALUES(225,3188,2);
INSERT INTO Song (song_name,artist_id,duration) VALUES ("In The Winner's Circle",20,"00:04:27");
INSERT INTO AlbumSong (album_id,song_id,format_id) VALUES(225,3189,1);
INSERT INTO AlbumSong (album_id,song_id,format_id) VALUES(225,3189,2);
INSERT INTO Song (song_name,artist_id,duration) VALUES ("Our Time Is Now",20,"00:03:39");
INSERT INTO AlbumSong (album_id,song_id,format_id) VALUES(225,3190,1);
INSERT INTO AlbumSong (album_id,song_id,format_id) VALUES(225,3190,2);
INSERT INTO Song (song_name,artist_id,duration) VALUES ("Dyin' For It",20,"00:04:54");
INSERT INTO AlbumSong (album_id,song_id,format_id) VALUES(225,3191,1);
INSERT INTO AlbumSong (album_id,song_id,format_id) VALUES(225,3191,2);
INSERT INTO Song (song_name,artist_id,duration) VALUES ("Inside Job",20,"00:02:52");
INSERT INTO AlbumSong (album_id,song_id,format_id) VALUES(225,3192,1);
INSERT INTO AlbumSong (album_id,song_id,format_id) VALUES(225,3192,2);
INSERT INTO Song (song_name,artist_id,duration) VALUES ("Take It Like A Man",20,"00:02:35");
INSERT INTO AlbumSong (album_id,song_id,format_id) VALUES(225,3193,1);
INSERT INTO AlbumSong (album_id,song_id,format_id) VALUES(225,3193,2);
INSERT INTO Song (song_name,artist_id,duration) VALUES ("Crooked And Wide",20,"00:04:54");
INSERT INTO AlbumSong (album_id,song_id,format_id) VALUES(225,3194,1);
INSERT INTO AlbumSong (album_id,song_id,format_id) VALUES(225,3194,2);
INSERT INTO Song (song_name,artist_id,duration) VALUES ("Sonic Infusion",20,"00:07:40");
INSERT INTO AlbumSong (album_id,song_id,format_id) VALUES(225,3195,1);
INSERT INTO AlbumSong (album_id,song_id,format_id) VALUES(225,3195,2);
INSERT INTO Album(album_id,album_name,artist_id,art_id,release_date) VALUES (225,"Since We've Become Translucent",20,225,"2002-08-20");
INSERT INTO AlbumArt(path) VALUES ("/var/www/album_art/mudhoney_tomorrow_hit_today.jpg");
INSERT INTO AlbumSong (album_id,song_id,format_id) VALUES(226,3092,1);
INSERT INTO AlbumSong (album_id,song_id,format_id) VALUES(226,3092,2);
INSERT INTO Song (song_name,artist_id,duration) VALUES ("I Have to Laugh",20,"00:03:29");
INSERT INTO AlbumSong (album_id,song_id,format_id) VALUES(226,3196,1);
INSERT INTO AlbumSong (album_id,song_id,format_id) VALUES(226,3196,2);
INSERT INTO Song (song_name,artist_id,duration) VALUES ("Oblivion / (Symbol for Infinity)",20,"00:03:27");
INSERT INTO AlbumSong (album_id,song_id,format_id) VALUES(226,3197,1);
INSERT INTO AlbumSong (album_id,song_id,format_id) VALUES(226,3197,2);
INSERT INTO Song (song_name,artist_id,duration) VALUES ("Try to Be Kind",20,"00:02:56");
INSERT INTO AlbumSong (album_id,song_id,format_id) VALUES(226,3198,1);
INSERT INTO AlbumSong (album_id,song_id,format_id) VALUES(226,3198,2);
INSERT INTO Song (song_name,artist_id,duration) VALUES ("Poisoned Water",20,"00:02:45");
INSERT INTO AlbumSong (album_id,song_id,format_id) VALUES(226,3199,1);
INSERT INTO AlbumSong (album_id,song_id,format_id) VALUES(226,3199,2);
INSERT INTO Song (song_name,artist_id,duration) VALUES ("Real Low Vibe",20,"00:02:55");
INSERT INTO AlbumSong (album_id,song_id,format_id) VALUES(226,3200,1);
INSERT INTO AlbumSong (album_id,song_id,format_id) VALUES(226,3200,2);
INSERT INTO Song (song_name,artist_id,duration) VALUES ("This Is the Life",20,"00:03:32");
INSERT INTO AlbumSong (album_id,song_id,format_id) VALUES(226,3201,1);
INSERT INTO AlbumSong (album_id,song_id,format_id) VALUES(226,3201,2);
INSERT INTO Song (song_name,artist_id,duration) VALUES ("Night of the Hunted",20,"00:03:04");
INSERT INTO AlbumSong (album_id,song_id,format_id) VALUES(226,3202,1);
INSERT INTO AlbumSong (album_id,song_id,format_id) VALUES(226,3202,2);
INSERT INTO Song (song_name,artist_id,duration) VALUES ("Move with the Wind",20,"00:03:48");
INSERT INTO AlbumSong (album_id,song_id,format_id) VALUES(226,3203,1);
INSERT INTO AlbumSong (album_id,song_id,format_id) VALUES(226,3203,2);
INSERT INTO Song (song_name,artist_id,duration) VALUES ("Ghost",20,"00:04:34");
INSERT INTO AlbumSong (album_id,song_id,format_id) VALUES(226,3204,1);
INSERT INTO AlbumSong (album_id,song_id,format_id) VALUES(226,3204,2);
INSERT INTO Song (song_name,artist_id,duration) VALUES ("I Will Fight No More Forever",20,"00:02:54");
INSERT INTO AlbumSong (album_id,song_id,format_id) VALUES(226,3205,1);
INSERT INTO AlbumSong (album_id,song_id,format_id) VALUES(226,3205,2);
INSERT INTO Song (song_name,artist_id,duration) VALUES ("Beneath the Valley of the Underdog / Talkin' Randy Tate's... (Hidden Track)",20,"00:08:39");
INSERT INTO AlbumSong (album_id,song_id,format_id) VALUES(226,3206,1);
INSERT INTO AlbumSong (album_id,song_id,format_id) VALUES(226,3206,2);
INSERT INTO Album(album_id,album_name,artist_id,art_id,release_date) VALUES (226,"Tomorrow Hit Today",20,226,"1998-09-11");
INSERT INTO AlbumArt(path) VALUES ("/var/www/album_art/mudhoney_my_brother_the_cow.jpg");
INSERT INTO Song (song_name,artist_id,duration) VALUES ("Judgement, Rage, Retribution and Thyme - 2003 Remaster",20,"00:02:34");
INSERT INTO AlbumSong (album_id,song_id,format_id) VALUES(227,3207,1);
INSERT INTO AlbumSong (album_id,song_id,format_id) VALUES(227,3207,2);
INSERT INTO Song (song_name,artist_id,duration) VALUES ("Generation Spokesmodel - 2003 Remaster",20,"00:02:31");
INSERT INTO AlbumSong (album_id,song_id,format_id) VALUES(227,3208,1);
INSERT INTO AlbumSong (album_id,song_id,format_id) VALUES(227,3208,2);
INSERT INTO Song (song_name,artist_id,duration) VALUES ("What Moves the Heart? - 2003 Remaster",20,"00:03:11");
INSERT INTO AlbumSong (album_id,song_id,format_id) VALUES(227,3209,1);
INSERT INTO AlbumSong (album_id,song_id,format_id) VALUES(227,3209,2);
INSERT INTO Song (song_name,artist_id,duration) VALUES ("Today, Is a Good Day - 2003 Remaster",20,"00:03:04");
INSERT INTO AlbumSong (album_id,song_id,format_id) VALUES(227,3210,1);
INSERT INTO AlbumSong (album_id,song_id,format_id) VALUES(227,3210,2);
INSERT INTO Song (song_name,artist_id,duration) VALUES ("Into Yer Shtik - 2003 Remaster",20,"00:03:47");
INSERT INTO AlbumSong (album_id,song_id,format_id) VALUES(227,3211,1);
INSERT INTO AlbumSong (album_id,song_id,format_id) VALUES(227,3211,2);
INSERT INTO Song (song_name,artist_id,duration) VALUES ("In My Finest Suit - 2003 Remaster",20,"00:04:56");
INSERT INTO AlbumSong (album_id,song_id,format_id) VALUES(227,3212,1);
INSERT INTO AlbumSong (album_id,song_id,format_id) VALUES(227,3212,2);
INSERT INTO Song (song_name,artist_id,duration) VALUES ("F.D.K. (Fearless Doctor Killers) - 2003 Remaster",20,"00:02:16");
INSERT INTO AlbumSong (album_id,song_id,format_id) VALUES(227,3213,1);
INSERT INTO AlbumSong (album_id,song_id,format_id) VALUES(227,3213,2);
INSERT INTO Song (song_name,artist_id,duration) VALUES ("Orange Ball-Peen Hammer - 2003 Remaster",20,"00:03:20");
INSERT INTO AlbumSong (album_id,song_id,format_id) VALUES(227,3214,1);
INSERT INTO AlbumSong (album_id,song_id,format_id) VALUES(227,3214,2);
INSERT INTO Song (song_name,artist_id,duration) VALUES ("Crankcase Blues - 2003 Remaster",20,"00:03:05");
INSERT INTO AlbumSong (album_id,song_id,format_id) VALUES(227,3215,1);
INSERT INTO AlbumSong (album_id,song_id,format_id) VALUES(227,3215,2);
INSERT INTO Song (song_name,artist_id,duration) VALUES ("Execution Style - 2003 Remaster",20,"00:02:22");
INSERT INTO AlbumSong (album_id,song_id,format_id) VALUES(227,3216,1);
INSERT INTO AlbumSong (album_id,song_id,format_id) VALUES(227,3216,2);
INSERT INTO Song (song_name,artist_id,duration) VALUES ("Dissolve - 2003 Remaster",20,"00:03:16");
INSERT INTO AlbumSong (album_id,song_id,format_id) VALUES(227,3217,1);
INSERT INTO AlbumSong (album_id,song_id,format_id) VALUES(227,3217,2);
INSERT INTO Song (song_name,artist_id,duration) VALUES ("1995 - 2003 Remaster",20,"00:05:42");
INSERT INTO AlbumSong (album_id,song_id,format_id) VALUES(227,3218,1);
INSERT INTO AlbumSong (album_id,song_id,format_id) VALUES(227,3218,2);
INSERT INTO Album(album_id,album_name,artist_id,art_id,release_date) VALUES (227,"My Brother The Cow",20,227,"1995-01-01");
INSERT INTO AlbumArt(path) VALUES ("/var/www/album_art/mudhoney_my_brother_the_cow_[expanded].jpg");
INSERT INTO AlbumSong (album_id,song_id,format_id) VALUES(228,3207,1);
INSERT INTO AlbumSong (album_id,song_id,format_id) VALUES(228,3207,2);
INSERT INTO Song (song_name,artist_id,duration) VALUES ("Generation Spokesmodel - 2003 Remaster",20,"00:02:32");
INSERT INTO AlbumSong (album_id,song_id,format_id) VALUES(228,3219,1);
INSERT INTO AlbumSong (album_id,song_id,format_id) VALUES(228,3219,2);
INSERT INTO Song (song_name,artist_id,duration) VALUES ("What Moves the Heart? - 2003 Remaster",20,"00:03:12");
INSERT INTO AlbumSong (album_id,song_id,format_id) VALUES(228,3220,1);
INSERT INTO AlbumSong (album_id,song_id,format_id) VALUES(228,3220,2);
INSERT INTO Song (song_name,artist_id,duration) VALUES ("Today, Is a Good Day - 2003 Remaster",20,"00:03:05");
INSERT INTO AlbumSong (album_id,song_id,format_id) VALUES(228,3221,1);
INSERT INTO AlbumSong (album_id,song_id,format_id) VALUES(228,3221,2);
INSERT INTO Song (song_name,artist_id,duration) VALUES ("Into Yer Shtik - 2003 Remaster",20,"00:03:48");
INSERT INTO AlbumSong (album_id,song_id,format_id) VALUES(228,3222,1);
INSERT INTO AlbumSong (album_id,song_id,format_id) VALUES(228,3222,2);
INSERT INTO AlbumSong (album_id,song_id,format_id) VALUES(228,3212,1);
INSERT INTO AlbumSong (album_id,song_id,format_id) VALUES(228,3212,2);
INSERT INTO AlbumSong (album_id,song_id,format_id) VALUES(228,3213,1);
INSERT INTO AlbumSong (album_id,song_id,format_id) VALUES(228,3213,2);
INSERT INTO AlbumSong (album_id,song_id,format_id) VALUES(228,3214,1);
INSERT INTO AlbumSong (album_id,song_id,format_id) VALUES(228,3214,2);
INSERT INTO Song (song_name,artist_id,duration) VALUES ("Crankcase Blues - 2003 Remaster",20,"00:03:06");
INSERT INTO AlbumSong (album_id,song_id,format_id) VALUES(228,3223,1);
INSERT INTO AlbumSong (album_id,song_id,format_id) VALUES(228,3223,2);
INSERT INTO AlbumSong (album_id,song_id,format_id) VALUES(228,3216,1);
INSERT INTO AlbumSong (album_id,song_id,format_id) VALUES(228,3216,2);
INSERT INTO AlbumSong (album_id,song_id,format_id) VALUES(228,3217,1);
INSERT INTO AlbumSong (album_id,song_id,format_id) VALUES(228,3217,2);
INSERT INTO Song (song_name,artist_id,duration) VALUES ("1995 - 2003 Remaster",20,"00:05:43");
INSERT INTO AlbumSong (album_id,song_id,format_id) VALUES(228,3224,1);
INSERT INTO AlbumSong (album_id,song_id,format_id) VALUES(228,3224,2);
INSERT INTO Song (song_name,artist_id,duration) VALUES ("Mudhoney Funky Butt - 2003 Remaster",20,"00:01:21");
INSERT INTO AlbumSong (album_id,song_id,format_id) VALUES(228,3225,1);
INSERT INTO AlbumSong (album_id,song_id,format_id) VALUES(228,3225,2);
INSERT INTO Song (song_name,artist_id,duration) VALUES ("West Seattle Hardcore - 2003 Remaster",20,"00:00:49");
INSERT INTO AlbumSong (album_id,song_id,format_id) VALUES(228,3226,1);
INSERT INTO AlbumSong (album_id,song_id,format_id) VALUES(228,3226,2);
INSERT INTO Song (song_name,artist_id,duration) VALUES ("Sissy Bar - 2003 Remaster",20,"00:01:04");
INSERT INTO AlbumSong (album_id,song_id,format_id) VALUES(228,3227,1);
INSERT INTO AlbumSong (album_id,song_id,format_id) VALUES(228,3227,2);
INSERT INTO Song (song_name,artist_id,duration) VALUES ("Carjack '94 - 2003 Remaster",20,"00:01:16");
INSERT INTO AlbumSong (album_id,song_id,format_id) VALUES(228,3228,1);
INSERT INTO AlbumSong (album_id,song_id,format_id) VALUES(228,3228,2);
INSERT INTO Song (song_name,artist_id,duration) VALUES ("Sailor - 2003 Remaster",20,"00:00:24");
INSERT INTO AlbumSong (album_id,song_id,format_id) VALUES(228,3229,1);
INSERT INTO AlbumSong (album_id,song_id,format_id) VALUES(228,3229,2);
INSERT INTO Song (song_name,artist_id,duration) VALUES ("Small Animals - 2003 Remaster",20,"00:01:17");
INSERT INTO AlbumSong (album_id,song_id,format_id) VALUES(228,3230,1);
INSERT INTO AlbumSong (album_id,song_id,format_id) VALUES(228,3230,2);
INSERT INTO Song (song_name,artist_id,duration) VALUES ("Not Goin' Down That Road Again - 2003 Remaster",20,"00:03:40");
INSERT INTO AlbumSong (album_id,song_id,format_id) VALUES(228,3231,1);
INSERT INTO AlbumSong (album_id,song_id,format_id) VALUES(228,3231,2);
INSERT INTO Album(album_id,album_name,artist_id,art_id,release_date) VALUES (228,"My Brother The Cow [Expanded]",20,228,"1995-01-01");
INSERT INTO AlbumArt(path) VALUES ("/var/www/album_art/mudhoney_five_dollar_bob's_mock_cooter_stew.jpg");
INSERT INTO AlbumSong (album_id,song_id,format_id) VALUES(229,3062,1);
INSERT INTO AlbumSong (album_id,song_id,format_id) VALUES(229,3062,2);
INSERT INTO AlbumSong (album_id,song_id,format_id) VALUES(229,3063,1);
INSERT INTO AlbumSong (album_id,song_id,format_id) VALUES(229,3063,2);
INSERT INTO AlbumSong (album_id,song_id,format_id) VALUES(229,3064,1);
INSERT INTO AlbumSong (album_id,song_id,format_id) VALUES(229,3064,2);
INSERT INTO AlbumSong (album_id,song_id,format_id) VALUES(229,3065,1);
INSERT INTO AlbumSong (album_id,song_id,format_id) VALUES(229,3065,2);
INSERT INTO AlbumSong (album_id,song_id,format_id) VALUES(229,3066,1);
INSERT INTO AlbumSong (album_id,song_id,format_id) VALUES(229,3066,2);
INSERT INTO AlbumSong (album_id,song_id,format_id) VALUES(229,3067,1);
INSERT INTO AlbumSong (album_id,song_id,format_id) VALUES(229,3067,2);
INSERT INTO AlbumSong (album_id,song_id,format_id) VALUES(229,3068,1);
INSERT INTO AlbumSong (album_id,song_id,format_id) VALUES(229,3068,2);
INSERT INTO Album(album_id,album_name,artist_id,art_id,release_date) VALUES (229,"Five Dollar Bob's Mock Cooter Stew",20,229,"1993-10-22");
INSERT INTO AlbumArt(path) VALUES ("/var/www/album_art/mudhoney_piece_of_cake_[expanded].jpg");
INSERT INTO Song (song_name,artist_id,duration) VALUES ("Untitled 1 - 2008 Remaster",20,"00:00:38");
INSERT INTO AlbumSong (album_id,song_id,format_id) VALUES(230,3232,1);
INSERT INTO AlbumSong (album_id,song_id,format_id) VALUES(230,3232,2);
INSERT INTO Song (song_name,artist_id,duration) VALUES ("No End in Sight - 2008 Remaster",20,"00:03:33");
INSERT INTO AlbumSong (album_id,song_id,format_id) VALUES(230,3233,1);
INSERT INTO AlbumSong (album_id,song_id,format_id) VALUES(230,3233,2);
INSERT INTO Song (song_name,artist_id,duration) VALUES ("Make It Now - 2008 Remaster",20,"00:04:25");
INSERT INTO AlbumSong (album_id,song_id,format_id) VALUES(230,3234,1);
INSERT INTO AlbumSong (album_id,song_id,format_id) VALUES(230,3234,2);
INSERT INTO Song (song_name,artist_id,duration) VALUES ("When in Rome - 2008 Remaster",20,"00:03:54");
INSERT INTO AlbumSong (album_id,song_id,format_id) VALUES(230,3235,1);
INSERT INTO AlbumSong (album_id,song_id,format_id) VALUES(230,3235,2);
INSERT INTO Song (song_name,artist_id,duration) VALUES ("Untitled 2 - 2008 Remaster",20,"00:00:25");
INSERT INTO AlbumSong (album_id,song_id,format_id) VALUES(230,3236,1);
INSERT INTO AlbumSong (album_id,song_id,format_id) VALUES(230,3236,2);
INSERT INTO Song (song_name,artist_id,duration) VALUES ("Suck You Dry - 2008 Remaster",20,"00:02:34");
INSERT INTO AlbumSong (album_id,song_id,format_id) VALUES(230,3237,1);
INSERT INTO AlbumSong (album_id,song_id,format_id) VALUES(230,3237,2);
INSERT INTO Song (song_name,artist_id,duration) VALUES ("Blinding Sun - 2008 Remaster",20,"00:03:38");
INSERT INTO AlbumSong (album_id,song_id,format_id) VALUES(230,3238,1);
INSERT INTO AlbumSong (album_id,song_id,format_id) VALUES(230,3238,2);
INSERT INTO Song (song_name,artist_id,duration) VALUES ("Thirteenth Floor Opening - 2008 Remaster",20,"00:02:30");
INSERT INTO AlbumSong (album_id,song_id,format_id) VALUES(230,3239,1);
INSERT INTO AlbumSong (album_id,song_id,format_id) VALUES(230,3239,2);
INSERT INTO Song (song_name,artist_id,duration) VALUES ("Youth Body Expression Explosion - 2008 Remaster",20,"00:01:59");
INSERT INTO AlbumSong (album_id,song_id,format_id) VALUES(230,3240,1);
INSERT INTO AlbumSong (album_id,song_id,format_id) VALUES(230,3240,2);
INSERT INTO Song (song_name,artist_id,duration) VALUES ("I'm Spun - 2008 Remaster",20,"00:04:04");
INSERT INTO AlbumSong (album_id,song_id,format_id) VALUES(230,3241,1);
INSERT INTO AlbumSong (album_id,song_id,format_id) VALUES(230,3241,2);
INSERT INTO Song (song_name,artist_id,duration) VALUES ("Untitled 3 - 2008 Remaster",20,"00:00:39");
INSERT INTO AlbumSong (album_id,song_id,format_id) VALUES(230,3242,1);
INSERT INTO AlbumSong (album_id,song_id,format_id) VALUES(230,3242,2);
INSERT INTO Song (song_name,artist_id,duration) VALUES ("Take Me There - 2008 Remaster",20,"00:03:32");
INSERT INTO AlbumSong (album_id,song_id,format_id) VALUES(230,3243,1);
INSERT INTO AlbumSong (album_id,song_id,format_id) VALUES(230,3243,2);
INSERT INTO Song (song_name,artist_id,duration) VALUES ("Living Wreck - 2008 Remaster",20,"00:03:30");
INSERT INTO AlbumSong (album_id,song_id,format_id) VALUES(230,3244,1);
INSERT INTO AlbumSong (album_id,song_id,format_id) VALUES(230,3244,2);
INSERT INTO Song (song_name,artist_id,duration) VALUES ("Let Me Let You Down - 2008 Remaster",20,"00:03:56");
INSERT INTO AlbumSong (album_id,song_id,format_id) VALUES(230,3245,1);
INSERT INTO AlbumSong (album_id,song_id,format_id) VALUES(230,3245,2);
INSERT INTO Song (song_name,artist_id,duration) VALUES ("Untitled 4 - 2008 Remaster",20,"00:00:29");
INSERT INTO AlbumSong (album_id,song_id,format_id) VALUES(230,3246,1);
INSERT INTO AlbumSong (album_id,song_id,format_id) VALUES(230,3246,2);
INSERT INTO Song (song_name,artist_id,duration) VALUES ("Ritzville - 2008 Remaster",20,"00:02:37");
INSERT INTO AlbumSong (album_id,song_id,format_id) VALUES(230,3247,1);
INSERT INTO AlbumSong (album_id,song_id,format_id) VALUES(230,3247,2);
INSERT INTO Song (song_name,artist_id,duration) VALUES ("Acetone - 2008 Remaster",20,"00:04:14");
INSERT INTO AlbumSong (album_id,song_id,format_id) VALUES(230,3248,1);
INSERT INTO AlbumSong (album_id,song_id,format_id) VALUES(230,3248,2);
INSERT INTO Song (song_name,artist_id,duration) VALUES ("Over the Top - 2008 Remaster",20,"00:02:35");
INSERT INTO AlbumSong (album_id,song_id,format_id) VALUES(230,3249,1);
INSERT INTO AlbumSong (album_id,song_id,format_id) VALUES(230,3249,2);
INSERT INTO Song (song_name,artist_id,duration) VALUES ("King Sandbox - 2008 Remaster",20,"00:02:43");
INSERT INTO AlbumSong (album_id,song_id,format_id) VALUES(230,3250,1);
INSERT INTO AlbumSong (album_id,song_id,format_id) VALUES(230,3250,2);
INSERT INTO Song (song_name,artist_id,duration) VALUES ("Baby Oh Baby - 2008 Remaster",20,"00:03:44");
INSERT INTO AlbumSong (album_id,song_id,format_id) VALUES(230,3251,1);
INSERT INTO AlbumSong (album_id,song_id,format_id) VALUES(230,3251,2);
INSERT INTO Song (song_name,artist_id,duration) VALUES ("In the Blood - 2008 Remaster",20,"00:03:07");
INSERT INTO AlbumSong (album_id,song_id,format_id) VALUES(230,3252,1);
INSERT INTO AlbumSong (album_id,song_id,format_id) VALUES(230,3252,2);
INSERT INTO Song (song_name,artist_id,duration) VALUES ("No Song III - 2008 Remaster",20,"00:04:11");
INSERT INTO AlbumSong (album_id,song_id,format_id) VALUES(230,3253,1);
INSERT INTO AlbumSong (album_id,song_id,format_id) VALUES(230,3253,2);
INSERT INTO Song (song_name,artist_id,duration) VALUES ("Between Me & You Kid - 2008 Remaster",20,"00:03:37");
INSERT INTO AlbumSong (album_id,song_id,format_id) VALUES(230,3254,1);
INSERT INTO AlbumSong (album_id,song_id,format_id) VALUES(230,3254,2);
INSERT INTO Song (song_name,artist_id,duration) VALUES ("Six Two One - 2008 Remaster",20,"00:02:34");
INSERT INTO AlbumSong (album_id,song_id,format_id) VALUES(230,3255,1);
INSERT INTO AlbumSong (album_id,song_id,format_id) VALUES(230,3255,2);
INSERT INTO Song (song_name,artist_id,duration) VALUES ("Make It Now Again - 2008 Remaster",20,"00:04:34");
INSERT INTO AlbumSong (album_id,song_id,format_id) VALUES(230,3256,1);
INSERT INTO AlbumSong (album_id,song_id,format_id) VALUES(230,3256,2);
INSERT INTO Song (song_name,artist_id,duration) VALUES ("Deception Pass - 2008 Remaster",20,"00:02:53");
INSERT INTO AlbumSong (album_id,song_id,format_id) VALUES(230,3257,1);
INSERT INTO AlbumSong (album_id,song_id,format_id) VALUES(230,3257,2);
INSERT INTO Song (song_name,artist_id,duration) VALUES ("Underide - 2008 Remaster",20,"00:02:07");
INSERT INTO AlbumSong (album_id,song_id,format_id) VALUES(230,3258,1);
INSERT INTO AlbumSong (album_id,song_id,format_id) VALUES(230,3258,2);
INSERT INTO Album(album_id,album_name,artist_id,art_id,release_date) VALUES (230,"Piece Of Cake [Expanded]",20,230,"1992-01-01");
INSERT INTO AlbumArt(path) VALUES ("/var/www/album_art/mudhoney_piece_of_cake.jpg");
INSERT INTO Song (song_name,artist_id,duration) VALUES ("Untitled 1 - 2008 Remaster",20,"00:00:39");
INSERT INTO AlbumSong (album_id,song_id,format_id) VALUES(231,3259,1);
INSERT INTO AlbumSong (album_id,song_id,format_id) VALUES(231,3259,2);
INSERT INTO AlbumSong (album_id,song_id,format_id) VALUES(231,3233,1);
INSERT INTO AlbumSong (album_id,song_id,format_id) VALUES(231,3233,2);
INSERT INTO AlbumSong (album_id,song_id,format_id) VALUES(231,3234,1);
INSERT INTO AlbumSong (album_id,song_id,format_id) VALUES(231,3234,2);
INSERT INTO AlbumSong (album_id,song_id,format_id) VALUES(231,3235,1);
INSERT INTO AlbumSong (album_id,song_id,format_id) VALUES(231,3235,2);
INSERT INTO AlbumSong (album_id,song_id,format_id) VALUES(231,3236,1);
INSERT INTO AlbumSong (album_id,song_id,format_id) VALUES(231,3236,2);
INSERT INTO AlbumSong (album_id,song_id,format_id) VALUES(231,3237,1);
INSERT INTO AlbumSong (album_id,song_id,format_id) VALUES(231,3237,2);
INSERT INTO AlbumSong (album_id,song_id,format_id) VALUES(231,3238,1);
INSERT INTO AlbumSong (album_id,song_id,format_id) VALUES(231,3238,2);
INSERT INTO AlbumSong (album_id,song_id,format_id) VALUES(231,3239,1);
INSERT INTO AlbumSong (album_id,song_id,format_id) VALUES(231,3239,2);
INSERT INTO Song (song_name,artist_id,duration) VALUES ("Youth Body Expression Explosion - 2008 Remaster",20,"00:01:58");
INSERT INTO AlbumSong (album_id,song_id,format_id) VALUES(231,3260,1);
INSERT INTO AlbumSong (album_id,song_id,format_id) VALUES(231,3260,2);
INSERT INTO AlbumSong (album_id,song_id,format_id) VALUES(231,3241,1);
INSERT INTO AlbumSong (album_id,song_id,format_id) VALUES(231,3241,2);
INSERT INTO AlbumSong (album_id,song_id,format_id) VALUES(231,3242,1);
INSERT INTO AlbumSong (album_id,song_id,format_id) VALUES(231,3242,2);
INSERT INTO AlbumSong (album_id,song_id,format_id) VALUES(231,3243,1);
INSERT INTO AlbumSong (album_id,song_id,format_id) VALUES(231,3243,2);
INSERT INTO AlbumSong (album_id,song_id,format_id) VALUES(231,3244,1);
INSERT INTO AlbumSong (album_id,song_id,format_id) VALUES(231,3244,2);
INSERT INTO AlbumSong (album_id,song_id,format_id) VALUES(231,3245,1);
INSERT INTO AlbumSong (album_id,song_id,format_id) VALUES(231,3245,2);
INSERT INTO Song (song_name,artist_id,duration) VALUES ("Untitled 4 - 2008 Remaster",20,"00:00:28");
INSERT INTO AlbumSong (album_id,song_id,format_id) VALUES(231,3261,1);
INSERT INTO AlbumSong (album_id,song_id,format_id) VALUES(231,3261,2);
INSERT INTO Song (song_name,artist_id,duration) VALUES ("Ritzville - 2008 Remaster",20,"00:02:38");
INSERT INTO AlbumSong (album_id,song_id,format_id) VALUES(231,3262,1);
INSERT INTO AlbumSong (album_id,song_id,format_id) VALUES(231,3262,2);
INSERT INTO AlbumSong (album_id,song_id,format_id) VALUES(231,3248,1);
INSERT INTO AlbumSong (album_id,song_id,format_id) VALUES(231,3248,2);
INSERT INTO Album(album_id,album_name,artist_id,art_id,release_date) VALUES (231,"Piece Of Cake",20,231,"1992-01-01");
INSERT INTO AlbumArt(path) VALUES ("/var/www/album_art/mudhoney_every_good_boy_deserves_fudge.jpg");
INSERT INTO Song (song_name,artist_id,duration) VALUES ("Generation Genocide",20,"00:01:13");
INSERT INTO AlbumSong (album_id,song_id,format_id) VALUES(232,3263,1);
INSERT INTO AlbumSong (album_id,song_id,format_id) VALUES(232,3263,2);
INSERT INTO Song (song_name,artist_id,duration) VALUES ("Let It Slide",20,"00:02:35");
INSERT INTO AlbumSong (album_id,song_id,format_id) VALUES(232,3264,1);
INSERT INTO AlbumSong (album_id,song_id,format_id) VALUES(232,3264,2);
INSERT INTO Song (song_name,artist_id,duration) VALUES ("Good Enough",20,"00:03:25");
INSERT INTO AlbumSong (album_id,song_id,format_id) VALUES(232,3265,1);
INSERT INTO AlbumSong (album_id,song_id,format_id) VALUES(232,3265,2);
INSERT INTO Song (song_name,artist_id,duration) VALUES ("Something So Clear",20,"00:04:14");
INSERT INTO AlbumSong (album_id,song_id,format_id) VALUES(232,3266,1);
INSERT INTO AlbumSong (album_id,song_id,format_id) VALUES(232,3266,2);
INSERT INTO Song (song_name,artist_id,duration) VALUES ("Thorn",20,"00:02:10");
INSERT INTO AlbumSong (album_id,song_id,format_id) VALUES(232,3267,1);
INSERT INTO AlbumSong (album_id,song_id,format_id) VALUES(232,3267,2);
INSERT INTO Song (song_name,artist_id,duration) VALUES ("Into The Drink",20,"00:02:08");
INSERT INTO AlbumSong (album_id,song_id,format_id) VALUES(232,3268,1);
INSERT INTO AlbumSong (album_id,song_id,format_id) VALUES(232,3268,2);
INSERT INTO Song (song_name,artist_id,duration) VALUES ("Broken Hands",20,"00:06:02");
INSERT INTO AlbumSong (album_id,song_id,format_id) VALUES(232,3269,1);
INSERT INTO AlbumSong (album_id,song_id,format_id) VALUES(232,3269,2);
INSERT INTO Song (song_name,artist_id,duration) VALUES ("Who You Drivin' Now?",20,"00:02:21");
INSERT INTO AlbumSong (album_id,song_id,format_id) VALUES(232,3270,1);
INSERT INTO AlbumSong (album_id,song_id,format_id) VALUES(232,3270,2);
INSERT INTO Song (song_name,artist_id,duration) VALUES ("Move Out",20,"00:03:32");
INSERT INTO AlbumSong (album_id,song_id,format_id) VALUES(232,3271,1);
INSERT INTO AlbumSong (album_id,song_id,format_id) VALUES(232,3271,2);
INSERT INTO Song (song_name,artist_id,duration) VALUES ("Shoot The Moon",20,"00:02:27");
INSERT INTO AlbumSong (album_id,song_id,format_id) VALUES(232,3272,1);
INSERT INTO AlbumSong (album_id,song_id,format_id) VALUES(232,3272,2);
INSERT INTO Song (song_name,artist_id,duration) VALUES ("Fuzz Gun '91",20,"00:01:52");
INSERT INTO AlbumSong (album_id,song_id,format_id) VALUES(232,3273,1);
INSERT INTO AlbumSong (album_id,song_id,format_id) VALUES(232,3273,2);
INSERT INTO Song (song_name,artist_id,duration) VALUES ("Pokin' Around",20,"00:03:30");
INSERT INTO AlbumSong (album_id,song_id,format_id) VALUES(232,3274,1);
INSERT INTO AlbumSong (album_id,song_id,format_id) VALUES(232,3274,2);
INSERT INTO Song (song_name,artist_id,duration) VALUES ("Don't Fade IV",20,"00:03:58");
INSERT INTO AlbumSong (album_id,song_id,format_id) VALUES(232,3275,1);
INSERT INTO AlbumSong (album_id,song_id,format_id) VALUES(232,3275,2);
INSERT INTO Song (song_name,artist_id,duration) VALUES ("Check-Out Time",20,"00:03:07");
INSERT INTO AlbumSong (album_id,song_id,format_id) VALUES(232,3276,1);
INSERT INTO AlbumSong (album_id,song_id,format_id) VALUES(232,3276,2);
INSERT INTO Album(album_id,album_name,artist_id,art_id,release_date) VALUES (232,"Every Good Boy Deserves Fudge",20,232,"1991-08-06");
INSERT INTO AlbumArt(path) VALUES ("/var/www/album_art/mudhoney_every_good_boy_deserves_fudge_(30th_anniversary_deluxe_edition).jpg");
INSERT INTO Song (song_name,artist_id,duration) VALUES ("Generation Genocide - Remastered",20,"00:01:13");
INSERT INTO AlbumSong (album_id,song_id,format_id) VALUES(233,3277,1);
INSERT INTO AlbumSong (album_id,song_id,format_id) VALUES(233,3277,2);
INSERT INTO Song (song_name,artist_id,duration) VALUES ("Let It Slide - Remastered",20,"00:02:35");
INSERT INTO AlbumSong (album_id,song_id,format_id) VALUES(233,3278,1);
INSERT INTO AlbumSong (album_id,song_id,format_id) VALUES(233,3278,2);
INSERT INTO Song (song_name,artist_id,duration) VALUES ("Good Enough - Remastered",20,"00:03:26");
INSERT INTO AlbumSong (album_id,song_id,format_id) VALUES(233,3279,1);
INSERT INTO AlbumSong (album_id,song_id,format_id) VALUES(233,3279,2);
INSERT INTO Song (song_name,artist_id,duration) VALUES ("Something So Clear - Remastered",20,"00:04:13");
INSERT INTO AlbumSong (album_id,song_id,format_id) VALUES(233,3280,1);
INSERT INTO AlbumSong (album_id,song_id,format_id) VALUES(233,3280,2);
INSERT INTO Song (song_name,artist_id,duration) VALUES ("Thorn - Remastered",20,"00:02:10");
INSERT INTO AlbumSong (album_id,song_id,format_id) VALUES(233,3281,1);
INSERT INTO AlbumSong (album_id,song_id,format_id) VALUES(233,3281,2);
INSERT INTO Song (song_name,artist_id,duration) VALUES ("Into the Drink - Remastered",20,"00:02:08");
INSERT INTO AlbumSong (album_id,song_id,format_id) VALUES(233,3282,1);
INSERT INTO AlbumSong (album_id,song_id,format_id) VALUES(233,3282,2);
INSERT INTO Song (song_name,artist_id,duration) VALUES ("Broken Hands - Remastered",20,"00:06:02");
INSERT INTO AlbumSong (album_id,song_id,format_id) VALUES(233,3283,1);
INSERT INTO AlbumSong (album_id,song_id,format_id) VALUES(233,3283,2);
INSERT INTO Song (song_name,artist_id,duration) VALUES ("Who You Drivin' Now? - Remastered",20,"00:02:21");
INSERT INTO AlbumSong (album_id,song_id,format_id) VALUES(233,3284,1);
INSERT INTO AlbumSong (album_id,song_id,format_id) VALUES(233,3284,2);
INSERT INTO Song (song_name,artist_id,duration) VALUES ("Move Out - Remastered",20,"00:03:32");
INSERT INTO AlbumSong (album_id,song_id,format_id) VALUES(233,3285,1);
INSERT INTO AlbumSong (album_id,song_id,format_id) VALUES(233,3285,2);
INSERT INTO Song (song_name,artist_id,duration) VALUES ("Shoot the Moon - Remastered",20,"00:02:27");
INSERT INTO AlbumSong (album_id,song_id,format_id) VALUES(233,3286,1);
INSERT INTO AlbumSong (album_id,song_id,format_id) VALUES(233,3286,2);
INSERT INTO Song (song_name,artist_id,duration) VALUES ("Fuzzgun '91 - Remastered",20,"00:01:52");
INSERT INTO AlbumSong (album_id,song_id,format_id) VALUES(233,3287,1);
INSERT INTO AlbumSong (album_id,song_id,format_id) VALUES(233,3287,2);
INSERT INTO Song (song_name,artist_id,duration) VALUES ("Pokin' Around - Remastered",20,"00:03:30");
INSERT INTO AlbumSong (album_id,song_id,format_id) VALUES(233,3288,1);
INSERT INTO AlbumSong (album_id,song_id,format_id) VALUES(233,3288,2);
INSERT INTO Song (song_name,artist_id,duration) VALUES ("Don't Fade IV - Remastered",20,"00:03:58");
INSERT INTO AlbumSong (album_id,song_id,format_id) VALUES(233,3289,1);
INSERT INTO AlbumSong (album_id,song_id,format_id) VALUES(233,3289,2);
INSERT INTO Song (song_name,artist_id,duration) VALUES ("Check-Out Time - Remastered",20,"00:03:07");
INSERT INTO AlbumSong (album_id,song_id,format_id) VALUES(233,3290,1);
INSERT INTO AlbumSong (album_id,song_id,format_id) VALUES(233,3290,2);
INSERT INTO Song (song_name,artist_id,duration) VALUES ("March to Fuzz - Remastered",20,"00:02:20");
INSERT INTO AlbumSong (album_id,song_id,format_id) VALUES(233,3291,1);
INSERT INTO AlbumSong (album_id,song_id,format_id) VALUES(233,3291,2);
INSERT INTO Song (song_name,artist_id,duration) VALUES ("Ounce of Deception - Remastered",20,"00:01:49");
INSERT INTO AlbumSong (album_id,song_id,format_id) VALUES(233,3292,1);
INSERT INTO AlbumSong (album_id,song_id,format_id) VALUES(233,3292,2);
INSERT INTO Song (song_name,artist_id,duration) VALUES ("Paperback Life (alternate version) - Remastered",20,"00:01:35");
INSERT INTO AlbumSong (album_id,song_id,format_id) VALUES(233,3293,1);
INSERT INTO AlbumSong (album_id,song_id,format_id) VALUES(233,3293,2);
INSERT INTO Song (song_name,artist_id,duration) VALUES ("Fuzzbuster - Remastered",20,"00:01:55");
INSERT INTO AlbumSong (album_id,song_id,format_id) VALUES(233,3294,1);
INSERT INTO AlbumSong (album_id,song_id,format_id) VALUES(233,3294,2);
INSERT INTO Song (song_name,artist_id,duration) VALUES ("Bushpusher Man - Remastered",20,"00:02:24");
INSERT INTO AlbumSong (album_id,song_id,format_id) VALUES(233,3295,1);
INSERT INTO AlbumSong (album_id,song_id,format_id) VALUES(233,3295,2);
INSERT INTO Song (song_name,artist_id,duration) VALUES ("Flowers for Industry - Remastered",20,"00:03:21");
INSERT INTO AlbumSong (album_id,song_id,format_id) VALUES(233,3296,1);
INSERT INTO AlbumSong (album_id,song_id,format_id) VALUES(233,3296,2);
INSERT INTO Song (song_name,artist_id,duration) VALUES ("Thorn (1st attempt) - Remastered",20,"00:01:48");
INSERT INTO AlbumSong (album_id,song_id,format_id) VALUES(233,3297,1);
INSERT INTO AlbumSong (album_id,song_id,format_id) VALUES(233,3297,2);
INSERT INTO Song (song_name,artist_id,duration) VALUES ("Overblown - Remastered",20,"00:02:58");
INSERT INTO AlbumSong (album_id,song_id,format_id) VALUES(233,3298,1);
INSERT INTO AlbumSong (album_id,song_id,format_id) VALUES(233,3298,2);
INSERT INTO Song (song_name,artist_id,duration) VALUES ("March From Fuzz - Remastered",20,"00:02:21");
INSERT INTO AlbumSong (album_id,song_id,format_id) VALUES(233,3299,1);
INSERT INTO AlbumSong (album_id,song_id,format_id) VALUES(233,3299,2);
INSERT INTO Song (song_name,artist_id,duration) VALUES ("You're Gone - Remastered",20,"00:04:04");
INSERT INTO AlbumSong (album_id,song_id,format_id) VALUES(233,3300,1);
INSERT INTO AlbumSong (album_id,song_id,format_id) VALUES(233,3300,2);
INSERT INTO Song (song_name,artist_id,duration) VALUES ("Something So Clear (24-track demo) - Remastered",20,"00:04:28");
INSERT INTO AlbumSong (album_id,song_id,format_id) VALUES(233,3301,1);
INSERT INTO AlbumSong (album_id,song_id,format_id) VALUES(233,3301,2);
INSERT INTO Song (song_name,artist_id,duration) VALUES ("Bushpusher Man (24-track demo) - Remastered",20,"00:02:26");
INSERT INTO AlbumSong (album_id,song_id,format_id) VALUES(233,3302,1);
INSERT INTO AlbumSong (album_id,song_id,format_id) VALUES(233,3302,2);
INSERT INTO Song (song_name,artist_id,duration) VALUES ("Pokin' Around (24-track demo) - Remastered",20,"00:04:00");
INSERT INTO AlbumSong (album_id,song_id,format_id) VALUES(233,3303,1);
INSERT INTO AlbumSong (album_id,song_id,format_id) VALUES(233,3303,2);
INSERT INTO Song (song_name,artist_id,duration) VALUES ("Check-Out Time (24-track demo) - Remastered",20,"00:03:20");
INSERT INTO AlbumSong (album_id,song_id,format_id) VALUES(233,3304,1);
INSERT INTO AlbumSong (album_id,song_id,format_id) VALUES(233,3304,2);
INSERT INTO Song (song_name,artist_id,duration) VALUES ("Generation Genocide (24-track demo) - Remastered",20,"00:02:43");
INSERT INTO AlbumSong (album_id,song_id,format_id) VALUES(233,3305,1);
INSERT INTO AlbumSong (album_id,song_id,format_id) VALUES(233,3305,2);
INSERT INTO Album(album_id,album_name,artist_id,art_id,release_date) VALUES (233,"Every Good Boy Deserves Fudge (30th Anniversary Deluxe Edition)",20,233,"1991-07-23");
INSERT INTO AlbumArt(path) VALUES ("/var/www/album_art/mudhoney_mudhoney.jpg");
INSERT INTO Song (song_name,artist_id,duration) VALUES ("This Gift",20,"00:03:34");
INSERT INTO AlbumSong (album_id,song_id,format_id) VALUES(234,3306,1);
INSERT INTO AlbumSong (album_id,song_id,format_id) VALUES(234,3306,2);
INSERT INTO Song (song_name,artist_id,duration) VALUES ("Flat Out Fucked",20,"00:02:15");
INSERT INTO AlbumSong (album_id,song_id,format_id) VALUES(234,3307,1);
INSERT INTO AlbumSong (album_id,song_id,format_id) VALUES(234,3307,2);
INSERT INTO Song (song_name,artist_id,duration) VALUES ("Get Into Yours",20,"00:03:50");
INSERT INTO AlbumSong (album_id,song_id,format_id) VALUES(234,3308,1);
INSERT INTO AlbumSong (album_id,song_id,format_id) VALUES(234,3308,2);
INSERT INTO Song (song_name,artist_id,duration) VALUES ("You Got It",20,"00:02:50");
INSERT INTO AlbumSong (album_id,song_id,format_id) VALUES(234,3309,1);
INSERT INTO AlbumSong (album_id,song_id,format_id) VALUES(234,3309,2);
INSERT INTO Song (song_name,artist_id,duration) VALUES ("Magnolia Caboose Babyshit",20,"00:01:07");
INSERT INTO AlbumSong (album_id,song_id,format_id) VALUES(234,3310,1);
INSERT INTO AlbumSong (album_id,song_id,format_id) VALUES(234,3310,2);
INSERT INTO Song (song_name,artist_id,duration) VALUES ("Come To Mind",20,"00:04:52");
INSERT INTO AlbumSong (album_id,song_id,format_id) VALUES(234,3311,1);
INSERT INTO AlbumSong (album_id,song_id,format_id) VALUES(234,3311,2);
INSERT INTO Song (song_name,artist_id,duration) VALUES ("Here Comes Sickness",20,"00:03:41");
INSERT INTO AlbumSong (album_id,song_id,format_id) VALUES(234,3312,1);
INSERT INTO AlbumSong (album_id,song_id,format_id) VALUES(234,3312,2);
INSERT INTO Song (song_name,artist_id,duration) VALUES ("Running Loaded",20,"00:02:50");
INSERT INTO AlbumSong (album_id,song_id,format_id) VALUES(234,3313,1);
INSERT INTO AlbumSong (album_id,song_id,format_id) VALUES(234,3313,2);
INSERT INTO Song (song_name,artist_id,duration) VALUES ("The Farther I Go",20,"00:02:07");
INSERT INTO AlbumSong (album_id,song_id,format_id) VALUES(234,3314,1);
INSERT INTO AlbumSong (album_id,song_id,format_id) VALUES(234,3314,2);
INSERT INTO Song (song_name,artist_id,duration) VALUES ("By Her Own Hand",20,"00:03:16");
INSERT INTO AlbumSong (album_id,song_id,format_id) VALUES(234,3315,1);
INSERT INTO AlbumSong (album_id,song_id,format_id) VALUES(234,3315,2);
INSERT INTO Song (song_name,artist_id,duration) VALUES ("When Tomorrow Hits",20,"00:02:39");
INSERT INTO AlbumSong (album_id,song_id,format_id) VALUES(234,3316,1);
INSERT INTO AlbumSong (album_id,song_id,format_id) VALUES(234,3316,2);
INSERT INTO Song (song_name,artist_id,duration) VALUES ("Dead Love",20,"00:04:27");
INSERT INTO AlbumSong (album_id,song_id,format_id) VALUES(234,3317,1);
INSERT INTO AlbumSong (album_id,song_id,format_id) VALUES(234,3317,2);
INSERT INTO Album(album_id,album_name,artist_id,art_id,release_date) VALUES (234,"Mudhoney",20,234,"1989-11-01");
INSERT INTO AlbumArt(path) VALUES ("/var/www/album_art/mudhoney_superfuzz_bigmuff_(deluxe_edition).jpg");
INSERT INTO Song (song_name,artist_id,duration) VALUES ("Touch Me I'm Sick",20,"00:02:32");
INSERT INTO AlbumSong (album_id,song_id,format_id) VALUES(235,3318,1);
INSERT INTO AlbumSong (album_id,song_id,format_id) VALUES(235,3318,2);
INSERT INTO Song (song_name,artist_id,duration) VALUES ("Sweet Young Thing Ain't Sweet No More",20,"00:03:46");
INSERT INTO AlbumSong (album_id,song_id,format_id) VALUES(235,3319,1);
INSERT INTO AlbumSong (album_id,song_id,format_id) VALUES(235,3319,2);
INSERT INTO Song (song_name,artist_id,duration) VALUES ("Twenty Four",20,"00:02:45");
INSERT INTO AlbumSong (album_id,song_id,format_id) VALUES(235,3320,1);
INSERT INTO AlbumSong (album_id,song_id,format_id) VALUES(235,3320,2);
INSERT INTO Song (song_name,artist_id,duration) VALUES ("Need",20,"00:03:00");
INSERT INTO AlbumSong (album_id,song_id,format_id) VALUES(235,3321,1);
INSERT INTO AlbumSong (album_id,song_id,format_id) VALUES(235,3321,2);
INSERT INTO Song (song_name,artist_id,duration) VALUES ("Chain That Door",20,"00:01:51");
INSERT INTO AlbumSong (album_id,song_id,format_id) VALUES(235,3322,1);
INSERT INTO AlbumSong (album_id,song_id,format_id) VALUES(235,3322,2);
INSERT INTO Song (song_name,artist_id,duration) VALUES ("Mudride",20,"00:05:44");
INSERT INTO AlbumSong (album_id,song_id,format_id) VALUES(235,3323,1);
INSERT INTO AlbumSong (album_id,song_id,format_id) VALUES(235,3323,2);
INSERT INTO Song (song_name,artist_id,duration) VALUES ("No One Has",20,"00:03:26");
INSERT INTO AlbumSong (album_id,song_id,format_id) VALUES(235,3324,1);
INSERT INTO AlbumSong (album_id,song_id,format_id) VALUES(235,3324,2);
INSERT INTO Song (song_name,artist_id,duration) VALUES ("If I Think",20,"00:03:37");
INSERT INTO AlbumSong (album_id,song_id,format_id) VALUES(235,3325,1);
INSERT INTO AlbumSong (album_id,song_id,format_id) VALUES(235,3325,2);
INSERT INTO Song (song_name,artist_id,duration) VALUES ("In 'n' Out of Grace",20,"00:05:31");
INSERT INTO AlbumSong (album_id,song_id,format_id) VALUES(235,3326,1);
INSERT INTO AlbumSong (album_id,song_id,format_id) VALUES(235,3326,2);
INSERT INTO Song (song_name,artist_id,duration) VALUES ("The Rose",20,"00:04:03");
INSERT INTO AlbumSong (album_id,song_id,format_id) VALUES(235,3327,1);
INSERT INTO AlbumSong (album_id,song_id,format_id) VALUES(235,3327,2);
INSERT INTO Song (song_name,artist_id,duration) VALUES ("Hate the Police",20,"00:02:08");
INSERT INTO AlbumSong (album_id,song_id,format_id) VALUES(235,3328,1);
INSERT INTO AlbumSong (album_id,song_id,format_id) VALUES(235,3328,2);
INSERT INTO Song (song_name,artist_id,duration) VALUES ("You Got It (Keep It Outta My Face)",20,"00:02:54");
INSERT INTO AlbumSong (album_id,song_id,format_id) VALUES(235,3329,1);
INSERT INTO AlbumSong (album_id,song_id,format_id) VALUES(235,3329,2);
INSERT INTO Song (song_name,artist_id,duration) VALUES ("Burn It Clean",20,"00:02:57");
INSERT INTO AlbumSong (album_id,song_id,format_id) VALUES(235,3330,1);
INSERT INTO AlbumSong (album_id,song_id,format_id) VALUES(235,3330,2);
INSERT INTO Song (song_name,artist_id,duration) VALUES ("Halloween",20,"00:06:11");
INSERT INTO AlbumSong (album_id,song_id,format_id) VALUES(235,3331,1);
INSERT INTO AlbumSong (album_id,song_id,format_id) VALUES(235,3331,2);
INSERT INTO Song (song_name,artist_id,duration) VALUES ("Need - Demo",20,"00:03:23");
INSERT INTO AlbumSong (album_id,song_id,format_id) VALUES(235,3332,1);
INSERT INTO AlbumSong (album_id,song_id,format_id) VALUES(235,3332,2);
INSERT INTO Song (song_name,artist_id,duration) VALUES ("Mudride - Demo",20,"00:06:03");
INSERT INTO AlbumSong (album_id,song_id,format_id) VALUES(235,3333,1);
INSERT INTO AlbumSong (album_id,song_id,format_id) VALUES(235,3333,2);
INSERT INTO Song (song_name,artist_id,duration) VALUES ("In 'n' Out of Grace - Demo",20,"00:04:52");
INSERT INTO AlbumSong (album_id,song_id,format_id) VALUES(235,3334,1);
INSERT INTO AlbumSong (album_id,song_id,format_id) VALUES(235,3334,2);
INSERT INTO Song (song_name,artist_id,duration) VALUES ("No One Has - Live in Berlin 10/10/88",20,"00:03:58");
INSERT INTO AlbumSong (album_id,song_id,format_id) VALUES(235,3335,1);
INSERT INTO AlbumSong (album_id,song_id,format_id) VALUES(235,3335,2);
INSERT INTO Song (song_name,artist_id,duration) VALUES ("Sweet Young Thing Ain't Sweet No More - Live in Berlin 10/10/88",20,"00:03:45");
INSERT INTO AlbumSong (album_id,song_id,format_id) VALUES(235,3336,1);
INSERT INTO AlbumSong (album_id,song_id,format_id) VALUES(235,3336,2);
INSERT INTO Song (song_name,artist_id,duration) VALUES ("Need - Live in Berlin 10/10/88",20,"00:02:47");
INSERT INTO AlbumSong (album_id,song_id,format_id) VALUES(235,3337,1);
INSERT INTO AlbumSong (album_id,song_id,format_id) VALUES(235,3337,2);
INSERT INTO Song (song_name,artist_id,duration) VALUES ("Chain That Door - Live in Berlin 10/10/88",20,"00:01:59");
INSERT INTO AlbumSong (album_id,song_id,format_id) VALUES(235,3338,1);
INSERT INTO AlbumSong (album_id,song_id,format_id) VALUES(235,3338,2);
INSERT INTO Song (song_name,artist_id,duration) VALUES ("If I Think - Live in Berlin 10/10/88",20,"00:03:18");
INSERT INTO AlbumSong (album_id,song_id,format_id) VALUES(235,3339,1);
INSERT INTO AlbumSong (album_id,song_id,format_id) VALUES(235,3339,2);
INSERT INTO Song (song_name,artist_id,duration) VALUES ("Mudride - Live in Berlin 10/10/88",20,"00:06:19");
INSERT INTO AlbumSong (album_id,song_id,format_id) VALUES(235,3340,1);
INSERT INTO AlbumSong (album_id,song_id,format_id) VALUES(235,3340,2);
INSERT INTO Song (song_name,artist_id,duration) VALUES ("Here Comes Sickness - Live in Berlin 10/10/88",20,"00:04:11");
INSERT INTO AlbumSong (album_id,song_id,format_id) VALUES(235,3341,1);
INSERT INTO AlbumSong (album_id,song_id,format_id) VALUES(235,3341,2);
INSERT INTO Song (song_name,artist_id,duration) VALUES ("Touch Me I'm Sick - Live in Berlin 10/10/88",20,"00:02:51");
INSERT INTO AlbumSong (album_id,song_id,format_id) VALUES(235,3342,1);
INSERT INTO AlbumSong (album_id,song_id,format_id) VALUES(235,3342,2);
INSERT INTO Song (song_name,artist_id,duration) VALUES ("In 'n' Out of Grace - Live in Berlin 10/10/88",20,"00:06:55");
INSERT INTO AlbumSong (album_id,song_id,format_id) VALUES(235,3343,1);
INSERT INTO AlbumSong (album_id,song_id,format_id) VALUES(235,3343,2);
INSERT INTO Song (song_name,artist_id,duration) VALUES ("Mudride - Live At KCSB 11/16/88",20,"00:05:34");
INSERT INTO AlbumSong (album_id,song_id,format_id) VALUES(235,3344,1);
INSERT INTO AlbumSong (album_id,song_id,format_id) VALUES(235,3344,2);
INSERT INTO Song (song_name,artist_id,duration) VALUES ("Here Comes Sickness - Live At KCSB 11/16/88",20,"00:04:10");
INSERT INTO AlbumSong (album_id,song_id,format_id) VALUES(235,3345,1);
INSERT INTO AlbumSong (album_id,song_id,format_id) VALUES(235,3345,2);
INSERT INTO Song (song_name,artist_id,duration) VALUES ("No One Has - Live At KCSB 11/16/88",20,"00:03:31");
INSERT INTO AlbumSong (album_id,song_id,format_id) VALUES(235,3346,1);
INSERT INTO AlbumSong (album_id,song_id,format_id) VALUES(235,3346,2);
INSERT INTO Song (song_name,artist_id,duration) VALUES ("By Her Own Hand - Live At KCSB 11/16/88",20,"00:03:31");
INSERT INTO AlbumSong (album_id,song_id,format_id) VALUES(235,3347,1);
INSERT INTO AlbumSong (album_id,song_id,format_id) VALUES(235,3347,2);
INSERT INTO Song (song_name,artist_id,duration) VALUES ("Touch Me I'm Sick - Live At KCSB 11/16/88",20,"00:03:13");
INSERT INTO AlbumSong (album_id,song_id,format_id) VALUES(235,3348,1);
INSERT INTO AlbumSong (album_id,song_id,format_id) VALUES(235,3348,2);
INSERT INTO Song (song_name,artist_id,duration) VALUES ("Dead Love - Live At KCSB 11/16/88",20,"00:14:18");
INSERT INTO AlbumSong (album_id,song_id,format_id) VALUES(235,3349,1);
INSERT INTO AlbumSong (album_id,song_id,format_id) VALUES(235,3349,2);
INSERT INTO Album(album_id,album_name,artist_id,art_id,release_date) VALUES (235,"Superfuzz Bigmuff (Deluxe Edition)",20,235,"1988-10-01");
